Workbook
Name constNomeCampionato: Campionato!$D$2
Name constGironi: Campionato!$D$5
Name constNomiGironi: Campionato!$D$11
Name constLogo1: Campionato!$D$3
Name constLogo2: Campionato!$D$4
Name constSezioneCampionato: Campionato!$D$5
Name constStagionaCampionato: Campionato!$D$6
Name constPuntiVittoria: Campionato!$D$7
Name constPuntiSconfitta: Campionato!$D$8
Name constPuntiForfait: Campionato!$D$9
Name constPunteggioForfait: Campionato!$D$10
Name areaNomiSquadre: Campionato!$B$14:$C$93
Name areaNomiBreviSquadre: Campionato!$B$14:$H$93
Name areaCoefficienteSquadre: Campionato!$I$14:$I$93
Name areaCercaPuntiClassificaSquadra: Campionato!$H$14:$J$93
Name areaCercaDatiPerPosizioneSquadre: Campionato!$G$14:$W$93
Name areaCampiSquadre: Campionato!$B$97:$D$185
Name ARBITRI: Arbitri!$D$5:$D$304
Name UDC: UdC!$D$5:$D$304
Name areaSquadraACalendario: 'Calendario A'!$M$8:$M$615
Name areaVintaACalendario: 'Calendario A'!$N$8:$N$615
Name areaForfaitACalendario: 'Calendario A'!$O$8:$O$615
Name areaPersaACalendario: 'Calendario A'!$P$8:$P$615
Name areaPuntiFattiACalendario: 'Calendario A'!$Q$8:$Q$615
Name areaPuntiSubitiACalendario: 'Calendario A'!$R$8:$R$615
Name areaDifferenzaPuntiACalendario: 'Calendario A'!$S$8:$S$615
Name areaSquadraBCalendario: 'Calendario A'!$T$8:$T$615
Name areaVintaBCalendario: 'Calendario A'!$U$8:$U$615
Name areaForfaitBCalendario: 'Calendario A'!$V$8:$V$615
Name areaPersaBCalendario: 'Calendario A'!$W$8:$W$615
Name areaPuntiFattiBCalendario: 'Calendario A'!$X$8:$X$615
Name areaPuntiSubitiBCalendario: 'Calendario A'!$Y$8:$Y$615
Name areaDifferenzaPuntiBCalendario: 'Calendario A'!$Z$8:$Z$615
Name areaSquadraACalendario: 'Calendario B'!$M$8:$M$615
Name areaVintaACalendario: 'Calendario B'!$N$8:$N$615
Name areaForfaitACalendario: 'Calendario B'!$O$8:$O$615
Name areaPersaACalendario: 'Calendario B'!$P$8:$P$615
Name areaPuntiFattiACalendario: 'Calendario B'!$Q$8:$Q$615
Name areaPuntiSubitiACalendario: 'Calendario B'!$R$8:$R$615
Name areaDifferenzaPuntiACalendario: 'Calendario B'!$S$8:$S$615
Name areaSquadraBCalendario: 'Calendario B'!$T$8:$T$615
Name areaVintaBCalendario: 'Calendario B'!$U$8:$U$615
Name areaForfaitBCalendario: 'Calendario B'!$V$8:$V$615
Name areaPersaBCalendario: 'Calendario B'!$W$8:$W$615
Name areaPuntiFattiBCalendario: 'Calendario B'!$X$8:$X$615
Name areaPuntiSubitiBCalendario: 'Calendario B'!$Y$8:$Y$615
Name areaDifferenzaPuntiBCalendario: 'Calendario B'!$Z$8:$Z$615
Name areaSquadraACalendario: 'Calendario C'!$M$8:$M$615
Name areaVintaACalendario: 'Calendario C'!$N$8:$N$615
Name areaForfaitACalendario: 'Calendario C'!$O$8:$O$615
Name areaPersaACalendario: 'Calendario C'!$P$8:$P$615
Name areaPuntiFattiACalendario: 'Calendario C'!$Q$8:$Q$615
Name areaPuntiSubitiACalendario: 'Calendario C'!$R$8:$R$615
Name areaDifferenzaPuntiACalendario: 'Calendario C'!$S$8:$S$615
Name areaSquadraBCalendario: 'Calendario C'!$T$8:$T$615
Name areaVintaBCalendario: 'Calendario C'!$U$8:$U$615
Name areaForfaitBCalendario: 'Calendario C'!$V$8:$V$615
Name areaPersaBCalendario: 'Calendario C'!$W$8:$W$615
Name areaPuntiFattiBCalendario: 'Calendario C'!$X$8:$X$615
Name areaPuntiSubitiBCalendario: 'Calendario C'!$Y$8:$Y$615

Sheet Campionato
B1: PARAMETRI
B2: Campionato | D2: Campionato Baskin Demo - ESEMPIO 80 Squadre
B3: Link Logo 1
B4: Link Logo 2
B5: Gironi (separati da virgola) | D5: A,B,C,D
B6: Stagione | D6: 2026/2027
B7: Punti vittoria | D7: 3
B8: Punti sconfitta | D8: 1
B9: Punti forfait | D9: 0
B10: Punteggio forfait (vincente-perdente, separati da "-") | D10: 40-0
B11: Nomi gironi per la stampa (stesso ordine, separati da virgola) | D11: Gold,Silver,Bronze,Platinum
B12: SQUADRE | Y12: Squadre del girone (in ordine di inserimento) | AT12: Squadra | AU12: Vittorie Scontri Diretti | BP12: Squadra | BQ12: Sconfitte & Forfait Scontri Diretti | CL12: Squadra | CM12: Punti Fatti Scontri Diretti | DH12: Squadra | DI12: Punti Subiti Scontri Diretti
B13: # | C13: Squadra | D13: Eventuali Punti di Penalizzazione | E13: Girone | G13: Posizione | H13: Squadra | I13: Coefficiente | J13: Punti Classifica | K13: Partite Giocate | L13: Partite Vinte | M13: Partite Perse | N13: Partite Forfait | O13: Punti Fatti | P13: Punti Subiti | Q13: Differenza Punti | R13: Media Punti Fatti | S13: Media Punti Subiti | T13: Media Differenza Punti | U13: Record Scontri Diretti | V13: Quoziente Canestri Scontri Diretti | W13: Quoziente Canestri Totale | X13: Chiave girone | Y13: 1^ | Z13: 2^ | AA13: 3^ | AB13: 4^ | AC13: 5^ | AD13: 6^ | AE13: 7^ | AF13: 8^ | AG13: 9^ | AH13: 10^ | AI13: 11^ | AJ13: 12^ | AK13: 13^ | AL13: 14^ | AM13: 15^ | AN13: 16^ | AO13: 17^ | AP13: 18^ | AQ13: 19^ | AR13: 20^ | AT13: Squadra | AU13: 1^ | AV13: 2^ | AW13: 3^ | AX13: 4^ | AY13: 5^ | AZ13: 6^ | BA13: 7^ | BB13: 8^ | BC13: 9^ | BD13: 10^ | BE13: 11^ | BF13: 12^ | BG13: 13^ | BH13: 14^ | BI13: 15^ | BJ13: 16^ | BK13: 17^ | BL13: 18^ | BM13: 19^ | BN13: 20^ | BP13: Squadra | BQ13: 1^ | BR13: 2^ | BS13: 3^ | BT13: 4^ | BU13: 5^ | BV13: 6^ | BW13: 7^ | BX13: 8^ | BY13: 9^ | BZ13: 10^ | CA13: 11^ | CB13: 12^ | CC13: 13^ | CD13: 14^ | CE13: 15^ | CF13: 16^ | CG13: 17^ | CH13: 18^ | CI13: 19^ | CJ13: 20^ | CL13: Squadra | CM13: 1^ | CN13: 2^ | CO13: 3^ | CP13: 4^ | CQ13: 5^ | CR13: 6^ | CS13: 7^ | CT13: 8^ | CU13: 9^ | CV13: 10^ | CW13: 11^ | CX13: 12^ | CY13: 13^ | CZ13: 14^ | DA13: 15^ | DB13: 16^ | DC13: 17^ | DD13: 18^ | DE13: 19^ | DF13: 20^ | DH13: Squadra | DI13: 1^ | DJ13: 2^ | DK13: 3^ | DL13: 4^ | DM13: 5^ | DN13: 6^ | DO13: 7^ | DP13: 8^ | DQ13: 9^ | DR13: 10^ | DS13: 11^ | DT13: 12^ | DU13: 13^ | DV13: 14^ | DW13: 15^ | DX13: 16^ | DY13: 17^ | DZ13: 18^ | EA13: 19^ | EB13: 20^ | ED13: Vittorie SD
B14: A01 | C14: Anaconde Audaci-Anacondeopoli AA | E14: A | G14: =IF($C14="","",$E14&(COUNTIFS(I$14:I$93,">"&I14,E$14:E$93,"="&E14,C$14:C$93,"<>")+COUNTIFS(I$14:I$93,"="&I14,H$14:H$93,"<="&H14,E$14:E$93,"="&E14,C$14:C$93,"<>"))) | H14: =IF($C14="","",IFERROR(LEFT($C14,FIND("-",$C14)-1),$C14)) | I14: =TEXT(1000000000+J14,"|0000000000|")&TEXT(SUM(AU14:BN14),"0000000000|")&IF(SUM(DI14:EB14)=0,"0000000000|",TEXT(ROUND(SUM(CM14:DF14)/SUM(DI14:EB14),4)*100000,"0000000000|"))&IF(P14=0,"0000000000|",TEXT(ROUND(O14/P14,4)*100000,"0000000000|")) | J14: =L14*constPuntiVittoria+M14*constPuntiSconfitta+N14*constPuntiForfait+IF(D14="",0,D14) | K14: =SUM(L14:N14) | L14: =IF($H14="",0,SUMIF(Dati!$A$2:$A$761,$H14,Dati!$B$2:$B$761)+SUMIF(Dati!$H$2:$H$761,$H14,Dati!$I$2:$I$761)) | M14: =IF($H14="",0,SUMIF(Dati!$A$2:$A$761,$H14,Dati!$D$2:$D$761)+SUMIF(Dati!$H$2:$H$761,$H14,Dati!$K$2:$K$761)) | N14: =IF($H14="",0,SUMIF(Dati!$A$2:$A$761,$H14,Dati!$C$2:$C$761)+SUMIF(Dati!$H$2:$H$761,$H14,Dati!$J$2:$J$761)) | O14: =IF($H14="",0,SUMIF(Dati!$A$2:$A$761,$H14,Dati!$E$2:$E$761)+SUMIF(Dati!$H$2:$H$761,$H14,Dati!$L$2:$L$761)) | P14: =IF($H14="",0,SUMIF(Dati!$A$2:$A$761,$H14,Dati!$F$2:$F$761)+SUMIF(Dati!$H$2:$H$761,$H14,Dati!$M$2:$M$761)) | Q14: =IF($H14="",0,SUMIF(Dati!$A$2:$A$761,$H14,Dati!$G$2:$G$761)+SUMIF(Dati!$H$2:$H$761,$H14,Dati!$N$2:$N$761)) | R14: =IF(K14=0,0,ROUND(O14/K14,2)) | S14: =IF(K14=0,0,ROUND(P14/K14,2)) | T14: =IF(K14=0,0,ROUND(Q14/K14,2)) | U14: =IF(COUNTIFS($E$14:$E$93,$E14,$J$14:$J$93,$J14,$C$14:$C$93,"<>")<=1,"-",SUM(AU14:BN14)&"-"&SUM(BQ14:CJ14)) | V14: =IF(COUNTIFS($E$14:$E$93,$E14,$J$14:$J$93,$J14,$C$14:$C$93,"<>",$ED$14:$ED$93,$ED14)<=1,"-",IF(SUM(DI14:EB14)=0,0,ROUND(SUM(CM14:DF14)/SUM(DI14:EB14),3))) | W14: =IF(COUNTIFS($E$14:$E$93,$E14,$J$14:$J$93,$J14,$C$14:$C$93,"<>",$ED$14:$ED$93,$ED14,$V$14:$V$93,$V14)<=1,"-",IF(P14=0,0,ROUND(O14/P14,3))) | X14: =IF($C14="","",$E14&"#"&COUNTIFS($E$14:$E14,$E14,$C$14:$C14,"<>")) | Y14: =IFERROR(INDEX($H$14:$H$93,MATCH($E14&"#1",$X$14:$X$93,0)),"") | Z14: =IFERROR(INDEX($H$14:$H$93,MATCH($E14&"#2",$X$14:$X$93,0)),"") | AA14: =IFERROR(INDEX($H$14:$H$93,MATCH($E14&"#3",$X$14:$X$93,0)),"") | AB14: =IFERROR(INDEX($H$14:$H$93,MATCH($E14&"#4",$X$14:$X$93,0)),"") | AC14: =IFERROR(INDEX($H$14:$H$93,MATCH($E14&"#5",$X$14:$X$93,0)),"") | AD14: =IFERROR(INDEX($H$14:$H$93,MATCH($E14&"#6",$X$14:$X$93,0)),"") | AE14: =IFERROR(INDEX($H$14:$H$93,MATCH($E14&"#7",$X$14:$X$93,0)),"") | AF14: =IFERROR(INDEX($H$14:$H$93,MATCH($E14&"#8",$X$14:$X$93,0)),"") | AG14: =IFERROR(INDEX($H$14:$H$93,MATCH($E14&"#9",$X$14:$X$93,0)),"") | AH14: =IFERROR(INDEX($H$14:$H$93,MATCH($E14&"#10",$X$14:$X$93,0)),"") | AI14: =IFERROR(INDEX($H$14:$H$93,MATCH($E14&"#11",$X$14:$X$93,0)),"") | AJ14: =IFERROR(INDEX($H$14:$H$93,MATCH($E14&"#12",$X$14:$X$93,0)),"") | AK14: =IFERROR(INDEX($H$14:$H$93,MATCH($E14&"#13",$X$14:$X$93,0)),"") | AL14: =IFERROR(INDEX($H$14:$H$93,MATCH($E14&"#14",$X$14:$X$93,0)),"") | AM14: =IFERROR(INDEX($H$14:$H$93,MATCH($E14&"#15",$X$14:$X$93,0)),"") | AN14: =IFERROR(INDEX($H$14:$H$93,MATCH($E14&"#16",$X$14:$X$93,0)),"") | AO14: =IFERROR(INDEX($H$14:$H$93,MATCH($E14&"#17",$X$14:$X$93,0)),"") | AP14: =IFERROR(INDEX($H$14:$H$93,MATCH($E14&"#18",$X$14:$X$93,0)),"") | AQ14: =IFERROR(INDEX($H$14:$H$93,MATCH($E14&"#19",$X$14:$X$93,0)),"") | AR14: =IFERROR(INDEX($H$14:$H$93,MATCH($E14&"#20",$X$14:$X$93,0)),"") | AT14: =$C14 | AU14: =IF(AND($H14<>"",$Y14<>"",$H14<>$Y14,IFERROR(VLOOKUP($H14,areaCercaPuntiClassificaSquadra,3,FALSE),-1)=IFERROR(VLOOKUP($Y14,areaCercaPuntiClassificaSquadra,3,FALSE),-2)),SUMIFS(Dati!$B$2:$B$761,Dati!$A$2:$A$761,$H14,Dati!$H$2:$H$761,$Y14)+SUMIFS(Dati!$I$2:$I$761,Dati!$H$2:$H$761,$H14,Dati!$A$2:$A$761,$Y14),"-") | AV14: =IF(AND($H14<>"",$Z14<>"",$H14<>$Z14,IFERROR(VLOOKUP($H14,areaCercaPuntiClassificaSquadra,3,FALSE),-1)=IFERROR(VLOOKUP($Z14,areaCercaPuntiClassificaSquadra,3,FALSE),-2)),SUMIFS(Dati!$B$2:$B$761,Dati!$A$2:$A$761,$H14,Dati!$H$2:$H$761,$Z14)+SUMIFS(Dati!$I$2:$I$761,Dati!$H$2:$H$761,$H14,Dati!$A$2:$A$761,$Z14),"-") | AW14: =IF(AND($H14<>"",$AA14<>"",$H14<>$AA14,IFERROR(VLOOKUP($H14,areaCercaPuntiClassificaSquadra,3,FALSE),-1)=IFERROR(VLOOKUP($AA14,areaCercaPuntiClassificaSquadra,3,FALSE),-2)),SUMIFS(Dati!$B$2:$B$761,Dati!$A$2:$A$761,$H14,Dati!$H$2:$H$761,$AA14)+SUMIFS(Dati!$I$2:$I$761,Dati!$H$2:$H$761,$H14,Dati!$A$2:$A$761,$AA14),"-") | AX14: =IF(AND($H14<>"",$AB14<>"",$H14<>$AB14,IFERROR(VLOOKUP($H14,areaCercaPuntiClassificaSquadra,3,FALSE),-1)=IFERROR(VLOOKUP($AB14,areaCercaPuntiClassificaSquadra,3,FALSE),-2)),SUMIFS(Dati!$B$2:$B$761,Dati!$A$2:$A$761,$H14,Dati!$H$2:$H$761,$AB14)+SUMIFS(Dati!$I$2:$I$761,Dati!$H$2:$H$761,$H14,Dati!$A$2:$A$761,$AB14),"-") | AY14: =IF(AND($H14<>"",$AC14<>"",$H14<>$AC14,IFERROR(VLOOKUP($H14,areaCercaPuntiClassificaSquadra,3,FALSE),-1)=IFERROR(VLOOKUP($AC14,areaCercaPuntiClassificaSquadra,3,FALSE),-2)),SUMIFS(Dati!$B$2:$B$761,Dati!$A$2:$A$761,$H14,Dati!$H$2:$H$761,$AC14)+SUMIFS(Dati!$I$2:$I$761,Dati!$H$2:$H$761,$H14,Dati!$A$2:$A$761,$AC14),"-") | AZ14: =IF(AND($H14<>"",$AD14<>"",$H14<>$AD14,IFERROR(VLOOKUP($H14,areaCercaPuntiClassificaSquadra,3,FALSE),-1)=IFERROR(VLOOKUP($AD14,areaCercaPuntiClassificaSquadra,3,FALSE),-2)),SUMIFS(Dati!$B$2:$B$761,Dati!$A$2:$A$761,$H14,Dati!$H$2:$H$761,$AD14)+SUMIFS(Dati!$I$2:$I$761,Dati!$H$2:$H$761,$H14,Dati!$A$2:$A$761,$AD14),"-") | BA14: =IF(AND($H14<>"",$AE14<>"",$H14<>$AE14,IFERROR(VLOOKUP($H14,areaCercaPuntiClassificaSquadra,3,FALSE),-1)=IFERROR(VLOOKUP($AE14,areaCercaPuntiClassificaSquadra,3,FALSE),-2)),SUMIFS(Dati!$B$2:$B$761,Dati!$A$2:$A$761,$H14,Dati!$H$2:$H$761,$AE14)+SUMIFS(Dati!$I$2:$I$761,Dati!$H$2:$H$761,$H14,Dati!$A$2:$A$761,$AE14),"-") | BB14: =IF(AND($H14<>"",$AF14<>"",$H14<>$AF14,IFERROR(VLOOKUP($H14,areaCercaPuntiClassificaSquadra,3,FALSE),-1)=IFERROR(VLOOKUP($AF14,areaCercaPuntiClassificaSquadra,3,FALSE),-2)),SUMIFS(Dati!$B$2:$B$761,Dati!$A$2:$A$761,$H14,Dati!$H$2:$H$761,$AF14)+SUMIFS(Dati!$I$2:$I$761,Dati!$H$2:$H$761,$H14,Dati!$A$2:$A$761,$AF14),"-") | BC14: =IF(AND($H14<>"",$AG14<>"",$H14<>$AG14,IFERROR(VLOOKUP($H14,areaCercaPuntiClassificaSquadra,3,FALSE),-1)=IFERROR(VLOOKUP($AG14,areaCercaPuntiClassificaSquadra,3,FALSE),-2)),SUMIFS(Dati!$B$2:$B$761,Dati!$A$2:$A$761,$H14,Dati!$H$2:$H$761,$AG14)+SUMIFS(Dati!$I$2:$I$761,Dati!$H$2:$H$761,$H14,Dati!$A$2:$A$761,$AG14),"-") | BD14: =IF(AND($H14<>"",$AH14<>"",$H14<>$AH14,IFERROR(VLOOKUP($H14,areaCercaPuntiClassificaSquadra,3,FALSE),-1)=IFERROR(VLOOKUP($AH14,areaCercaPuntiClassificaSquadra,3,FALSE),-2)),SUMIFS(Dati!$B$2:$B$761,Dati!$A$2:$A$761,$H14,Dati!$H$2:$H$761,$AH14)+SUMIFS(Dati!$I$2:$I$761,Dati!$H$2:$H$761,$H14,Dati!$A$2:$A$761,$AH14),"-") | BE14: =IF(AND($H14<>"",$AI14<>"",$H14<>$AI14,IFERROR(VLOOKUP($H14,areaCercaPuntiClassificaSquadra,3,FALSE),-1)=IFERROR(VLOOKUP($AI14,areaCercaPuntiClassificaSquadra,3,FALSE),-2)),SUMIFS(Dati!$B$2:$B$761,Dati!$A$2:$A$761,$H14,Dati!$H$2:$H$761,$AI14)+SUMIFS(Dati!$I$2:$I$761,Dati!$H$2:$H$761,$H14,Dati!$A$2:$A$761,$AI14),"-") | BF14: =IF(AND($H14<>"",$AJ14<>"",$H14<>$AJ14,IFERROR(VLOOKUP($H14,areaCercaPuntiClassificaSquadra,3,FALSE),-1)=IFERROR(VLOOKUP($AJ14,areaCercaPuntiClassificaSquadra,3,FALSE),-2)),SUMIFS(Dati!$B$2:$B$761,Dati!$A$2:$A$761,$H14,Dati!$H$2:$H$761,$AJ14)+SUMIFS(Dati!$I$2:$I$761,Dati!$H$2:$H$761,$H14,Dati!$A$2:$A$761,$AJ14),"-") | BG14: =IF(AND($H14<>"",$AK14<>"",$H14<>$AK14,IFERROR(VLOOKUP($H14,areaCercaPuntiClassificaSquadra,3,FALSE),-1)=IFERROR(VLOOKUP($AK14,areaCercaPuntiClassificaSquadra,3,FALSE),-2)),SUMIFS(Dati!$B$2:$B$761,Dati!$A$2:$A$761,$H14,Dati!$H$2:$H$761,$AK14)+SUMIFS(Dati!$I$2:$I$761,Dati!$H$2:$H$761,$H14,Dati!$A$2:$A$761,$AK14),"-") | BH14: =IF(AND($H14<>"",$AL14<>"",$H14<>$AL14,IFERROR(VLOOKUP($H14,areaCercaPuntiClassificaSquadra,3,FALSE),-1)=IFERROR(VLOOKUP($AL14,areaCercaPuntiClassificaSquadra,3,FALSE),-2)),SUMIFS(Dati!$B$2:$B$761,Dati!$A$2:$A$761,$H14,Dati!$H$2:$H$761,$AL14)+SUMIFS(Dati!$I$2:$I$761,Dati!$H$2:$H$761,$H14,Dati!$A$2:$A$761,$AL14),"-") | BI14: =IF(AND($H14<>"",$AM14<>"",$H14<>$AM14,IFERROR(VLOOKUP($H14,areaCercaPuntiClassificaSquadra,3,FALSE),-1)=IFERROR(VLOOKUP($AM14,areaCercaPuntiClassificaSquadra,3,FALSE),-2)),SUMIFS(Dati!$B$2:$B$761,Dati!$A$2:$A$761,$H14,Dati!$H$2:$H$761,$AM14)+SUMIFS(Dati!$I$2:$I$761,Dati!$H$2:$H$761,$H14,Dati!$A$2:$A$761,$AM14),"-") | BJ14: =IF(AND($H14<>"",$AN14<>"",$H14<>$AN14,IFERROR(VLOOKUP($H14,areaCercaPuntiClassificaSquadra,3,FALSE),-1)=IFERROR(VLOOKUP($AN14,areaCercaPuntiClassificaSquadra,3,FALSE),-2)),SUMIFS(Dati!$B$2:$B$761,Dati!$A$2:$A$761,$H14,Dati!$H$2:$H$761,$AN14)+SUMIFS(Dati!$I$2:$I$761,Dati!$H$2:$H$761,$H14,Dati!$A$2:$A$761,$AN14),"-") | BK14: =IF(AND($H14<>"",$AO14<>"",$H14<>$AO14,IFERROR(VLOOKUP($H14,areaCercaPuntiClassificaSquadra,3,FALSE),-1)=IFERROR(VLOOKUP($AO14,areaCercaPuntiClassificaSquadra,3,FALSE),-2)),SUMIFS(Dati!$B$2:$B$761,Dati!$A$2:$A$761,$H14,Dati!$H$2:$H$761,$AO14)+SUMIFS(Dati!$I$2:$I$761,Dati!$H$2:$H$761,$H14,Dati!$A$2:$A$761,$AO14),"-") | BL14: =IF(AND($H14<>"",$AP14<>"",$H14<>$AP14,IFERROR(VLOOKUP($H14,areaCercaPuntiClassificaSquadra,3,FALSE),-1)=IFERROR(VLOOKUP($AP14,areaCercaPuntiClassificaSquadra,3,FALSE),-2)),SUMIFS(Dati!$B$2:$B$761,Dati!$A$2:$A$761,$H14,Dati!$H$2:$H$761,$AP14)+SUMIFS(Dati!$I$2:$I$761,Dati!$H$2:$H$761,$H14,Dati!$A$2:$A$761,$AP14),"-") | BM14: =IF(AND($H14<>"",$AQ14<>"",$H14<>$AQ14,IFERROR(VLOOKUP($H14,areaCercaPuntiClassificaSquadra,3,FALSE),-1)=IFERROR(VLOOKUP($AQ14,areaCercaPuntiClassificaSquadra,3,FALSE),-2)),SUMIFS(Dati!$B$2:$B$761,Dati!$A$2:$A$761,$H14,Dati!$H$2:$H$761,$AQ14)+SUMIFS(Dati!$I$2:$I$761,Dati!$H$2:$H$761,$H14,Dati!$A$2:$A$761,$AQ14),"-") | BN14: =IF(AND($H14<>"",$AR14<>"",$H14<>$AR14,IFERROR(VLOOKUP($H14,areaCercaPuntiClassificaSquadra,3,FALSE),-1)=IFERROR(VLOOKUP($AR14,areaCercaPuntiClassificaSquadra,3,FALSE),-2)),SUMIFS(Dati!$B$2:$B$761,Dati!$A$2:$A$761,$H14,Dati!$H$2:$H$761,$AR14)+SUMIFS(Dati!$I$2:$I$761,Dati!$H$2:$H$761,$H14,Dati!$A$2:$A$761,$AR14),"-") | BP14: =$C14 | BQ14: =IF(AND($H14<>"",$Y14<>"",$H14<>$Y14,IFERROR(VLOOKUP($H14,areaCercaPuntiClassificaSquadra,3,FALSE),-1)=IFERROR(VLOOKUP($Y14,areaCercaPuntiClassificaSquadra,3,FALSE),-2)),SUMIFS(Dati!$D$2:$D$761,Dati!$A$2:$A$761,$H14,Dati!$H$2:$H$761,$Y14)+SUMIFS(Dati!$K$2:$K$761,Dati!$H$2:$H$761,$H14,Dati!$A$2:$A$761,$Y14)+SUMIFS(Dati!$C$2:$C$761,Dati!$A$2:$A$761,$H14,Dati!$H$2:$H$761,$Y14)+SUMIFS(Dati!$J$2:$J$761,Dati!$H$2:$H$761,$H14,Dati!$A$2:$A$761,$Y14),"-") | BR14: =IF(AND($H14<>"",$Z14<>"",$H14<>$Z14,IFERROR(VLOOKUP($H14,areaCercaPuntiClassificaSquadra,3,FALSE),-1)=IFERROR(VLOOKUP($Z14,areaCercaPuntiClassificaSquadra,3,FALSE),-2)),SUMIFS(Dati!$D$2:$D$761,Dati!$A$2:$A$761,$H14,Dati!$H$2:$H$761,$Z14)+SUMIFS(Dati!$K$2:$K$761,Dati!$H$2:$H$761,$H14,Dati!$A$2:$A$761,$Z14)+SUMIFS(Dati!$C$2:$C$761,Dati!$A$2:$A$761,$H14,Dati!$H$2:$H$761,$Z14)+SUMIFS(Dati!$J$2:$J$761,Dati!$H$2:$H$761,$H14,Dati!$A$2:$A$761,$Z14),"-") | BS14: =IF(AND($H14<>"",$AA14<>"",$H14<>$AA14,IFERROR(VLOOKUP($H14,areaCercaPuntiClassificaSquadra,3,FALSE),-1)=IFERROR(VLOOKUP($AA14,areaCercaPuntiClassificaSquadra,3,FALSE),-2)),SUMIFS(Dati!$D$2:$D$761,Dati!$A$2:$A$761,$H14,Dati!$H$2:$H$761,$AA14)+SUMIFS(Dati!$K$2:$K$761,Dati!$H$2:$H$761,$H14,Dati!$A$2:$A$761,$AA14)+SUMIFS(Dati!$C$2:$C$761,Dati!$A$2:$A$761,$H14,Dati!$H$2:$H$761,$AA14)+SUMIFS(Dati!$J$2:$J$761,Dati!$H$2:$H$761,$H14,Dati!$A$2:$A$761,$AA14),"-") | BT14: =IF(AND($H14<>"",$AB14<>"",$H14<>$AB14,IFERROR(VLOOKUP($H14,areaCercaPuntiClassificaSquadra,3,FALSE),-1)=IFERROR(VLOOKUP($AB14,areaCercaPuntiClassificaSquadra,3,FALSE),-2)),SUMIFS(Dati!$D$2:$D$761,Dati!$A$2:$A$761,$H14,Dati!$H$2:$H$761,$AB14)+SUMIFS(Dati!$K$2:$K$761,Dati!$H$2:$H$761,$H14,Dati!$A$2:$A$761,$AB14)+SUMIFS(Dati!$C$2:$C$761,Dati!$A$2:$A$761,$H14,Dati!$H$2:$H$761,$AB14)+SUMIFS(Dati!$J$2:$J$761,Dati!$H$2:$H$761,$H14,Dati!$A$2:$A$761,$AB14),"-") | BU14: =IF(AND($H14<>"",$AC14<>"",$H14<>$AC14,IFERROR(VLOOKUP($H14,areaCercaPuntiClassificaSquadra,3,FALSE),-1)=IFERROR(VLOOKUP($AC14,areaCercaPuntiClassificaSquadra,3,FALSE),-2)),SUMIFS(Dati!$D$2:$D$761,Dati!$A$2:$A$761,$H14,Dati!$H$2:$H$761,$AC14)+SUMIFS(Dati!$K$2:$K$761,Dati!$H$2:$H$761,$H14,Dati!$A$2:$A$761,$AC14)+SUMIFS(Dati!$C$2:$C$761,Dati!$A$2:$A$761,$H14,Dati!$H$2:$H$761,$AC14)+SUMIFS(Dati!$J$2:$J$761,Dati!$H$2:$H$761,$H14,Dati!$A$2:$A$761,$AC14),"-") | BV14: =IF(AND($H14<>"",$AD14<>"",$H14<>$AD14,IFERROR(VLOOKUP($H14,areaCercaPuntiClassificaSquadra,3,FALSE),-1)=IFERROR(VLOOKUP($AD14,areaCercaPuntiClassificaSquadra,3,FALSE),-2)),SUMIFS(Dati!$D$2:$D$761,Dati!$A$2:$A$761,$H14,Dati!$H$2:$H$761,$AD14)+SUMIFS(Dati!$K$2:$K$761,Dati!$H$2:$H$761,$H14,Dati!$A$2:$A$761,$AD14)+SUMIFS(Dati!$C$2:$C$761,Dati!$A$2:$A$761,$H14,Dati!$H$2:$H$761,$AD14)+SUMIFS(Dati!$J$2:$J$761,Dati!$H$2:$H$761,$H14,Dati!$A$2:$A$761,$AD14),"-") | BW14: =IF(AND($H14<>"",$AE14<>"",$H14<>$AE14,IFERROR(VLOOKUP($H14,areaCercaPuntiClassificaSquadra,3,FALSE),-1)=IFERROR(VLOOKUP($AE14,areaCercaPuntiClassificaSquadra,3,FALSE),-2)),SUMIFS(Dati!$D$2:$D$761,Dati!$A$2:$A$761,$H14,Dati!$H$2:$H$761,$AE14)+SUMIFS(Dati!$K$2:$K$761,Dati!$H$2:$H$761,$H14,Dati!$A$2:$A$761,$AE14)+SUMIFS(Dati!$C$2:$C$761,Dati!$A$2:$A$761,$H14,Dati!$H$2:$H$761,$AE14)+SUMIFS(Dati!$J$2:$J$761,Dati!$H$2:$H$761,$H14,Dati!$A$2:$A$761,$AE14),"-") | BX14: =IF(AND($H14<>"",$AF14<>"",$H14<>$AF14,IFERROR(VLOOKUP($H14,areaCercaPuntiClassificaSquadra,3,FALSE),-1)=IFERROR(VLOOKUP($AF14,areaCercaPuntiClassificaSquadra,3,FALSE),-2)),SUMIFS(Dati!$D$2:$D$761,Dati!$A$2:$A$761,$H14,Dati!$H$2:$H$761,$AF14)+SUMIFS(Dati!$K$2:$K$761,Dati!$H$2:$H$761,$H14,Dati!$A$2:$A$761,$AF14)+SUMIFS(Dati!$C$2:$C$761,Dati!$A$2:$A$761,$H14,Dati!$H$2:$H$761,$AF14)+SUMIFS(Dati!$J$2:$J$761,Dati!$H$2:$H$761,$H14,Dati!$A$2:$A$761,$AF14),"-") | BY14: =IF(AND($H14<>"",$AG14<>"",$H14<>$AG14,IFERROR(VLOOKUP($H14,areaCercaPuntiClassificaSquadra,3,FALSE),-1)=IFERROR(VLOOKUP($AG14,areaCercaPuntiClassificaSquadra,3,FALSE),-2)),SUMIFS(Dati!$D$2:$D$761,Dati!$A$2:$A$761,$H14,Dati!$H$2:$H$761,$AG14)+SUMIFS(Dati!$K$2:$K$761,Dati!$H$2:$H$761,$H14,Dati!$A$2:$A$761,$AG14)+SUMIFS(Dati!$C$2:$C$761,Dati!$A$2:$A$761,$H14,Dati!$H$2:$H$761,$AG14)+SUMIFS(Dati!$J$2:$J$761,Dati!$H$2:$H$761,$H14,Dati!$A$2:$A$761,$AG14),"-") | BZ14: =IF(AND($H14<>"",$AH14<>"",$H14<>$AH14,IFERROR(VLOOKUP($H14,areaCercaPuntiClassificaSquadra,3,FALSE),-1)=IFERROR(VLOOKUP($AH14,areaCercaPuntiClassificaSquadra,3,FALSE),-2)),SUMIFS(Dati!$D$2:$D$761,Dati!$A$2:$A$761,$H14,Dati!$H$2:$H$761,$AH14)+SUMIFS(Dati!$K$2:$K$761,Dati!$H$2:$H$761,$H14,Dati!$A$2:$A$761,$AH14)+SUMIFS(Dati!$C$2:$C$761,Dati!$A$2:$A$761,$H14,Dati!$H$2:$H$761,$AH14)+SUMIFS(Dati!$J$2:$J$761,Dati!$H$2:$H$761,$H14,Dati!$A$2:$A$761,$AH14),"-") | CA14: =IF(AND($H14<>"",$AI14<>"",$H14<>$AI14,IFERROR(VLOOKUP($H14,areaCercaPuntiClassificaSquadra,3,FALSE),-1)=IFERROR(VLOOKUP($AI14,areaCercaPuntiClassificaSquadra,3,FALSE),-2)),SUMIFS(Dati!$D$2:$D$761,Dati!$A$2:$A$761,$H14,Dati!$H$2:$H$761,$AI14)+SUMIFS(Dati!$K$2:$K$761,Dati!$H$2:$H$761,$H14,Dati!$A$2:$A$761,$AI14)+SUMIFS(Dati!$C$2:$C$761,Dati!$A$2:$A$761,$H14,Dati!$H$2:$H$761,$AI14)+SUMIFS(Dati!$J$2:$J$761,Dati!$H$2:$H$761,$H14,Dati!$A$2:$A$761,$AI14),"-") | CB14: =IF(AND($H14<>"",$AJ14<>"",$H14<>$AJ14,IFERROR(VLOOKUP($H14,areaCercaPuntiClassificaSquadra,3,FALSE),-1)=IFERROR(VLOOKUP($AJ14,areaCercaPuntiClassificaSquadra,3,FALSE),-2)),SUMIFS(Dati!$D$2:$D$761,Dati!$A$2:$A$761,$H14,Dati!$H$2:$H$761,$AJ14)+SUMIFS(Dati!$K$2:$K$761,Dati!$H$2:$H$761,$H14,Dati!$A$2:$A$761,$AJ14)+SUMIFS(Dati!$C$2:$C$761,Dati!$A$2:$A$761,$H14,Dati!$H$2:$H$761,$AJ14)+SUMIFS(Dati!$J$2:$J$761,Dati!$H$2:$H$761,$H14,Dati!$A$2:$A$761,$AJ14),"-") | CC14: =IF(AND($H14<>"",$AK14<>"",$H14<>$AK14,IFERROR(VLOOKUP($H14,areaCercaPuntiClassificaSquadra,3,FALSE),-1)=IFERROR(VLOOKUP($AK14,areaCercaPuntiClassificaSquadra,3,FALSE),-2)),SUMIFS(Dati!$D$2:$D$761,Dati!$A$2:$A$761,$H14,Dati!$H$2:$H$761,$AK14)+SUMIFS(Dati!$K$2:$K$761,Dati!$H$2:$H$761,$H14,Dati!$A$2:$A$761,$AK14)+SUMIFS(Dati!$C$2:$C$761,Dati!$A$2:$A$761,$H14,Dati!$H$2:$H$761,$AK14)+SUMIFS(Dati!$J$2:$J$761,Dati!$H$2:$H$761,$H14,Dati!$A$2:$A$761,$AK14),"-") | CD14: =IF(AND($H14<>"",$AL14<>"",$H14<>$AL14,IFERROR(VLOOKUP($H14,areaCercaPuntiClassificaSquadra,3,FALSE),-1)=IFERROR(VLOOKUP($AL14,areaCercaPuntiClassificaSquadra,3,FALSE),-2)),SUMIFS(Dati!$D$2:$D$761,Dati!$A$2:$A$761,$H14,Dati!$H$2:$H$761,$AL14)+SUMIFS(Dati!$K$2:$K$761,Dati!$H$2:$H$761,$H14,Dati!$A$2:$A$761,$AL14)+SUMIFS(Dati!$C$2:$C$761,Dati!$A$2:$A$761,$H14,Dati!$H$2:$H$761,$AL14)+SUMIFS(Dati!$J$2:$J$761,Dati!$H$2:$H$761,$H14,Dati!$A$2:$A$761,$AL14),"-") | CE14: =IF(AND($H14<>"",$AM14<>"",$H14<>$AM14,IFERROR(VLOOKUP($H14,areaCercaPuntiClassificaSquadra,3,FALSE),-1)=IFERROR(VLOOKUP($AM14,areaCercaPuntiClassificaSquadra,3,FALSE),-2)),SUMIFS(Dati!$D$2:$D$761,Dati!$A$2:$A$761,$H14,Dati!$H$2:$H$761,$AM14)+SUMIFS(Dati!$K$2:$K$761,Dati!$H$2:$H$761,$H14,Dati!$A$2:$A$761,$AM14)+SUMIFS(Dati!$C$2:$C$761,Dati!$A$2:$A$761,$H14,Dati!$H$2:$H$761,$AM14)+SUMIFS(Dati!$J$2:$J$761,Dati!$H$2:$H$761,$H14,Dati!$A$2:$A$761,$AM14),"-") | CF14: =IF(AND($H14<>"",$AN14<>"",$H14<>$AN14,IFERROR(VLOOKUP($H14,areaCercaPuntiClassificaSquadra,3,FALSE),-1)=IFERROR(VLOOKUP($AN14,areaCercaPuntiClassificaSquadra,3,FALSE),-2)),SUMIFS(Dati!$D$2:$D$761,Dati!$A$2:$A$761,$H14,Dati!$H$2:$H$761,$AN14)+SUMIFS(Dati!$K$2:$K$761,Dati!$H$2:$H$761,$H14,Dati!$A$2:$A$761,$AN14)+SUMIFS(Dati!$C$2:$C$761,Dati!$A$2:$A$761,$H14,Dati!$H$2:$H$761,$AN14)+SUMIFS(Dati!$J$2:$J$761,Dati!$H$2:$H$761,$H14,Dati!$A$2:$A$761,$AN14),"-") | CG14: =IF(AND($H14<>"",$AO14<>"",$H14<>$AO14,IFERROR(VLOOKUP($H14,areaCercaPuntiClassificaSquadra,3,FALSE),-1)=IFERROR(VLOOKUP($AO14,areaCercaPuntiClassificaSquadra,3,FALSE),-2)),SUMIFS(Dati!$D$2:$D$761,Dati!$A$2:$A$761,$H14,Dati!$H$2:$H$761,$AO14)+SUMIFS(Dati!$K$2:$K$761,Dati!$H$2:$H$761,$H14,Dati!$A$2:$A$761,$AO14)+SUMIFS(Dati!$C$2:$C$761,Dati!$A$2:$A$761,$H14,Dati!$H$2:$H$761,$AO14)+SUMIFS(Dati!$J$2:$J$761,Dati!$H$2:$H$761,$H14,Dati!$A$2:$A$761,$AO14),"-") | CH14: =IF(AND($H14<>"",$AP14<>"",$H14<>$AP14,IFERROR(VLOOKUP($H14,areaCercaPuntiClassificaSquadra,3,FALSE),-1)=IFERROR(VLOOKUP($AP14,areaCercaPuntiClassificaSquadra,3,FALSE),-2)),SUMIFS(Dati!$D$2:$D$761,Dati!$A$2:$A$761,$H14,Dati!$H$2:$H$761,$AP14)+SUMIFS(Dati!$K$2:$K$761,Dati!$H$2:$H$761,$H14,Dati!$A$2:$A$761,$AP14)+SUMIFS(Dati!$C$2:$C$761,Dati!$A$2:$A$761,$H14,Dati!$H$2:$H$761,$AP14)+SUMIFS(Dati!$J$2:$J$761,Dati!$H$2:$H$761,$H14,Dati!$A$2:$A$761,$AP14),"-") | CI14: =IF(AND($H14<>"",$AQ14<>"",$H14<>$AQ14,IFERROR(VLOOKUP($H14,areaCercaPuntiClassificaSquadra,3,FALSE),-1)=IFERROR(VLOOKUP($AQ14,areaCercaPuntiClassificaSquadra,3,FALSE),-2)),SUMIFS(Dati!$D$2:$D$761,Dati!$A$2:$A$761,$H14,Dati!$H$2:$H$761,$AQ14)+SUMIFS(Dati!$K$2:$K$761,Dati!$H$2:$H$761,$H14,Dati!$A$2:$A$761,$AQ14)+SUMIFS(Dati!$C$2:$C$761,Dati!$A$2:$A$761,$H14,Dati!$H$2:$H$761,$AQ14)+SUMIFS(Dati!$J$2:$J$761,Dati!$H$2:$H$761,$H14,Dati!$A$2:$A$761,$AQ14),"-") | CJ14: =IF(AND($H14<>"",$AR14<>"",$H14<>$AR14,IFERROR(VLOOKUP($H14,areaCercaPuntiClassificaSquadra,3,FALSE),-1)=IFERROR(VLOOKUP($AR14,areaCercaPuntiClassificaSquadra,3,FALSE),-2)),SUMIFS(Dati!$D$2:$D$761,Dati!$A$2:$A$761,$H14,Dati!$H$2:$H$761,$AR14)+SUMIFS(Dati!$K$2:$K$761,Dati!$H$2:$H$761,$H14,Dati!$A$2:$A$761,$AR14)+SUMIFS(Dati!$C$2:$C$761,Dati!$A$2:$A$761,$H14,Dati!$H$2:$H$761,$AR14)+SUMIFS(Dati!$J$2:$J$761,Dati!$H$2:$H$761,$H14,Dati!$A$2:$A$761,$AR14),"-") | CL14: =$C14 | CM14: =IF(AND($H14<>"",$Y14<>"",$H14<>$Y14,IFERROR(VLOOKUP($H14,areaCercaPuntiClassificaSquadra,3,FALSE),-1)=IFERROR(VLOOKUP($Y14,areaCercaPuntiClassificaSquadra,3,FALSE),-2)),SUMIFS(Dati!$E$2:$E$761,Dati!$A$2:$A$761,$H14,Dati!$H$2:$H$761,$Y14)+SUMIFS(Dati!$L$2:$L$761,Dati!$H$2:$H$761,$H14,Dati!$A$2:$A$761,$Y14),"-") | CN14: =IF(AND($H14<>"",$Z14<>"",$H14<>$Z14,IFERROR(VLOOKUP($H14,areaCercaPuntiClassificaSquadra,3,FALSE),-1)=IFERROR(VLOOKUP($Z14,areaCercaPuntiClassificaSquadra,3,FALSE),-2)),SUMIFS(Dati!$E$2:$E$761,Dati!$A$2:$A$761,$H14,Dati!$H$2:$H$761,$Z14)+SUMIFS(Dati!$L$2:$L$761,Dati!$H$2:$H$761,$H14,Dati!$A$2:$A$761,$Z14),"-") | CO14: =IF(AND($H14<>"",$AA14<>"",$H14<>$AA14,IFERROR(VLOOKUP($H14,areaCercaPuntiClassificaSquadra,3,FALSE),-1)=IFERROR(VLOOKUP($AA14,areaCercaPuntiClassificaSquadra,3,FALSE),-2)),SUMIFS(Dati!$E$2:$E$761,Dati!$A$2:$A$761,$H14,Dati!$H$2:$H$761,$AA14)+SUMIFS(Dati!$L$2:$L$761,Dati!$H$2:$H$761,$H14,Dati!$A$2:$A$761,$AA14),"-") | CP14: =IF(AND($H14<>"",$AB14<>"",$H14<>$AB14,IFERROR(VLOOKUP($H14,areaCercaPuntiClassificaSquadra,3,FALSE),-1)=IFERROR(VLOOKUP($AB14,areaCercaPuntiClassificaSquadra,3,FALSE),-2)),SUMIFS(Dati!$E$2:$E$761,Dati!$A$2:$A$761,$H14,Dati!$H$2:$H$761,$AB14)+SUMIFS(Dati!$L$2:$L$761,Dati!$H$2:$H$761,$H14,Dati!$A$2:$A$761,$AB14),"-") | CQ14: =IF(AND($H14<>"",$AC14<>"",$H14<>$AC14,IFERROR(VLOOKUP($H14,areaCercaPuntiClassificaSquadra,3,FALSE),-1)=IFERROR(VLOOKUP($AC14,areaCercaPuntiClassificaSquadra,3,FALSE),-2)),SUMIFS(Dati!$E$2:$E$761,Dati!$A$2:$A$761,$H14,Dati!$H$2:$H$761,$AC14)+SUMIFS(Dati!$L$2:$L$761,Dati!$H$2:$H$761,$H14,Dati!$A$2:$A$761,$AC14),"-") | CR14: =IF(AND($H14<>"",$AD14<>"",$H14<>$AD14,IFERROR(VLOOKUP($H14,areaCercaPuntiClassificaSquadra,3,FALSE),-1)=IFERROR(VLOOKUP($AD14,areaCercaPuntiClassificaSquadra,3,FALSE),-2)),SUMIFS(Dati!$E$2:$E$761,Dati!$A$2:$A$761,$H14,Dati!$H$2:$H$761,$AD14)+SUMIFS(Dati!$L$2:$L$761,Dati!$H$2:$H$761,$H14,Dati!$A$2:$A$761,$AD14),"-") | CS14: =IF(AND($H14<>"",$AE14<>"",$H14<>$AE14,IFERROR(VLOOKUP($H14,areaCercaPuntiClassificaSquadra,3,FALSE),-1)=IFERROR(VLOOKUP($AE14,areaCercaPuntiClassificaSquadra,3,FALSE),-2)),SUMIFS(Dati!$E$2:$E$761,Dati!$A$2:$A$761,$H14,Dati!$H$2:$H$761,$AE14)+SUMIFS(Dati!$L$2:$L$761,Dati!$H$2:$H$761,$H14,Dati!$A$2:$A$761,$AE14),"-") | CT14: =IF(AND($H14<>"",$AF14<>"",$H14<>$AF14,IFERROR(VLOOKUP($H14,areaCercaPuntiClassificaSquadra,3,FALSE),-1)=IFERROR(VLOOKUP($AF14,areaCercaPuntiClassificaSquadra,3,FALSE),-2)),SUMIFS(Dati!$E$2:$E$761,Dati!$A$2:$A$761,$H14,Dati!$H$2:$H$761,$AF14)+SUMIFS(Dati!$L$2:$L$761,Dati!$H$2:$H$761,$H14,Dati!$A$2:$A$761,$AF14),"-") | CU14: =IF(AND($H14<>"",$AG14<>"",$H14<>$AG14,IFERROR(VLOOKUP($H14,areaCercaPuntiClassificaSquadra,3,FALSE),-1)=IFERROR(VLOOKUP($AG14,areaCercaPuntiClassificaSquadra,3,FALSE),-2)),SUMIFS(Dati!$E$2:$E$761,Dati!$A$2:$A$761,$H14,Dati!$H$2:$H$761,$AG14)+SUMIFS(Dati!$L$2:$L$761,Dati!$H$2:$H$761,$H14,Dati!$A$2:$A$761,$AG14),"-") | CV14: =IF(AND($H14<>"",$AH14<>"",$H14<>$AH14,IFERROR(VLOOKUP($H14,areaCercaPuntiClassificaSquadra,3,FALSE),-1)=IFERROR(VLOOKUP($AH14,areaCercaPuntiClassificaSquadra,3,FALSE),-2)),SUMIFS(Dati!$E$2:$E$761,Dati!$A$2:$A$761,$H14,Dati!$H$2:$H$761,$AH14)+SUMIFS(Dati!$L$2:$L$761,Dati!$H$2:$H$761,$H14,Dati!$A$2:$A$761,$AH14),"-") | CW14: =IF(AND($H14<>"",$AI14<>"",$H14<>$AI14,IFERROR(VLOOKUP($H14,areaCercaPuntiClassificaSquadra,3,FALSE),-1)=IFERROR(VLOOKUP($AI14,areaCercaPuntiClassificaSquadra,3,FALSE),-2)),SUMIFS(Dati!$E$2:$E$761,Dati!$A$2:$A$761,$H14,Dati!$H$2:$H$761,$AI14)+SUMIFS(Dati!$L$2:$L$761,Dati!$H$2:$H$761,$H14,Dati!$A$2:$A$761,$AI14),"-") | CX14: =IF(AND($H14<>"",$AJ14<>"",$H14<>$AJ14,IFERROR(VLOOKUP($H14,areaCercaPuntiClassificaSquadra,3,FALSE),-1)=IFERROR(VLOOKUP($AJ14,areaCercaPuntiClassificaSquadra,3,FALSE),-2)),SUMIFS(Dati!$E$2:$E$761,Dati!$A$2:$A$761,$H14,Dati!$H$2:$H$761,$AJ14)+SUMIFS(Dati!$L$2:$L$761,Dati!$H$2:$H$761,$H14,Dati!$A$2:$A$761,$AJ14),"-") | CY14: =IF(AND($H14<>"",$AK14<>"",$H14<>$AK14,IFERROR(VLOOKUP($H14,areaCercaPuntiClassificaSquadra,3,FALSE),-1)=IFERROR(VLOOKUP($AK14,areaCercaPuntiClassificaSquadra,3,FALSE),-2)),SUMIFS(Dati!$E$2:$E$761,Dati!$A$2:$A$761,$H14,Dati!$H$2:$H$761,$AK14)+SUMIFS(Dati!$L$2:$L$761,Dati!$H$2:$H$761,$H14,Dati!$A$2:$A$761,$AK14),"-") | CZ14: =IF(AND($H14<>"",$AL14<>"",$H14<>$AL14,IFERROR(VLOOKUP($H14,areaCercaPuntiClassificaSquadra,3,FALSE),-1)=IFERROR(VLOOKUP($AL14,areaCercaPuntiClassificaSquadra,3,FALSE),-2)),SUMIFS(Dati!$E$2:$E$761,Dati!$A$2:$A$761,$H14,Dati!$H$2:$H$761,$AL14)+SUMIFS(Dati!$L$2:$L$761,Dati!$H$2:$H$761,$H14,Dati!$A$2:$A$761,$AL14),"-") | DA14: =IF(AND($H14<>"",$AM14<>"",$H14<>$AM14,IFERROR(VLOOKUP($H14,areaCercaPuntiClassificaSquadra,3,FALSE),-1)=IFERROR(VLOOKUP($AM14,areaCercaPuntiClassificaSquadra,3,FALSE),-2)),SUMIFS(Dati!$E$2:$E$761,Dati!$A$2:$A$761,$H14,Dati!$H$2:$H$761,$AM14)+SUMIFS(Dati!$L$2:$L$761,Dati!$H$2:$H$761,$H14,Dati!$A$2:$A$761,$AM14),"-") | DB14: =IF(AND($H14<>"",$AN14<>"",$H14<>$AN14,IFERROR(VLOOKUP($H14,areaCercaPuntiClassificaSquadra,3,FALSE),-1)=IFERROR(VLOOKUP($AN14,areaCercaPuntiClassificaSquadra,3,FALSE),-2)),SUMIFS(Dati!$E$2:$E$761,Dati!$A$2:$A$761,$H14,Dati!$H$2:$H$761,$AN14)+SUMIFS(Dati!$L$2:$L$761,Dati!$H$2:$H$761,$H14,Dati!$A$2:$A$761,$AN14),"-") | DC14: =IF(AND($H14<>"",$AO14<>"",$H14<>$AO14,IFERROR(VLOOKUP($H14,areaCercaPuntiClassificaSquadra,3,FALSE),-1)=IFERROR(VLOOKUP($AO14,areaCercaPuntiClassificaSquadra,3,FALSE),-2)),SUMIFS(Dati!$E$2:$E$761,Dati!$A$2:$A$761,$H14,Dati!$H$2:$H$761,$AO14)+SUMIFS(Dati!$L$2:$L$761,Dati!$H$2:$H$761,$H14,Dati!$A$2:$A$761,$AO14),"-") | DD14: =IF(AND($H14<>"",$AP14<>"",$H14<>$AP14,IFERROR(VLOOKUP($H14,areaCercaPuntiClassificaSquadra,3,FALSE),-1)=IFERROR(VLOOKUP($AP14,areaCercaPuntiClassificaSquadra,3,FALSE),-2)),SUMIFS(Dati!$E$2:$E$761,Dati!$A$2:$A$761,$H14,Dati!$H$2:$H$761,$AP14)+SUMIFS(Dati!$L$2:$L$761,Dati!$H$2:$H$761,$H14,Dati!$A$2:$A$761,$AP14),"-") | DE14: =IF(AND($H14<>"",$AQ14<>"",$H14<>$AQ14,IFERROR(VLOOKUP($H14,areaCercaPuntiClassificaSquadra,3,FALSE),-1)=IFERROR(VLOOKUP($AQ14,areaCercaPuntiClassificaSquadra,3,FALSE),-2)),SUMIFS(Dati!$E$2:$E$761,Dati!$A$2:$A$761,$H14,Dati!$H$2:$H$761,$AQ14)+SUMIFS(Dati!$L$2:$L$761,Dati!$H$2:$H$761,$H14,Dati!$A$2:$A$761,$AQ14),"-") | DF14: =IF(AND($H14<>"",$AR14<>"",$H14<>$AR14,IFERROR(VLOOKUP($H14,areaCercaPuntiClassificaSquadra,3,FALSE),-1)=IFERROR(VLOOKUP($AR14,areaCercaPuntiClassificaSquadra,3,FALSE),-2)),SUMIFS(Dati!$E$2:$E$761,Dati!$A$2:$A$761,$H14,Dati!$H$2:$H$761,$AR14)+SUMIFS(Dati!$L$2:$L$761,Dati!$H$2:$H$761,$H14,Dati!$A$2:$A$761,$AR14),"-") | DH14: =$C14 | DI14: =IF(AND($H14<>"",$Y14<>"",$H14<>$Y14,IFERROR(VLOOKUP($H14,areaCercaPuntiClassificaSquadra,3,FALSE),-1)=IFERROR(VLOOKUP($Y14,areaCercaPuntiClassificaSquadra,3,FALSE),-2)),SUMIFS(Dati!$F$2:$F$761,Dati!$A$2:$A$761,$H14,Dati!$H$2:$H$761,$Y14)+SUMIFS(Dati!$M$2:$M$761,Dati!$H$2:$H$761,$H14,Dati!$A$2:$A$761,$Y14),"-") | DJ14: =IF(AND($H14<>"",$Z14<>"",$H14<>$Z14,IFERROR(VLOOKUP($H14,areaCercaPuntiClassificaSquadra,3,FALSE),-1)=IFERROR(VLOOKUP($Z14,areaCercaPuntiClassificaSquadra,3,FALSE),-2)),SUMIFS(Dati!$F$2:$F$761,Dati!$A$2:$A$761,$H14,Dati!$H$2:$H$761,$Z14)+SUMIFS(Dati!$M$2:$M$761,Dati!$H$2:$H$761,$H14,Dati!$A$2:$A$761,$Z14),"-") | DK14: =IF(AND($H14<>"",$AA14<>"",$H14<>$AA14,IFERROR(VLOOKUP($H14,areaCercaPuntiClassificaSquadra,3,FALSE),-1)=IFERROR(VLOOKUP($AA14,areaCercaPuntiClassificaSquadra,3,FALSE),-2)),SUMIFS(Dati!$F$2:$F$761,Dati!$A$2:$A$761,$H14,Dati!$H$2:$H$761,$AA14)+SUMIFS(Dati!$M$2:$M$761,Dati!$H$2:$H$761,$H14,Dati!$A$2:$A$761,$AA14),"-") | DL14: =IF(AND($H14<>"",$AB14<>"",$H14<>$AB14,IFERROR(VLOOKUP($H14,areaCercaPuntiClassificaSquadra,3,FALSE),-1)=IFERROR(VLOOKUP($AB14,areaCercaPuntiClassificaSquadra,3,FALSE),-2)),SUMIFS(Dati!$F$2:$F$761,Dati!$A$2:$A$761,$H14,Dati!$H$2:$H$761,$AB14)+SUMIFS(Dati!$M$2:$M$761,Dati!$H$2:$H$761,$H14,Dati!$A$2:$A$761,$AB14),"-") | DM14: =IF(AND($H14<>"",$AC14<>"",$H14<>$AC14,IFERROR(VLOOKUP($H14,areaCercaPuntiClassificaSquadra,3,FALSE),-1)=IFERROR(VLOOKUP($AC14,areaCercaPuntiClassificaSquadra,3,FALSE),-2)),SUMIFS(Dati!$F$2:$F$761,Dati!$A$2:$A$761,$H14,Dati!$H$2:$H$761,$AC14)+SUMIFS(Dati!$M$2:$M$761,Dati!$H$2:$H$761,$H14,Dati!$A$2:$A$761,$AC14),"-") | DN14: =IF(AND($H14<>"",$AD14<>"",$H14<>$AD14,IFERROR(VLOOKUP($H14,areaCercaPuntiClassificaSquadra,3,FALSE),-1)=IFERROR(VLOOKUP($AD14,areaCercaPuntiClassificaSquadra,3,FALSE),-2)),SUMIFS(Dati!$F$2:$F$761,Dati!$A$2:$A$761,$H14,Dati!$H$2:$H$761,$AD14)+SUMIFS(Dati!$M$2:$M$761,Dati!$H$2:$H$761,$H14,Dati!$A$2:$A$761,$AD14),"-") | DO14: =IF(AND($H14<>"",$AE14<>"",$H14<>$AE14,IFERROR(VLOOKUP($H14,areaCercaPuntiClassificaSquadra,3,FALSE),-1)=IFERROR(VLOOKUP($AE14,areaCercaPuntiClassificaSquadra,3,FALSE),-2)),SUMIFS(Dati!$F$2:$F$761,Dati!$A$2:$A$761,$H14,Dati!$H$2:$H$761,$AE14)+SUMIFS(Dati!$M$2:$M$761,Dati!$H$2:$H$761,$H14,Dati!$A$2:$A$761,$AE14),"-") | DP14: =IF(AND($H14<>"",$AF14<>"",$H14<>$AF14,IFERROR(VLOOKUP($H14,areaCercaPuntiClassificaSquadra,3,FALSE),-1)=IFERROR(VLOOKUP($AF14,areaCercaPuntiClassificaSquadra,3,FALSE),-2)),SUMIFS(Dati!$F$2:$F$761,Dati!$A$2:$A$761,$H14,Dati!$H$2:$H$761,$AF14)+SUMIFS(Dati!$M$2:$M$761,Dati!$H$2:$H$761,$H14,Dati!$A$2:$A$761,$AF14),"-") | DQ14: =IF(AND($H14<>"",$AG14<>"",$H14<>$AG14,IFERROR(VLOOKUP($H14,areaCercaPuntiClassificaSquadra,3,FALSE),-1)=IFERROR(VLOOKUP($AG14,areaCercaPuntiClassificaSquadra,3,FALSE),-2)),SUMIFS(Dati!$F$2:$F$761,Dati!$A$2:$A$761,$H14,Dati!$H$2:$H$761,$AG14)+SUMIFS(Dati!$M$2:$M$761,Dati!$H$2:$H$761,$H14,Dati!$A$2:$A$761,$AG14),"-") | DR14: =IF(AND($H14<>"",$AH14<>"",$H14<>$AH14,IFERROR(VLOOKUP($H14,areaCercaPuntiClassificaSquadra,3,FALSE),-1)=IFERROR(VLOOKUP($AH14,areaCercaPuntiClassificaSquadra,3,FALSE),-2)),SUMIFS(Dati!$F$2:$F$761,Dati!$A$2:$A$761,$H14,Dati!$H$2:$H$761,$AH14)+SUMIFS(Dati!$M$2:$M$761,Dati!$H$2:$H$761,$H14,Dati!$A$2:$A$761,$AH14),"-") | DS14: =IF(AND($H14<>"",$AI14<>"",$H14<>$AI14,IFERROR(VLOOKUP($H14,areaCercaPuntiClassificaSquadra,3,FALSE),-1)=IFERROR(VLOOKUP($AI14,areaCercaPuntiClassificaSquadra,3,FALSE),-2)),SUMIFS(Dati!$F$2:$F$761,Dati!$A$2:$A$761,$H14,Dati!$H$2:$H$761,$AI14)+SUMIFS(Dati!$M$2:$M$761,Dati!$H$2:$H$761,$H14,Dati!$A$2:$A$761,$AI14),"-") | DT14: =IF(AND($H14<>"",$AJ14<>"",$H14<>$AJ14,IFERROR(VLOOKUP($H14,areaCercaPuntiClassificaSquadra,3,FALSE),-1)=IFERROR(VLOOKUP($AJ14,areaCercaPuntiClassificaSquadra,3,FALSE),-2)),SUMIFS(Dati!$F$2:$F$761,Dati!$A$2:$A$761,$H14,Dati!$H$2:$H$761,$AJ14)+SUMIFS(Dati!$M$2:$M$761,Dati!$H$2:$H$761,$H14,Dati!$A$2:$A$761,$AJ14),"-") | DU14: =IF(AND($H14<>"",$AK14<>"",$H14<>$AK14,IFERROR(VLOOKUP($H14,areaCercaPuntiClassificaSquadra,3,FALSE),-1)=IFERROR(VLOOKUP($AK14,areaCercaPuntiClassificaSquadra,3,FALSE),-2)),SUMIFS(Dati!$F$2:$F$761,Dati!$A$2:$A$761,$H14,Dati!$H$2:$H$761,$AK14)+SUMIFS(Dati!$M$2:$M$761,Dati!$H$2:$H$761,$H14,Dati!$A$2:$A$761,$AK14),"-") | DV14: =IF(AND($H14<>"",$AL14<>"",$H14<>$AL14,IFERROR(VLOOKUP($H14,areaCercaPuntiClassificaSquadra,3,FALSE),-1)=IFERROR(VLOOKUP($AL14,areaCercaPuntiClassificaSquadra,3,FALSE),-2)),SUMIFS(Dati!$F$2:$F$761,Dati!$A$2:$A$761,$H14,Dati!$H$2:$H$761,$AL14)+SUMIFS(Dati!$M$2:$M$761,Dati!$H$2:$H$761,$H14,Dati!$A$2:$A$761,$AL14),"-") | DW14: =IF(AND($H14<>"",$AM14<>"",$H14<>$AM14,IFERROR(VLOOKUP($H14,areaCercaPuntiClassificaSquadra,3,FALSE),-1)=IFERROR(VLOOKUP($AM14,areaCercaPuntiClassificaSquadra,3,FALSE),-2)),SUMIFS(Dati!$F$2:$F$761,Dati!$A$2:$A$761,$H14,Dati!$H$2:$H$761,$AM14)+SUMIFS(Dati!$M$2:$M$761,Dati!$H$2:$H$761,$H14,Dati!$A$2:$A$761,$AM14),"-") | DX14: =IF(AND($H14<>"",$AN14<>"",$H14<>$AN14,IFERROR(VLOOKUP($H14,areaCercaPuntiClassificaSquadra,3,FALSE),-1)=IFERROR(VLOOKUP($AN14,areaCercaPuntiClassificaSquadra,3,FALSE),-2)),SUMIFS(Dati!$F$2:$F$761,Dati!$A$2:$A$761,$H14,Dati!$H$2:$H$761,$AN14)+SUMIFS(Dati!$M$2:$M$761,Dati!$H$2:$H$761,$H14,Dati!$A$2:$A$761,$AN14),"-") | DY14: =IF(AND($H14<>"",$AO14<>"",$H14<>$AO14,IFERROR(VLOOKUP($H14,areaCercaPuntiClassificaSquadra,3,FALSE),-1)=IFERROR(VLOOKUP($AO14,areaCercaPuntiClassificaSquadra,3,FALSE),-2)),SUMIFS(Dati!$F$2:$F$761,Dati!$A$2:$A$761,$H14,Dati!$H$2:$H$761,$AO14)+SUMIFS(Dati!$M$2:$M$761,Dati!$H$2:$H$761,$H14,Dati!$A$2:$A$761,$AO14),"-") | DZ14: =IF(AND($H14<>"",$AP14<>"",$H14<>$AP14,IFERROR(VLOOKUP($H14,areaCercaPuntiClassificaSquadra,3,FALSE),-1)=IFERROR(VLOOKUP($AP14,areaCercaPuntiClassificaSquadra,3,FALSE),-2)),SUMIFS(Dati!$F$2:$F$761,Dati!$A$2:$A$761,$H14,Dati!$H$2:$H$761,$AP14)+SUMIFS(Dati!$M$2:$M$761,Dati!$H$2:$H$761,$H14,Dati!$A$2:$A$761,$AP14),"-") | EA14: =IF(AND($H14<>"",$AQ14<>"",$H14<>$AQ14,IFERROR(VLOOKUP($H14,areaCercaPuntiClassificaSquadra,3,FALSE),-1)=IFERROR(VLOOKUP($AQ14,areaCercaPuntiClassificaSquadra,3,FALSE),-2)),SUMIFS(Dati!$F$2:$F$761,Dati!$A$2:$A$761,$H14,Dati!$H$2:$H$761,$AQ14)+SUMIFS(Dati!$M$2:$M$761,Dati!$H$2:$H$761,$H14,Dati!$A$2:$A$761,$AQ14),"-") | EB14: =IF(AND($H14<>"",$AR14<>"",$H14<>$AR14,IFERROR(VLOOKUP($H14,areaCercaPuntiClassificaSquadra,3,FALSE),-1)=IFERROR(VLOOKUP($AR14,areaCercaPuntiClassificaSquadra,3,FALSE),-2)),SUMIFS(Dati!$F$2:$F$761,Dati!$A$2:$A$761,$H14,Dati!$H$2:$H$761,$AR14)+SUMIFS(Dati!$M$2:$M$761,Dati!$H$2:$H$761,$H14,Dati!$A$2:$A$761,$AR14),"-") | ED14: =IF($C14="","",SUM(AU14:BN14))
B15: A02 | C15: Bufali Belligeranti-Bufaliopoli BE | E15: A | G15: =IF($C15="","",$E15&(COUNTIFS(I$14:I$93,">"&I15,E$14:E$93,"="&E15,C$14:C$93,"<>")+COUNTIFS(I$14:I$93,"="&I15,H$14:H$93,"<="&H15,E$14:E$93,"="&E15,C$14:C$93,"<>"))) | H15: =IF($C15="","",IFERROR(LEFT($C15,FIND("-",$C15)-1),$C15)) | I15: =TEXT(1000000000+J15,"|0000000000|")&TEXT(SUM(AU15:BN15),"0000000000|")&IF(SUM(DI15:EB15)=0,"0000000000|",TEXT(ROUND(SUM(CM15:DF15)/SUM(DI15:EB15),4)*100000,"0000000000|"))&IF(P15=0,"0000000000|",TEXT(ROUND(O15/P15,4)*100000,"0000000000|")) | J15: =L15*constPuntiVittoria+M15*constPuntiSconfitta+N15*constPuntiForfait+IF(D15="",0,D15) | K15: =SUM(L15:N15) | L15: =IF($H15="",0,SUMIF(Dati!$A$2:$A$761,$H15,Dati!$B$2:$B$761)+SUMIF(Dati!$H$2:$H$761,$H15,Dati!$I$2:$I$761)) | M15: =IF($H15="",0,SUMIF(Dati!$A$2:$A$761,$H15,Dati!$D$2:$D$761)+SUMIF(Dati!$H$2:$H$761,$H15,Dati!$K$2:$K$761)) | N15: =IF($H15="",0,SUMIF(Dati!$A$2:$A$761,$H15,Dati!$C$2:$C$761)+SUMIF(Dati!$H$2:$H$761,$H15,Dati!$J$2:$J$761)) | O15: =IF($H15="",0,SUMIF(Dati!$A$2:$A$761,$H15,Dati!$E$2:$E$761)+SUMIF(Dati!$H$2:$H$761,$H15,Dati!$L$2:$L$761)) | P15: =IF($H15="",0,SUMIF(Dati!$A$2:$A$761,$H15,Dati!$F$2:$F$761)+SUMIF(Dati!$H$2:$H$761,$H15,Dati!$M$2:$M$761)) | Q15: =IF($H15="",0,SUMIF(Dati!$A$2:$A$761,$H15,Dati!$G$2:$G$761)+SUMIF(Dati!$H$2:$H$761,$H15,Dati!$N$2:$N$761)) | R15: =IF(K15=0,0,ROUND(O15/K15,2)) | S15: =IF(K15=0,0,ROUND(P15/K15,2)) | T15: =IF(K15=0,0,ROUND(Q15/K15,2)) | U15: =IF(COUNTIFS($E$14:$E$93,$E15,$J$14:$J$93,$J15,$C$14:$C$93,"<>")<=1,"-",SUM(AU15:BN15)&"-"&SUM(BQ15:CJ15)) | V15: =IF(COUNTIFS($E$14:$E$93,$E15,$J$14:$J$93,$J15,$C$14:$C$93,"<>",$ED$14:$ED$93,$ED15)<=1,"-",IF(SUM(DI15:EB15)=0,0,ROUND(SUM(CM15:DF15)/SUM(DI15:EB15),3))) | W15: =IF(COUNTIFS($E$14:$E$93,$E15,$J$14:$J$93,$J15,$C$14:$C$93,"<>",$ED$14:$ED$93,$ED15,$V$14:$V$93,$V15)<=1,"-",IF(P15=0,0,ROUND(O15/P15,3))) | X15: =IF($C15="","",$E15&"#"&COUNTIFS($E$14:$E15,$E15,$C$14:$C15,"<>")) | Y15: =IFERROR(INDEX($H$14:$H$93,MATCH($E15&"#1",$X$14:$X$93,0)),"") | Z15: =IFERROR(INDEX($H$14:$H$93,MATCH($E15&"#2",$X$14:$X$93,0)),"") | AA15: =IFERROR(INDEX($H$14:$H$93,MATCH($E15&"#3",$X$14:$X$93,0)),"") | AB15: =IFERROR(INDEX($H$14:$H$93,MATCH($E15&"#4",$X$14:$X$93,0)),"") | AC15: =IFERROR(INDEX($H$14:$H$93,MATCH($E15&"#5",$X$14:$X$93,0)),"") | AD15: =IFERROR(INDEX($H$14:$H$93,MATCH($E15&"#6",$X$14:$X$93,0)),"") | AE15: =IFERROR(INDEX($H$14:$H$93,MATCH($E15&"#7",$X$14:$X$93,0)),"") | AF15: =IFERROR(INDEX($H$14:$H$93,MATCH($E15&"#8",$X$14:$X$93,0)),"") | AG15: =IFERROR(INDEX($H$14:$H$93,MATCH($E15&"#9",$X$14:$X$93,0)),"") | AH15: =IFERROR(INDEX($H$14:$H$93,MATCH($E15&"#10",$X$14:$X$93,0)),"") | AI15: =IFERROR(INDEX($H$14:$H$93,MATCH($E15&"#11",$X$14:$X$93,0)),"") | AJ15: =IFERROR(INDEX($H$14:$H$93,MATCH($E15&"#12",$X$14:$X$93,0)),"") | AK15: =IFERROR(INDEX($H$14:$H$93,MATCH($E15&"#13",$X$14:$X$93,0)),"") | AL15: =IFERROR(INDEX($H$14:$H$93,MATCH($E15&"#14",$X$14:$X$93,0)),"") | AM15: =IFERROR(INDEX($H$14:$H$93,MATCH($E15&"#15",$X$14:$X$93,0)),"") | AN15: =IFERROR(INDEX($H$14:$H$93,MATCH($E15&"#16",$X$14:$X$93,0)),"") | AO15: =IFERROR(INDEX($H$14:$H$93,MATCH($E15&"#17",$X$14:$X$93,0)),"") | AP15: =IFERROR(INDEX($H$14:$H$93,MATCH($E15&"#18",$X$14:$X$93,0)),"") | AQ15: =IFERROR(INDEX($H$14:$H$93,MATCH($E15&"#19",$X$14:$X$93,0)),"") | AR15: =IFERROR(INDEX($H$14:$H$93,MATCH($E15&"#20",$X$14:$X$93,0)),"") | AT15: =$C15 | AU15: =IF(AND($H15<>"",$Y15<>"",$H15<>$Y15,IFERROR(VLOOKUP($H15,areaCercaPuntiClassificaSquadra,3,FALSE),-1)=IFERROR(VLOOKUP($Y15,areaCercaPuntiClassificaSquadra,3,FALSE),-2)),SUMIFS(Dati!$B$2:$B$761,Dati!$A$2:$A$761,$H15,Dati!$H$2:$H$761,$Y15)+SUMIFS(Dati!$I$2:$I$761,Dati!$H$2:$H$761,$H15,Dati!$A$2:$A$761,$Y15),"-") | AV15: =IF(AND($H15<>"",$Z15<>"",$H15<>$Z15,IFERROR(VLOOKUP($H15,areaCercaPuntiClassificaSquadra,3,FALSE),-1)=IFERROR(VLOOKUP($Z15,areaCercaPuntiClassificaSquadra,3,FALSE),-2)),SUMIFS(Dati!$B$2:$B$761,Dati!$A$2:$A$761,$H15,Dati!$H$2:$H$761,$Z15)+SUMIFS(Dati!$I$2:$I$761,Dati!$H$2:$H$761,$H15,Dati!$A$2:$A$761,$Z15),"-") | AW15: =IF(AND($H15<>"",$AA15<>"",$H15<>$AA15,IFERROR(VLOOKUP($H15,areaCercaPuntiClassificaSquadra,3,FALSE),-1)=IFERROR(VLOOKUP($AA15,areaCercaPuntiClassificaSquadra,3,FALSE),-2)),SUMIFS(Dati!$B$2:$B$761,Dati!$A$2:$A$761,$H15,Dati!$H$2:$H$761,$AA15)+SUMIFS(Dati!$I$2:$I$761,Dati!$H$2:$H$761,$H15,Dati!$A$2:$A$761,$AA15),"-") | AX15: =IF(AND($H15<>"",$AB15<>"",$H15<>$AB15,IFERROR(VLOOKUP($H15,areaCercaPuntiClassificaSquadra,3,FALSE),-1)=IFERROR(VLOOKUP($AB15,areaCercaPuntiClassificaSquadra,3,FALSE),-2)),SUMIFS(Dati!$B$2:$B$761,Dati!$A$2:$A$761,$H15,Dati!$H$2:$H$761,$AB15)+SUMIFS(Dati!$I$2:$I$761,Dati!$H$2:$H$761,$H15,Dati!$A$2:$A$761,$AB15),"-") | AY15: =IF(AND($H15<>"",$AC15<>"",$H15<>$AC15,IFERROR(VLOOKUP($H15,areaCercaPuntiClassificaSquadra,3,FALSE),-1)=IFERROR(VLOOKUP($AC15,areaCercaPuntiClassificaSquadra,3,FALSE),-2)),SUMIFS(Dati!$B$2:$B$761,Dati!$A$2:$A$761,$H15,Dati!$H$2:$H$761,$AC15)+SUMIFS(Dati!$I$2:$I$761,Dati!$H$2:$H$761,$H15,Dati!$A$2:$A$761,$AC15),"-") | AZ15: =IF(AND($H15<>"",$AD15<>"",$H15<>$AD15,IFERROR(VLOOKUP($H15,areaCercaPuntiClassificaSquadra,3,FALSE),-1)=IFERROR(VLOOKUP($AD15,areaCercaPuntiClassificaSquadra,3,FALSE),-2)),SUMIFS(Dati!$B$2:$B$761,Dati!$A$2:$A$761,$H15,Dati!$H$2:$H$761,$AD15)+SUMIFS(Dati!$I$2:$I$761,Dati!$H$2:$H$761,$H15,Dati!$A$2:$A$761,$AD15),"-") | BA15: =IF(AND($H15<>"",$AE15<>"",$H15<>$AE15,IFERROR(VLOOKUP($H15,areaCercaPuntiClassificaSquadra,3,FALSE),-1)=IFERROR(VLOOKUP($AE15,areaCercaPuntiClassificaSquadra,3,FALSE),-2)),SUMIFS(Dati!$B$2:$B$761,Dati!$A$2:$A$761,$H15,Dati!$H$2:$H$761,$AE15)+SUMIFS(Dati!$I$2:$I$761,Dati!$H$2:$H$761,$H15,Dati!$A$2:$A$761,$AE15),"-") | BB15: =IF(AND($H15<>"",$AF15<>"",$H15<>$AF15,IFERROR(VLOOKUP($H15,areaCercaPuntiClassificaSquadra,3,FALSE),-1)=IFERROR(VLOOKUP($AF15,areaCercaPuntiClassificaSquadra,3,FALSE),-2)),SUMIFS(Dati!$B$2:$B$761,Dati!$A$2:$A$761,$H15,Dati!$H$2:$H$761,$AF15)+SUMIFS(Dati!$I$2:$I$761,Dati!$H$2:$H$761,$H15,Dati!$A$2:$A$761,$AF15),"-") | BC15: =IF(AND($H15<>"",$AG15<>"",$H15<>$AG15,IFERROR(VLOOKUP($H15,areaCercaPuntiClassificaSquadra,3,FALSE),-1)=IFERROR(VLOOKUP($AG15,areaCercaPuntiClassificaSquadra,3,FALSE),-2)),SUMIFS(Dati!$B$2:$B$761,Dati!$A$2:$A$761,$H15,Dati!$H$2:$H$761,$AG15)+SUMIFS(Dati!$I$2:$I$761,Dati!$H$2:$H$761,$H15,Dati!$A$2:$A$761,$AG15),"-") | BD15: =IF(AND($H15<>"",$AH15<>"",$H15<>$AH15,IFERROR(VLOOKUP($H15,areaCercaPuntiClassificaSquadra,3,FALSE),-1)=IFERROR(VLOOKUP($AH15,areaCercaPuntiClassificaSquadra,3,FALSE),-2)),SUMIFS(Dati!$B$2:$B$761,Dati!$A$2:$A$761,$H15,Dati!$H$2:$H$761,$AH15)+SUMIFS(Dati!$I$2:$I$761,Dati!$H$2:$H$761,$H15,Dati!$A$2:$A$761,$AH15),"-") | BE15: =IF(AND($H15<>"",$AI15<>"",$H15<>$AI15,IFERROR(VLOOKUP($H15,areaCercaPuntiClassificaSquadra,3,FALSE),-1)=IFERROR(VLOOKUP($AI15,areaCercaPuntiClassificaSquadra,3,FALSE),-2)),SUMIFS(Dati!$B$2:$B$761,Dati!$A$2:$A$761,$H15,Dati!$H$2:$H$761,$AI15)+SUMIFS(Dati!$I$2:$I$761,Dati!$H$2:$H$761,$H15,Dati!$A$2:$A$761,$AI15),"-") | BF15: =IF(AND($H15<>"",$AJ15<>"",$H15<>$AJ15,IFERROR(VLOOKUP($H15,areaCercaPuntiClassificaSquadra,3,FALSE),-1)=IFERROR(VLOOKUP($AJ15,areaCercaPuntiClassificaSquadra,3,FALSE),-2)),SUMIFS(Dati!$B$2:$B$761,Dati!$A$2:$A$761,$H15,Dati!$H$2:$H$761,$AJ15)+SUMIFS(Dati!$I$2:$I$761,Dati!$H$2:$H$761,$H15,Dati!$A$2:$A$761,$AJ15),"-") | BG15: =IF(AND($H15<>"",$AK15<>"",$H15<>$AK15,IFERROR(VLOOKUP($H15,areaCercaPuntiClassificaSquadra,3,FALSE),-1)=IFERROR(VLOOKUP($AK15,areaCercaPuntiClassificaSquadra,3,FALSE),-2)),SUMIFS(Dati!$B$2:$B$761,Dati!$A$2:$A$761,$H15,Dati!$H$2:$H$761,$AK15)+SUMIFS(Dati!$I$2:$I$761,Dati!$H$2:$H$761,$H15,Dati!$A$2:$A$761,$AK15),"-") | BH15: =IF(AND($H15<>"",$AL15<>"",$H15<>$AL15,IFERROR(VLOOKUP($H15,areaCercaPuntiClassificaSquadra,3,FALSE),-1)=IFERROR(VLOOKUP($AL15,areaCercaPuntiClassificaSquadra,3,FALSE),-2)),SUMIFS(Dati!$B$2:$B$761,Dati!$A$2:$A$761,$H15,Dati!$H$2:$H$761,$AL15)+SUMIFS(Dati!$I$2:$I$761,Dati!$H$2:$H$761,$H15,Dati!$A$2:$A$761,$AL15),"-") | BI15: =IF(AND($H15<>"",$AM15<>"",$H15<>$AM15,IFERROR(VLOOKUP($H15,areaCercaPuntiClassificaSquadra,3,FALSE),-1)=IFERROR(VLOOKUP($AM15,areaCercaPuntiClassificaSquadra,3,FALSE),-2)),SUMIFS(Dati!$B$2:$B$761,Dati!$A$2:$A$761,$H15,Dati!$H$2:$H$761,$AM15)+SUMIFS(Dati!$I$2:$I$761,Dati!$H$2:$H$761,$H15,Dati!$A$2:$A$761,$AM15),"-") | BJ15: =IF(AND($H15<>"",$AN15<>"",$H15<>$AN15,IFERROR(VLOOKUP($H15,areaCercaPuntiClassificaSquadra,3,FALSE),-1)=IFERROR(VLOOKUP($AN15,areaCercaPuntiClassificaSquadra,3,FALSE),-2)),SUMIFS(Dati!$B$2:$B$761,Dati!$A$2:$A$761,$H15,Dati!$H$2:$H$761,$AN15)+SUMIFS(Dati!$I$2:$I$761,Dati!$H$2:$H$761,$H15,Dati!$A$2:$A$761,$AN15),"-") | BK15: =IF(AND($H15<>"",$AO15<>"",$H15<>$AO15,IFERROR(VLOOKUP($H15,areaCercaPuntiClassificaSquadra,3,FALSE),-1)=IFERROR(VLOOKUP($AO15,areaCercaPuntiClassificaSquadra,3,FALSE),-2)),SUMIFS(Dati!$B$2:$B$761,Dati!$A$2:$A$761,$H15,Dati!$H$2:$H$761,$AO15)+SUMIFS(Dati!$I$2:$I$761,Dati!$H$2:$H$761,$H15,Dati!$A$2:$A$761,$AO15),"-") | BL15: =IF(AND($H15<>"",$AP15<>"",$H15<>$AP15,IFERROR(VLOOKUP($H15,areaCercaPuntiClassificaSquadra,3,FALSE),-1)=IFERROR(VLOOKUP($AP15,areaCercaPuntiClassificaSquadra,3,FALSE),-2)),SUMIFS(Dati!$B$2:$B$761,Dati!$A$2:$A$761,$H15,Dati!$H$2:$H$761,$AP15)+SUMIFS(Dati!$I$2:$I$761,Dati!$H$2:$H$761,$H15,Dati!$A$2:$A$761,$AP15),"-") | BM15: =IF(AND($H15<>"",$AQ15<>"",$H15<>$AQ15,IFERROR(VLOOKUP($H15,areaCercaPuntiClassificaSquadra,3,FALSE),-1)=IFERROR(VLOOKUP($AQ15,areaCercaPuntiClassificaSquadra,3,FALSE),-2)),SUMIFS(Dati!$B$2:$B$761,Dati!$A$2:$A$761,$H15,Dati!$H$2:$H$761,$AQ15)+SUMIFS(Dati!$I$2:$I$761,Dati!$H$2:$H$761,$H15,Dati!$A$2:$A$761,$AQ15),"-") | BN15: =IF(AND($H15<>"",$AR15<>"",$H15<>$AR15,IFERROR(VLOOKUP($H15,areaCercaPuntiClassificaSquadra,3,FALSE),-1)=IFERROR(VLOOKUP($AR15,areaCercaPuntiClassificaSquadra,3,FALSE),-2)),SUMIFS(Dati!$B$2:$B$761,Dati!$A$2:$A$761,$H15,Dati!$H$2:$H$761,$AR15)+SUMIFS(Dati!$I$2:$I$761,Dati!$H$2:$H$761,$H15,Dati!$A$2:$A$761,$AR15),"-") | BP15: =$C15 | BQ15: =IF(AND($H15<>"",$Y15<>"",$H15<>$Y15,IFERROR(VLOOKUP($H15,areaCercaPuntiClassificaSquadra,3,FALSE),-1)=IFERROR(VLOOKUP($Y15,areaCercaPuntiClassificaSquadra,3,FALSE),-2)),SUMIFS(Dati!$D$2:$D$761,Dati!$A$2:$A$761,$H15,Dati!$H$2:$H$761,$Y15)+SUMIFS(Dati!$K$2:$K$761,Dati!$H$2:$H$761,$H15,Dati!$A$2:$A$761,$Y15)+SUMIFS(Dati!$C$2:$C$761,Dati!$A$2:$A$761,$H15,Dati!$H$2:$H$761,$Y15)+SUMIFS(Dati!$J$2:$J$761,Dati!$H$2:$H$761,$H15,Dati!$A$2:$A$761,$Y15),"-") | BR15: =IF(AND($H15<>"",$Z15<>"",$H15<>$Z15,IFERROR(VLOOKUP($H15,areaCercaPuntiClassificaSquadra,3,FALSE),-1)=IFERROR(VLOOKUP($Z15,areaCercaPuntiClassificaSquadra,3,FALSE),-2)),SUMIFS(Dati!$D$2:$D$761,Dati!$A$2:$A$761,$H15,Dati!$H$2:$H$761,$Z15)+SUMIFS(Dati!$K$2:$K$761,Dati!$H$2:$H$761,$H15,Dati!$A$2:$A$761,$Z15)+SUMIFS(Dati!$C$2:$C$761,Dati!$A$2:$A$761,$H15,Dati!$H$2:$H$761,$Z15)+SUMIFS(Dati!$J$2:$J$761,Dati!$H$2:$H$761,$H15,Dati!$A$2:$A$761,$Z15),"-") | BS15: =IF(AND($H15<>"",$AA15<>"",$H15<>$AA15,IFERROR(VLOOKUP($H15,areaCercaPuntiClassificaSquadra,3,FALSE),-1)=IFERROR(VLOOKUP($AA15,areaCercaPuntiClassificaSquadra,3,FALSE),-2)),SUMIFS(Dati!$D$2:$D$761,Dati!$A$2:$A$761,$H15,Dati!$H$2:$H$761,$AA15)+SUMIFS(Dati!$K$2:$K$761,Dati!$H$2:$H$761,$H15,Dati!$A$2:$A$761,$AA15)+SUMIFS(Dati!$C$2:$C$761,Dati!$A$2:$A$761,$H15,Dati!$H$2:$H$761,$AA15)+SUMIFS(Dati!$J$2:$J$761,Dati!$H$2:$H$761,$H15,Dati!$A$2:$A$761,$AA15),"-") | BT15: =IF(AND($H15<>"",$AB15<>"",$H15<>$AB15,IFERROR(VLOOKUP($H15,areaCercaPuntiClassificaSquadra,3,FALSE),-1)=IFERROR(VLOOKUP($AB15,areaCercaPuntiClassificaSquadra,3,FALSE),-2)),SUMIFS(Dati!$D$2:$D$761,Dati!$A$2:$A$761,$H15,Dati!$H$2:$H$761,$AB15)+SUMIFS(Dati!$K$2:$K$761,Dati!$H$2:$H$761,$H15,Dati!$A$2:$A$761,$AB15)+SUMIFS(Dati!$C$2:$C$761,Dati!$A$2:$A$761,$H15,Dati!$H$2:$H$761,$AB15)+SUMIFS(Dati!$J$2:$J$761,Dati!$H$2:$H$761,$H15,Dati!$A$2:$A$761,$AB15),"-") | BU15: =IF(AND($H15<>"",$AC15<>"",$H15<>$AC15,IFERROR(VLOOKUP($H15,areaCercaPuntiClassificaSquadra,3,FALSE),-1)=IFERROR(VLOOKUP($AC15,areaCercaPuntiClassificaSquadra,3,FALSE),-2)),SUMIFS(Dati!$D$2:$D$761,Dati!$A$2:$A$761,$H15,Dati!$H$2:$H$761,$AC15)+SUMIFS(Dati!$K$2:$K$761,Dati!$H$2:$H$761,$H15,Dati!$A$2:$A$761,$AC15)+SUMIFS(Dati!$C$2:$C$761,Dati!$A$2:$A$761,$H15,Dati!$H$2:$H$761,$AC15)+SUMIFS(Dati!$J$2:$J$761,Dati!$H$2:$H$761,$H15,Dati!$A$2:$A$761,$AC15),"-") | BV15: =IF(AND($H15<>"",$AD15<>"",$H15<>$AD15,IFERROR(VLOOKUP($H15,areaCercaPuntiClassificaSquadra,3,FALSE),-1)=IFERROR(VLOOKUP($AD15,areaCercaPuntiClassificaSquadra,3,FALSE),-2)),SUMIFS(Dati!$D$2:$D$761,Dati!$A$2:$A$761,$H15,Dati!$H$2:$H$761,$AD15)+SUMIFS(Dati!$K$2:$K$761,Dati!$H$2:$H$761,$H15,Dati!$A$2:$A$761,$AD15)+SUMIFS(Dati!$C$2:$C$761,Dati!$A$2:$A$761,$H15,Dati!$H$2:$H$761,$AD15)+SUMIFS(Dati!$J$2:$J$761,Dati!$H$2:$H$761,$H15,Dati!$A$2:$A$761,$AD15),"-") | BW15: =IF(AND($H15<>"",$AE15<>"",$H15<>$AE15,IFERROR(VLOOKUP($H15,areaCercaPuntiClassificaSquadra,3,FALSE),-1)=IFERROR(VLOOKUP($AE15,areaCercaPuntiClassificaSquadra,3,FALSE),-2)),SUMIFS(Dati!$D$2:$D$761,Dati!$A$2:$A$761,$H15,Dati!$H$2:$H$761,$AE15)+SUMIFS(Dati!$K$2:$K$761,Dati!$H$2:$H$761,$H15,Dati!$A$2:$A$761,$AE15)+SUMIFS(Dati!$C$2:$C$761,Dati!$A$2:$A$761,$H15,Dati!$H$2:$H$761,$AE15)+SUMIFS(Dati!$J$2:$J$761,Dati!$H$2:$H$761,$H15,Dati!$A$2:$A$761,$AE15),"-") | BX15: =IF(AND($H15<>"",$AF15<>"",$H15<>$AF15,IFERROR(VLOOKUP($H15,areaCercaPuntiClassificaSquadra,3,FALSE),-1)=IFERROR(VLOOKUP($AF15,areaCercaPuntiClassificaSquadra,3,FALSE),-2)),SUMIFS(Dati!$D$2:$D$761,Dati!$A$2:$A$761,$H15,Dati!$H$2:$H$761,$AF15)+SUMIFS(Dati!$K$2:$K$761,Dati!$H$2:$H$761,$H15,Dati!$A$2:$A$761,$AF15)+SUMIFS(Dati!$C$2:$C$761,Dati!$A$2:$A$761,$H15,Dati!$H$2:$H$761,$AF15)+SUMIFS(Dati!$J$2:$J$761,Dati!$H$2:$H$761,$H15,Dati!$A$2:$A$761,$AF15),"-") | BY15: =IF(AND($H15<>"",$AG15<>"",$H15<>$AG15,IFERROR(VLOOKUP($H15,areaCercaPuntiClassificaSquadra,3,FALSE),-1)=IFERROR(VLOOKUP($AG15,areaCercaPuntiClassificaSquadra,3,FALSE),-2)),SUMIFS(Dati!$D$2:$D$761,Dati!$A$2:$A$761,$H15,Dati!$H$2:$H$761,$AG15)+SUMIFS(Dati!$K$2:$K$761,Dati!$H$2:$H$761,$H15,Dati!$A$2:$A$761,$AG15)+SUMIFS(Dati!$C$2:$C$761,Dati!$A$2:$A$761,$H15,Dati!$H$2:$H$761,$AG15)+SUMIFS(Dati!$J$2:$J$761,Dati!$H$2:$H$761,$H15,Dati!$A$2:$A$761,$AG15),"-") | BZ15: =IF(AND($H15<>"",$AH15<>"",$H15<>$AH15,IFERROR(VLOOKUP($H15,areaCercaPuntiClassificaSquadra,3,FALSE),-1)=IFERROR(VLOOKUP($AH15,areaCercaPuntiClassificaSquadra,3,FALSE),-2)),SUMIFS(Dati!$D$2:$D$761,Dati!$A$2:$A$761,$H15,Dati!$H$2:$H$761,$AH15)+SUMIFS(Dati!$K$2:$K$761,Dati!$H$2:$H$761,$H15,Dati!$A$2:$A$761,$AH15)+SUMIFS(Dati!$C$2:$C$761,Dati!$A$2:$A$761,$H15,Dati!$H$2:$H$761,$AH15)+SUMIFS(Dati!$J$2:$J$761,Dati!$H$2:$H$761,$H15,Dati!$A$2:$A$761,$AH15),"-") | CA15: =IF(AND($H15<>"",$AI15<>"",$H15<>$AI15,IFERROR(VLOOKUP($H15,areaCercaPuntiClassificaSquadra,3,FALSE),-1)=IFERROR(VLOOKUP($AI15,areaCercaPuntiClassificaSquadra,3,FALSE),-2)),SUMIFS(Dati!$D$2:$D$761,Dati!$A$2:$A$761,$H15,Dati!$H$2:$H$761,$AI15)+SUMIFS(Dati!$K$2:$K$761,Dati!$H$2:$H$761,$H15,Dati!$A$2:$A$761,$AI15)+SUMIFS(Dati!$C$2:$C$761,Dati!$A$2:$A$761,$H15,Dati!$H$2:$H$761,$AI15)+SUMIFS(Dati!$J$2:$J$761,Dati!$H$2:$H$761,$H15,Dati!$A$2:$A$761,$AI15),"-") | CB15: =IF(AND($H15<>"",$AJ15<>"",$H15<>$AJ15,IFERROR(VLOOKUP($H15,areaCercaPuntiClassificaSquadra,3,FALSE),-1)=IFERROR(VLOOKUP($AJ15,areaCercaPuntiClassificaSquadra,3,FALSE),-2)),SUMIFS(Dati!$D$2:$D$761,Dati!$A$2:$A$761,$H15,Dati!$H$2:$H$761,$AJ15)+SUMIFS(Dati!$K$2:$K$761,Dati!$H$2:$H$761,$H15,Dati!$A$2:$A$761,$AJ15)+SUMIFS(Dati!$C$2:$C$761,Dati!$A$2:$A$761,$H15,Dati!$H$2:$H$761,$AJ15)+SUMIFS(Dati!$J$2:$J$761,Dati!$H$2:$H$761,$H15,Dati!$A$2:$A$761,$AJ15),"-") | CC15: =IF(AND($H15<>"",$AK15<>"",$H15<>$AK15,IFERROR(VLOOKUP($H15,areaCercaPuntiClassificaSquadra,3,FALSE),-1)=IFERROR(VLOOKUP($AK15,areaCercaPuntiClassificaSquadra,3,FALSE),-2)),SUMIFS(Dati!$D$2:$D$761,Dati!$A$2:$A$761,$H15,Dati!$H$2:$H$761,$AK15)+SUMIFS(Dati!$K$2:$K$761,Dati!$H$2:$H$761,$H15,Dati!$A$2:$A$761,$AK15)+SUMIFS(Dati!$C$2:$C$761,Dati!$A$2:$A$761,$H15,Dati!$H$2:$H$761,$AK15)+SUMIFS(Dati!$J$2:$J$761,Dati!$H$2:$H$761,$H15,Dati!$A$2:$A$761,$AK15),"-") | CD15: =IF(AND($H15<>"",$AL15<>"",$H15<>$AL15,IFERROR(VLOOKUP($H15,areaCercaPuntiClassificaSquadra,3,FALSE),-1)=IFERROR(VLOOKUP($AL15,areaCercaPuntiClassificaSquadra,3,FALSE),-2)),SUMIFS(Dati!$D$2:$D$761,Dati!$A$2:$A$761,$H15,Dati!$H$2:$H$761,$AL15)+SUMIFS(Dati!$K$2:$K$761,Dati!$H$2:$H$761,$H15,Dati!$A$2:$A$761,$AL15)+SUMIFS(Dati!$C$2:$C$761,Dati!$A$2:$A$761,$H15,Dati!$H$2:$H$761,$AL15)+SUMIFS(Dati!$J$2:$J$761,Dati!$H$2:$H$761,$H15,Dati!$A$2:$A$761,$AL15),"-") | CE15: =IF(AND($H15<>"",$AM15<>"",$H15<>$AM15,IFERROR(VLOOKUP($H15,areaCercaPuntiClassificaSquadra,3,FALSE),-1)=IFERROR(VLOOKUP($AM15,areaCercaPuntiClassificaSquadra,3,FALSE),-2)),SUMIFS(Dati!$D$2:$D$761,Dati!$A$2:$A$761,$H15,Dati!$H$2:$H$761,$AM15)+SUMIFS(Dati!$K$2:$K$761,Dati!$H$2:$H$761,$H15,Dati!$A$2:$A$761,$AM15)+SUMIFS(Dati!$C$2:$C$761,Dati!$A$2:$A$761,$H15,Dati!$H$2:$H$761,$AM15)+SUMIFS(Dati!$J$2:$J$761,Dati!$H$2:$H$761,$H15,Dati!$A$2:$A$761,$AM15),"-") | CF15: =IF(AND($H15<>"",$AN15<>"",$H15<>$AN15,IFERROR(VLOOKUP($H15,areaCercaPuntiClassificaSquadra,3,FALSE),-1)=IFERROR(VLOOKUP($AN15,areaCercaPuntiClassificaSquadra,3,FALSE),-2)),SUMIFS(Dati!$D$2:$D$761,Dati!$A$2:$A$761,$H15,Dati!$H$2:$H$761,$AN15)+SUMIFS(Dati!$K$2:$K$761,Dati!$H$2:$H$761,$H15,Dati!$A$2:$A$761,$AN15)+SUMIFS(Dati!$C$2:$C$761,Dati!$A$2:$A$761,$H15,Dati!$H$2:$H$761,$AN15)+SUMIFS(Dati!$J$2:$J$761,Dati!$H$2:$H$761,$H15,Dati!$A$2:$A$761,$AN15),"-") | CG15: =IF(AND($H15<>"",$AO15<>"",$H15<>$AO15,IFERROR(VLOOKUP($H15,areaCercaPuntiClassificaSquadra,3,FALSE),-1)=IFERROR(VLOOKUP($AO15,areaCercaPuntiClassificaSquadra,3,FALSE),-2)),SUMIFS(Dati!$D$2:$D$761,Dati!$A$2:$A$761,$H15,Dati!$H$2:$H$761,$AO15)+SUMIFS(Dati!$K$2:$K$761,Dati!$H$2:$H$761,$H15,Dati!$A$2:$A$761,$AO15)+SUMIFS(Dati!$C$2:$C$761,Dati!$A$2:$A$761,$H15,Dati!$H$2:$H$761,$AO15)+SUMIFS(Dati!$J$2:$J$761,Dati!$H$2:$H$761,$H15,Dati!$A$2:$A$761,$AO15),"-") | CH15: =IF(AND($H15<>"",$AP15<>"",$H15<>$AP15,IFERROR(VLOOKUP($H15,areaCercaPuntiClassificaSquadra,3,FALSE),-1)=IFERROR(VLOOKUP($AP15,areaCercaPuntiClassificaSquadra,3,FALSE),-2)),SUMIFS(Dati!$D$2:$D$761,Dati!$A$2:$A$761,$H15,Dati!$H$2:$H$761,$AP15)+SUMIFS(Dati!$K$2:$K$761,Dati!$H$2:$H$761,$H15,Dati!$A$2:$A$761,$AP15)+SUMIFS(Dati!$C$2:$C$761,Dati!$A$2:$A$761,$H15,Dati!$H$2:$H$761,$AP15)+SUMIFS(Dati!$J$2:$J$761,Dati!$H$2:$H$761,$H15,Dati!$A$2:$A$761,$AP15),"-") | CI15: =IF(AND($H15<>"",$AQ15<>"",$H15<>$AQ15,IFERROR(VLOOKUP($H15,areaCercaPuntiClassificaSquadra,3,FALSE),-1)=IFERROR(VLOOKUP($AQ15,areaCercaPuntiClassificaSquadra,3,FALSE),-2)),SUMIFS(Dati!$D$2:$D$761,Dati!$A$2:$A$761,$H15,Dati!$H$2:$H$761,$AQ15)+SUMIFS(Dati!$K$2:$K$761,Dati!$H$2:$H$761,$H15,Dati!$A$2:$A$761,$AQ15)+SUMIFS(Dati!$C$2:$C$761,Dati!$A$2:$A$761,$H15,Dati!$H$2:$H$761,$AQ15)+SUMIFS(Dati!$J$2:$J$761,Dati!$H$2:$H$761,$H15,Dati!$A$2:$A$761,$AQ15),"-") | CJ15: =IF(AND($H15<>"",$AR15<>"",$H15<>$AR15,IFERROR(VLOOKUP($H15,areaCercaPuntiClassificaSquadra,3,FALSE),-1)=IFERROR(VLOOKUP($AR15,areaCercaPuntiClassificaSquadra,3,FALSE),-2)),SUMIFS(Dati!$D$2:$D$761,Dati!$A$2:$A$761,$H15,Dati!$H$2:$H$761,$AR15)+SUMIFS(Dati!$K$2:$K$761,Dati!$H$2:$H$761,$H15,Dati!$A$2:$A$761,$AR15)+SUMIFS(Dati!$C$2:$C$761,Dati!$A$2:$A$761,$H15,Dati!$H$2:$H$761,$AR15)+SUMIFS(Dati!$J$2:$J$761,Dati!$H$2:$H$761,$H15,Dati!$A$2:$A$761,$AR15),"-") | CL15: =$C15 | CM15: =IF(AND($H15<>"",$Y15<>"",$H15<>$Y15,IFERROR(VLOOKUP($H15,areaCercaPuntiClassificaSquadra,3,FALSE),-1)=IFERROR(VLOOKUP($Y15,areaCercaPuntiClassificaSquadra,3,FALSE),-2)),SUMIFS(Dati!$E$2:$E$761,Dati!$A$2:$A$761,$H15,Dati!$H$2:$H$761,$Y15)+SUMIFS(Dati!$L$2:$L$761,Dati!$H$2:$H$761,$H15,Dati!$A$2:$A$761,$Y15),"-") | CN15: =IF(AND($H15<>"",$Z15<>"",$H15<>$Z15,IFERROR(VLOOKUP($H15,areaCercaPuntiClassificaSquadra,3,FALSE),-1)=IFERROR(VLOOKUP($Z15,areaCercaPuntiClassificaSquadra,3,FALSE),-2)),SUMIFS(Dati!$E$2:$E$761,Dati!$A$2:$A$761,$H15,Dati!$H$2:$H$761,$Z15)+SUMIFS(Dati!$L$2:$L$761,Dati!$H$2:$H$761,$H15,Dati!$A$2:$A$761,$Z15),"-") | CO15: =IF(AND($H15<>"",$AA15<>"",$H15<>$AA15,IFERROR(VLOOKUP($H15,areaCercaPuntiClassificaSquadra,3,FALSE),-1)=IFERROR(VLOOKUP($AA15,areaCercaPuntiClassificaSquadra,3,FALSE),-2)),SUMIFS(Dati!$E$2:$E$761,Dati!$A$2:$A$761,$H15,Dati!$H$2:$H$761,$AA15)+SUMIFS(Dati!$L$2:$L$761,Dati!$H$2:$H$761,$H15,Dati!$A$2:$A$761,$AA15),"-") | CP15: =IF(AND($H15<>"",$AB15<>"",$H15<>$AB15,IFERROR(VLOOKUP($H15,areaCercaPuntiClassificaSquadra,3,FALSE),-1)=IFERROR(VLOOKUP($AB15,areaCercaPuntiClassificaSquadra,3,FALSE),-2)),SUMIFS(Dati!$E$2:$E$761,Dati!$A$2:$A$761,$H15,Dati!$H$2:$H$761,$AB15)+SUMIFS(Dati!$L$2:$L$761,Dati!$H$2:$H$761,$H15,Dati!$A$2:$A$761,$AB15),"-") | CQ15: =IF(AND($H15<>"",$AC15<>"",$H15<>$AC15,IFERROR(VLOOKUP($H15,areaCercaPuntiClassificaSquadra,3,FALSE),-1)=IFERROR(VLOOKUP($AC15,areaCercaPuntiClassificaSquadra,3,FALSE),-2)),SUMIFS(Dati!$E$2:$E$761,Dati!$A$2:$A$761,$H15,Dati!$H$2:$H$761,$AC15)+SUMIFS(Dati!$L$2:$L$761,Dati!$H$2:$H$761,$H15,Dati!$A$2:$A$761,$AC15),"-") | CR15: =IF(AND($H15<>"",$AD15<>"",$H15<>$AD15,IFERROR(VLOOKUP($H15,areaCercaPuntiClassificaSquadra,3,FALSE),-1)=IFERROR(VLOOKUP($AD15,areaCercaPuntiClassificaSquadra,3,FALSE),-2)),SUMIFS(Dati!$E$2:$E$761,Dati!$A$2:$A$761,$H15,Dati!$H$2:$H$761,$AD15)+SUMIFS(Dati!$L$2:$L$761,Dati!$H$2:$H$761,$H15,Dati!$A$2:$A$761,$AD15),"-") | CS15: =IF(AND($H15<>"",$AE15<>"",$H15<>$AE15,IFERROR(VLOOKUP($H15,areaCercaPuntiClassificaSquadra,3,FALSE),-1)=IFERROR(VLOOKUP($AE15,areaCercaPuntiClassificaSquadra,3,FALSE),-2)),SUMIFS(Dati!$E$2:$E$761,Dati!$A$2:$A$761,$H15,Dati!$H$2:$H$761,$AE15)+SUMIFS(Dati!$L$2:$L$761,Dati!$H$2:$H$761,$H15,Dati!$A$2:$A$761,$AE15),"-") | CT15: =IF(AND($H15<>"",$AF15<>"",$H15<>$AF15,IFERROR(VLOOKUP($H15,areaCercaPuntiClassificaSquadra,3,FALSE),-1)=IFERROR(VLOOKUP($AF15,areaCercaPuntiClassificaSquadra,3,FALSE),-2)),SUMIFS(Dati!$E$2:$E$761,Dati!$A$2:$A$761,$H15,Dati!$H$2:$H$761,$AF15)+SUMIFS(Dati!$L$2:$L$761,Dati!$H$2:$H$761,$H15,Dati!$A$2:$A$761,$AF15),"-") | CU15: =IF(AND($H15<>"",$AG15<>"",$H15<>$AG15,IFERROR(VLOOKUP($H15,areaCercaPuntiClassificaSquadra,3,FALSE),-1)=IFERROR(VLOOKUP($AG15,areaCercaPuntiClassificaSquadra,3,FALSE),-2)),SUMIFS(Dati!$E$2:$E$761,Dati!$A$2:$A$761,$H15,Dati!$H$2:$H$761,$AG15)+SUMIFS(Dati!$L$2:$L$761,Dati!$H$2:$H$761,$H15,Dati!$A$2:$A$761,$AG15),"-") | CV15: =IF(AND($H15<>"",$AH15<>"",$H15<>$AH15,IFERROR(VLOOKUP($H15,areaCercaPuntiClassificaSquadra,3,FALSE),-1)=IFERROR(VLOOKUP($AH15,areaCercaPuntiClassificaSquadra,3,FALSE),-2)),SUMIFS(Dati!$E$2:$E$761,Dati!$A$2:$A$761,$H15,Dati!$H$2:$H$761,$AH15)+SUMIFS(Dati!$L$2:$L$761,Dati!$H$2:$H$761,$H15,Dati!$A$2:$A$761,$AH15),"-") | CW15: =IF(AND($H15<>"",$AI15<>"",$H15<>$AI15,IFERROR(VLOOKUP($H15,areaCercaPuntiClassificaSquadra,3,FALSE),-1)=IFERROR(VLOOKUP($AI15,areaCercaPuntiClassificaSquadra,3,FALSE),-2)),SUMIFS(Dati!$E$2:$E$761,Dati!$A$2:$A$761,$H15,Dati!$H$2:$H$761,$AI15)+SUMIFS(Dati!$L$2:$L$761,Dati!$H$2:$H$761,$H15,Dati!$A$2:$A$761,$AI15),"-") | CX15: =IF(AND($H15<>"",$AJ15<>"",$H15<>$AJ15,IFERROR(VLOOKUP($H15,areaCercaPuntiClassificaSquadra,3,FALSE),-1)=IFERROR(VLOOKUP($AJ15,areaCercaPuntiClassificaSquadra,3,FALSE),-2)),SUMIFS(Dati!$E$2:$E$761,Dati!$A$2:$A$761,$H15,Dati!$H$2:$H$761,$AJ15)+SUMIFS(Dati!$L$2:$L$761,Dati!$H$2:$H$761,$H15,Dati!$A$2:$A$761,$AJ15),"-") | CY15: =IF(AND($H15<>"",$AK15<>"",$H15<>$AK15,IFERROR(VLOOKUP($H15,areaCercaPuntiClassificaSquadra,3,FALSE),-1)=IFERROR(VLOOKUP($AK15,areaCercaPuntiClassificaSquadra,3,FALSE),-2)),SUMIFS(Dati!$E$2:$E$761,Dati!$A$2:$A$761,$H15,Dati!$H$2:$H$761,$AK15)+SUMIFS(Dati!$L$2:$L$761,Dati!$H$2:$H$761,$H15,Dati!$A$2:$A$761,$AK15),"-") | CZ15: =IF(AND($H15<>"",$AL15<>"",$H15<>$AL15,IFERROR(VLOOKUP($H15,areaCercaPuntiClassificaSquadra,3,FALSE),-1)=IFERROR(VLOOKUP($AL15,areaCercaPuntiClassificaSquadra,3,FALSE),-2)),SUMIFS(Dati!$E$2:$E$761,Dati!$A$2:$A$761,$H15,Dati!$H$2:$H$761,$AL15)+SUMIFS(Dati!$L$2:$L$761,Dati!$H$2:$H$761,$H15,Dati!$A$2:$A$761,$AL15),"-") | DA15: =IF(AND($H15<>"",$AM15<>"",$H15<>$AM15,IFERROR(VLOOKUP($H15,areaCercaPuntiClassificaSquadra,3,FALSE),-1)=IFERROR(VLOOKUP($AM15,areaCercaPuntiClassificaSquadra,3,FALSE),-2)),SUMIFS(Dati!$E$2:$E$761,Dati!$A$2:$A$761,$H15,Dati!$H$2:$H$761,$AM15)+SUMIFS(Dati!$L$2:$L$761,Dati!$H$2:$H$761,$H15,Dati!$A$2:$A$761,$AM15),"-") | DB15: =IF(AND($H15<>"",$AN15<>"",$H15<>$AN15,IFERROR(VLOOKUP($H15,areaCercaPuntiClassificaSquadra,3,FALSE),-1)=IFERROR(VLOOKUP($AN15,areaCercaPuntiClassificaSquadra,3,FALSE),-2)),SUMIFS(Dati!$E$2:$E$761,Dati!$A$2:$A$761,$H15,Dati!$H$2:$H$761,$AN15)+SUMIFS(Dati!$L$2:$L$761,Dati!$H$2:$H$761,$H15,Dati!$A$2:$A$761,$AN15),"-") | DC15: =IF(AND($H15<>"",$AO15<>"",$H15<>$AO15,IFERROR(VLOOKUP($H15,areaCercaPuntiClassificaSquadra,3,FALSE),-1)=IFERROR(VLOOKUP($AO15,areaCercaPuntiClassificaSquadra,3,FALSE),-2)),SUMIFS(Dati!$E$2:$E$761,Dati!$A$2:$A$761,$H15,Dati!$H$2:$H$761,$AO15)+SUMIFS(Dati!$L$2:$L$761,Dati!$H$2:$H$761,$H15,Dati!$A$2:$A$761,$AO15),"-") | DD15: =IF(AND($H15<>"",$AP15<>"",$H15<>$AP15,IFERROR(VLOOKUP($H15,areaCercaPuntiClassificaSquadra,3,FALSE),-1)=IFERROR(VLOOKUP($AP15,areaCercaPuntiClassificaSquadra,3,FALSE),-2)),SUMIFS(Dati!$E$2:$E$761,Dati!$A$2:$A$761,$H15,Dati!$H$2:$H$761,$AP15)+SUMIFS(Dati!$L$2:$L$761,Dati!$H$2:$H$761,$H15,Dati!$A$2:$A$761,$AP15),"-") | DE15: =IF(AND($H15<>"",$AQ15<>"",$H15<>$AQ15,IFERROR(VLOOKUP($H15,areaCercaPuntiClassificaSquadra,3,FALSE),-1)=IFERROR(VLOOKUP($AQ15,areaCercaPuntiClassificaSquadra,3,FALSE),-2)),SUMIFS(Dati!$E$2:$E$761,Dati!$A$2:$A$761,$H15,Dati!$H$2:$H$761,$AQ15)+SUMIFS(Dati!$L$2:$L$761,Dati!$H$2:$H$761,$H15,Dati!$A$2:$A$761,$AQ15),"-") | DF15: =IF(AND($H15<>"",$AR15<>"",$H15<>$AR15,IFERROR(VLOOKUP($H15,areaCercaPuntiClassificaSquadra,3,FALSE),-1)=IFERROR(VLOOKUP($AR15,areaCercaPuntiClassificaSquadra,3,FALSE),-2)),SUMIFS(Dati!$E$2:$E$761,Dati!$A$2:$A$761,$H15,Dati!$H$2:$H$761,$AR15)+SUMIFS(Dati!$L$2:$L$761,Dati!$H$2:$H$761,$H15,Dati!$A$2:$A$761,$AR15),"-") | DH15: =$C15 | DI15: =IF(AND($H15<>"",$Y15<>"",$H15<>$Y15,IFERROR(VLOOKUP($H15,areaCercaPuntiClassificaSquadra,3,FALSE),-1)=IFERROR(VLOOKUP($Y15,areaCercaPuntiClassificaSquadra,3,FALSE),-2)),SUMIFS(Dati!$F$2:$F$761,Dati!$A$2:$A$761,$H15,Dati!$H$2:$H$761,$Y15)+SUMIFS(Dati!$M$2:$M$761,Dati!$H$2:$H$761,$H15,Dati!$A$2:$A$761,$Y15),"-") | DJ15: =IF(AND($H15<>"",$Z15<>"",$H15<>$Z15,IFERROR(VLOOKUP($H15,areaCercaPuntiClassificaSquadra,3,FALSE),-1)=IFERROR(VLOOKUP($Z15,areaCercaPuntiClassificaSquadra,3,FALSE),-2)),SUMIFS(Dati!$F$2:$F$761,Dati!$A$2:$A$761,$H15,Dati!$H$2:$H$761,$Z15)+SUMIFS(Dati!$M$2:$M$761,Dati!$H$2:$H$761,$H15,Dati!$A$2:$A$761,$Z15),"-") | DK15: =IF(AND($H15<>"",$AA15<>"",$H15<>$AA15,IFERROR(VLOOKUP($H15,areaCercaPuntiClassificaSquadra,3,FALSE),-1)=IFERROR(VLOOKUP($AA15,areaCercaPuntiClassificaSquadra,3,FALSE),-2)),SUMIFS(Dati!$F$2:$F$761,Dati!$A$2:$A$761,$H15,Dati!$H$2:$H$761,$AA15)+SUMIFS(Dati!$M$2:$M$761,Dati!$H$2:$H$761,$H15,Dati!$A$2:$A$761,$AA15),"-") | DL15: =IF(AND($H15<>"",$AB15<>"",$H15<>$AB15,IFERROR(VLOOKUP($H15,areaCercaPuntiClassificaSquadra,3,FALSE),-1)=IFERROR(VLOOKUP($AB15,areaCercaPuntiClassificaSquadra,3,FALSE),-2)),SUMIFS(Dati!$F$2:$F$761,Dati!$A$2:$A$761,$H15,Dati!$H$2:$H$761,$AB15)+SUMIFS(Dati!$M$2:$M$761,Dati!$H$2:$H$761,$H15,Dati!$A$2:$A$761,$AB15),"-") | DM15: =IF(AND($H15<>"",$AC15<>"",$H15<>$AC15,IFERROR(VLOOKUP($H15,areaCercaPuntiClassificaSquadra,3,FALSE),-1)=IFERROR(VLOOKUP($AC15,areaCercaPuntiClassificaSquadra,3,FALSE),-2)),SUMIFS(Dati!$F$2:$F$761,Dati!$A$2:$A$761,$H15,Dati!$H$2:$H$761,$AC15)+SUMIFS(Dati!$M$2:$M$761,Dati!$H$2:$H$761,$H15,Dati!$A$2:$A$761,$AC15),"-") | DN15: =IF(AND($H15<>"",$AD15<>"",$H15<>$AD15,IFERROR(VLOOKUP($H15,areaCercaPuntiClassificaSquadra,3,FALSE),-1)=IFERROR(VLOOKUP($AD15,areaCercaPuntiClassificaSquadra,3,FALSE),-2)),SUMIFS(Dati!$F$2:$F$761,Dati!$A$2:$A$761,$H15,Dati!$H$2:$H$761,$AD15)+SUMIFS(Dati!$M$2:$M$761,Dati!$H$2:$H$761,$H15,Dati!$A$2:$A$761,$AD15),"-") | DO15: =IF(AND($H15<>"",$AE15<>"",$H15<>$AE15,IFERROR(VLOOKUP($H15,areaCercaPuntiClassificaSquadra,3,FALSE),-1)=IFERROR(VLOOKUP($AE15,areaCercaPuntiClassificaSquadra,3,FALSE),-2)),SUMIFS(Dati!$F$2:$F$761,Dati!$A$2:$A$761,$H15,Dati!$H$2:$H$761,$AE15)+SUMIFS(Dati!$M$2:$M$761,Dati!$H$2:$H$761,$H15,Dati!$A$2:$A$761,$AE15),"-") | DP15: =IF(AND($H15<>"",$AF15<>"",$H15<>$AF15,IFERROR(VLOOKUP($H15,areaCercaPuntiClassificaSquadra,3,FALSE),-1)=IFERROR(VLOOKUP($AF15,areaCercaPuntiClassificaSquadra,3,FALSE),-2)),SUMIFS(Dati!$F$2:$F$761,Dati!$A$2:$A$761,$H15,Dati!$H$2:$H$761,$AF15)+SUMIFS(Dati!$M$2:$M$761,Dati!$H$2:$H$761,$H15,Dati!$A$2:$A$761,$AF15),"-") | DQ15: =IF(AND($H15<>"",$AG15<>"",$H15<>$AG15,IFERROR(VLOOKUP($H15,areaCercaPuntiClassificaSquadra,3,FALSE),-1)=IFERROR(VLOOKUP($AG15,areaCercaPuntiClassificaSquadra,3,FALSE),-2)),SUMIFS(Dati!$F$2:$F$761,Dati!$A$2:$A$761,$H15,Dati!$H$2:$H$761,$AG15)+SUMIFS(Dati!$M$2:$M$761,Dati!$H$2:$H$761,$H15,Dati!$A$2:$A$761,$AG15),"-") | DR15: =IF(AND($H15<>"",$AH15<>"",$H15<>$AH15,IFERROR(VLOOKUP($H15,areaCercaPuntiClassificaSquadra,3,FALSE),-1)=IFERROR(VLOOKUP($AH15,areaCercaPuntiClassificaSquadra,3,FALSE),-2)),SUMIFS(Dati!$F$2:$F$761,Dati!$A$2:$A$761,$H15,Dati!$H$2:$H$761,$AH15)+SUMIFS(Dati!$M$2:$M$761,Dati!$H$2:$H$761,$H15,Dati!$A$2:$A$761,$AH15),"-") | DS15: =IF(AND($H15<>"",$AI15<>"",$H15<>$AI15,IFERROR(VLOOKUP($H15,areaCercaPuntiClassificaSquadra,3,FALSE),-1)=IFERROR(VLOOKUP($AI15,areaCercaPuntiClassificaSquadra,3,FALSE),-2)),SUMIFS(Dati!$F$2:$F$761,Dati!$A$2:$A$761,$H15,Dati!$H$2:$H$761,$AI15)+SUMIFS(Dati!$M$2:$M$761,Dati!$H$2:$H$761,$H15,Dati!$A$2:$A$761,$AI15),"-") | DT15: =IF(AND($H15<>"",$AJ15<>"",$H15<>$AJ15,IFERROR(VLOOKUP($H15,areaCercaPuntiClassificaSquadra,3,FALSE),-1)=IFERROR(VLOOKUP($AJ15,areaCercaPuntiClassificaSquadra,3,FALSE),-2)),SUMIFS(Dati!$F$2:$F$761,Dati!$A$2:$A$761,$H15,Dati!$H$2:$H$761,$AJ15)+SUMIFS(Dati!$M$2:$M$761,Dati!$H$2:$H$761,$H15,Dati!$A$2:$A$761,$AJ15),"-") | DU15: =IF(AND($H15<>"",$AK15<>"",$H15<>$AK15,IFERROR(VLOOKUP($H15,areaCercaPuntiClassificaSquadra,3,FALSE),-1)=IFERROR(VLOOKUP($AK15,areaCercaPuntiClassificaSquadra,3,FALSE),-2)),SUMIFS(Dati!$F$2:$F$761,Dati!$A$2:$A$761,$H15,Dati!$H$2:$H$761,$AK15)+SUMIFS(Dati!$M$2:$M$761,Dati!$H$2:$H$761,$H15,Dati!$A$2:$A$761,$AK15),"-") | DV15: =IF(AND($H15<>"",$AL15<>"",$H15<>$AL15,IFERROR(VLOOKUP($H15,areaCercaPuntiClassificaSquadra,3,FALSE),-1)=IFERROR(VLOOKUP($AL15,areaCercaPuntiClassificaSquadra,3,FALSE),-2)),SUMIFS(Dati!$F$2:$F$761,Dati!$A$2:$A$761,$H15,Dati!$H$2:$H$761,$AL15)+SUMIFS(Dati!$M$2:$M$761,Dati!$H$2:$H$761,$H15,Dati!$A$2:$A$761,$AL15),"-") | DW15: =IF(AND($H15<>"",$AM15<>"",$H15<>$AM15,IFERROR(VLOOKUP($H15,areaCercaPuntiClassificaSquadra,3,FALSE),-1)=IFERROR(VLOOKUP($AM15,areaCercaPuntiClassificaSquadra,3,FALSE),-2)),SUMIFS(Dati!$F$2:$F$761,Dati!$A$2:$A$761,$H15,Dati!$H$2:$H$761,$AM15)+SUMIFS(Dati!$M$2:$M$761,Dati!$H$2:$H$761,$H15,Dati!$A$2:$A$761,$AM15),"-") | DX15: =IF(AND($H15<>"",$AN15<>"",$H15<>$AN15,IFERROR(VLOOKUP($H15,areaCercaPuntiClassificaSquadra,3,FALSE),-1)=IFERROR(VLOOKUP($AN15,areaCercaPuntiClassificaSquadra,3,FALSE),-2)),SUMIFS(Dati!$F$2:$F$761,Dati!$A$2:$A$761,$H15,Dati!$H$2:$H$761,$AN15)+SUMIFS(Dati!$M$2:$M$761,Dati!$H$2:$H$761,$H15,Dati!$A$2:$A$761,$AN15),"-") | DY15: =IF(AND($H15<>"",$AO15<>"",$H15<>$AO15,IFERROR(VLOOKUP($H15,areaCercaPuntiClassificaSquadra,3,FALSE),-1)=IFERROR(VLOOKUP($AO15,areaCercaPuntiClassificaSquadra,3,FALSE),-2)),SUMIFS(Dati!$F$2:$F$761,Dati!$A$2:$A$761,$H15,Dati!$H$2:$H$761,$AO15)+SUMIFS(Dati!$M$2:$M$761,Dati!$H$2:$H$761,$H15,Dati!$A$2:$A$761,$AO15),"-") | DZ15: =IF(AND($H15<>"",$AP15<>"",$H15<>$AP15,IFERROR(VLOOKUP($H15,areaCercaPuntiClassificaSquadra,3,FALSE),-1)=IFERROR(VLOOKUP($AP15,areaCercaPuntiClassificaSquadra,3,FALSE),-2)),SUMIFS(Dati!$F$2:$F$761,Dati!$A$2:$A$761,$H15,Dati!$H$2:$H$761,$AP15)+SUMIFS(Dati!$M$2:$M$761,Dati!$H$2:$H$761,$H15,Dati!$A$2:$A$761,$AP15),"-") | EA15: =IF(AND($H15<>"",$AQ15<>"",$H15<>$AQ15,IFERROR(VLOOKUP($H15,areaCercaPuntiClassificaSquadra,3,FALSE),-1)=IFERROR(VLOOKUP($AQ15,areaCercaPuntiClassificaSquadra,3,FALSE),-2)),SUMIFS(Dati!$F$2:$F$761,Dati!$A$2:$A$761,$H15,Dati!$H$2:$H$761,$AQ15)+SUMIFS(Dati!$M$2:$M$761,Dati!$H$2:$H$761,$H15,Dati!$A$2:$A$761,$AQ15),"-") | EB15: =IF(AND($H15<>"",$AR15<>"",$H15<>$AR15,IFERROR(VLOOKUP($H15,areaCercaPuntiClassificaSquadra,3,FALSE),-1)=IFERROR(VLOOKUP($AR15,areaCercaPuntiClassificaSquadra,3,FALSE),-2)),SUMIFS(Dati!$F$2:$F$761,Dati!$A$2:$A$761,$H15,Dati!$H$2:$H$761,$AR15)+SUMIFS(Dati!$M$2:$M$761,Dati!$H$2:$H$761,$H15,Dati!$A$2:$A$761,$AR15),"-") | ED15: =IF($C15="","",SUM(AU15:BN15))
B16: A03 | C16: Cobra Celeri-Cobraopoli CI | E16: A | G16: =IF($C16="","",$E16&(COUNTIFS(I$14:I$93,">"&I16,E$14:E$93,"="&E16,C$14:C$93,"<>")+COUNTIFS(I$14:I$93,"="&I16,H$14:H$93,"<="&H16,E$14:E$93,"="&E16,C$14:C$93,"<>"))) | H16: =IF($C16="","",IFERROR(LEFT($C16,FIND("-",$C16)-1),$C16)) | I16: =TEXT(1000000000+J16,"|0000000000|")&TEXT(SUM(AU16:BN16),"0000000000|")&IF(SUM(DI16:EB16)=0,"0000000000|",TEXT(ROUND(SUM(CM16:DF16)/SUM(DI16:EB16),4)*100000,"0000000000|"))&IF(P16=0,"0000000000|",TEXT(ROUND(O16/P16,4)*100000,"0000000000|")) | J16: =L16*constPuntiVittoria+M16*constPuntiSconfitta+N16*constPuntiForfait+IF(D16="",0,D16) | K16: =SUM(L16:N16) | L16: =IF($H16="",0,SUMIF(Dati!$A$2:$A$761,$H16,Dati!$B$2:$B$761)+SUMIF(Dati!$H$2:$H$761,$H16,Dati!$I$2:$I$761)) | M16: =IF($H16="",0,SUMIF(Dati!$A$2:$A$761,$H16,Dati!$D$2:$D$761)+SUMIF(Dati!$H$2:$H$761,$H16,Dati!$K$2:$K$761)) | N16: =IF($H16="",0,SUMIF(Dati!$A$2:$A$761,$H16,Dati!$C$2:$C$761)+SUMIF(Dati!$H$2:$H$761,$H16,Dati!$J$2:$J$761)) | O16: =IF($H16="",0,SUMIF(Dati!$A$2:$A$761,$H16,Dati!$E$2:$E$761)+SUMIF(Dati!$H$2:$H$761,$H16,Dati!$L$2:$L$761)) | P16: =IF($H16="",0,SUMIF(Dati!$A$2:$A$761,$H16,Dati!$F$2:$F$761)+SUMIF(Dati!$H$2:$H$761,$H16,Dati!$M$2:$M$761)) | Q16: =IF($H16="",0,SUMIF(Dati!$A$2:$A$761,$H16,Dati!$G$2:$G$761)+SUMIF(Dati!$H$2:$H$761,$H16,Dati!$N$2:$N$761)) | R16: =IF(K16=0,0,ROUND(O16/K16,2)) | S16: =IF(K16=0,0,ROUND(P16/K16,2)) | T16: =IF(K16=0,0,ROUND(Q16/K16,2)) | U16: =IF(COUNTIFS($E$14:$E$93,$E16,$J$14:$J$93,$J16,$C$14:$C$93,"<>")<=1,"-",SUM(AU16:BN16)&"-"&SUM(BQ16:CJ16)) | V16: =IF(COUNTIFS($E$14:$E$93,$E16,$J$14:$J$93,$J16,$C$14:$C$93,"<>",$ED$14:$ED$93,$ED16)<=1,"-",IF(SUM(DI16:EB16)=0,0,ROUND(SUM(CM16:DF16)/SUM(DI16:EB16),3))) | W16: =IF(COUNTIFS($E$14:$E$93,$E16,$J$14:$J$93,$J16,$C$14:$C$93,"<>",$ED$14:$ED$93,$ED16,$V$14:$V$93,$V16)<=1,"-",IF(P16=0,0,ROUND(O16/P16,3))) | X16: =IF($C16="","",$E16&"#"&COUNTIFS($E$14:$E16,$E16,$C$14:$C16,"<>")) | Y16: =IFERROR(INDEX($H$14:$H$93,MATCH($E16&"#1",$X$14:$X$93,0)),"") | Z16: =IFERROR(INDEX($H$14:$H$93,MATCH($E16&"#2",$X$14:$X$93,0)),"") | AA16: =IFERROR(INDEX($H$14:$H$93,MATCH($E16&"#3",$X$14:$X$93,0)),"") | AB16: =IFERROR(INDEX($H$14:$H$93,MATCH($E16&"#4",$X$14:$X$93,0)),"") | AC16: =IFERROR(INDEX($H$14:$H$93,MATCH($E16&"#5",$X$14:$X$93,0)),"") | AD16: =IFERROR(INDEX($H$14:$H$93,MATCH($E16&"#6",$X$14:$X$93,0)),"") | AE16: =IFERROR(INDEX($H$14:$H$93,MATCH($E16&"#7",$X$14:$X$93,0)),"") | AF16: =IFERROR(INDEX($H$14:$H$93,MATCH($E16&"#8",$X$14:$X$93,0)),"") | AG16: =IFERROR(INDEX($H$14:$H$93,MATCH($E16&"#9",$X$14:$X$93,0)),"") | AH16: =IFERROR(INDEX($H$14:$H$93,MATCH($E16&"#10",$X$14:$X$93,0)),"") | AI16: =IFERROR(INDEX($H$14:$H$93,MATCH($E16&"#11",$X$14:$X$93,0)),"") | AJ16: =IFERROR(INDEX($H$14:$H$93,MATCH($E16&"#12",$X$14:$X$93,0)),"") | AK16: =IFERROR(INDEX($H$14:$H$93,MATCH($E16&"#13",$X$14:$X$93,0)),"") | AL16: =IFERROR(INDEX($H$14:$H$93,MATCH($E16&"#14",$X$14:$X$93,0)),"") | AM16: =IFERROR(INDEX($H$14:$H$93,MATCH($E16&"#15",$X$14:$X$93,0)),"") | AN16: =IFERROR(INDEX($H$14:$H$93,MATCH($E16&"#16",$X$14:$X$93,0)),"") | AO16: =IFERROR(INDEX($H$14:$H$93,MATCH($E16&"#17",$X$14:$X$93,0)),"") | AP16: =IFERROR(INDEX($H$14:$H$93,MATCH($E16&"#18",$X$14:$X$93,0)),"") | AQ16: =IFERROR(INDEX($H$14:$H$93,MATCH($E16&"#19",$X$14:$X$93,0)),"") | AR16: =IFERROR(INDEX($H$14:$H$93,MATCH($E16&"#20",$X$14:$X$93,0)),"") | AT16: =$C16 | AU16: =IF(AND($H16<>"",$Y16<>"",$H16<>$Y16,IFERROR(VLOOKUP($H16,areaCercaPuntiClassificaSquadra,3,FALSE),-1)=IFERROR(VLOOKUP($Y16,areaCercaPuntiClassificaSquadra,3,FALSE),-2)),SUMIFS(Dati!$B$2:$B$761,Dati!$A$2:$A$761,$H16,Dati!$H$2:$H$761,$Y16)+SUMIFS(Dati!$I$2:$I$761,Dati!$H$2:$H$761,$H16,Dati!$A$2:$A$761,$Y16),"-") | AV16: =IF(AND($H16<>"",$Z16<>"",$H16<>$Z16,IFERROR(VLOOKUP($H16,areaCercaPuntiClassificaSquadra,3,FALSE),-1)=IFERROR(VLOOKUP($Z16,areaCercaPuntiClassificaSquadra,3,FALSE),-2)),SUMIFS(Dati!$B$2:$B$761,Dati!$A$2:$A$761,$H16,Dati!$H$2:$H$761,$Z16)+SUMIFS(Dati!$I$2:$I$761,Dati!$H$2:$H$761,$H16,Dati!$A$2:$A$761,$Z16),"-") | AW16: =IF(AND($H16<>"",$AA16<>"",$H16<>$AA16,IFERROR(VLOOKUP($H16,areaCercaPuntiClassificaSquadra,3,FALSE),-1)=IFERROR(VLOOKUP($AA16,areaCercaPuntiClassificaSquadra,3,FALSE),-2)),SUMIFS(Dati!$B$2:$B$761,Dati!$A$2:$A$761,$H16,Dati!$H$2:$H$761,$AA16)+SUMIFS(Dati!$I$2:$I$761,Dati!$H$2:$H$761,$H16,Dati!$A$2:$A$761,$AA16),"-") | AX16: =IF(AND($H16<>"",$AB16<>"",$H16<>$AB16,IFERROR(VLOOKUP($H16,areaCercaPuntiClassificaSquadra,3,FALSE),-1)=IFERROR(VLOOKUP($AB16,areaCercaPuntiClassificaSquadra,3,FALSE),-2)),SUMIFS(Dati!$B$2:$B$761,Dati!$A$2:$A$761,$H16,Dati!$H$2:$H$761,$AB16)+SUMIFS(Dati!$I$2:$I$761,Dati!$H$2:$H$761,$H16,Dati!$A$2:$A$761,$AB16),"-") | AY16: =IF(AND($H16<>"",$AC16<>"",$H16<>$AC16,IFERROR(VLOOKUP($H16,areaCercaPuntiClassificaSquadra,3,FALSE),-1)=IFERROR(VLOOKUP($AC16,areaCercaPuntiClassificaSquadra,3,FALSE),-2)),SUMIFS(Dati!$B$2:$B$761,Dati!$A$2:$A$761,$H16,Dati!$H$2:$H$761,$AC16)+SUMIFS(Dati!$I$2:$I$761,Dati!$H$2:$H$761,$H16,Dati!$A$2:$A$761,$AC16),"-") | AZ16: =IF(AND($H16<>"",$AD16<>"",$H16<>$AD16,IFERROR(VLOOKUP($H16,areaCercaPuntiClassificaSquadra,3,FALSE),-1)=IFERROR(VLOOKUP($AD16,areaCercaPuntiClassificaSquadra,3,FALSE),-2)),SUMIFS(Dati!$B$2:$B$761,Dati!$A$2:$A$761,$H16,Dati!$H$2:$H$761,$AD16)+SUMIFS(Dati!$I$2:$I$761,Dati!$H$2:$H$761,$H16,Dati!$A$2:$A$761,$AD16),"-") | BA16: =IF(AND($H16<>"",$AE16<>"",$H16<>$AE16,IFERROR(VLOOKUP($H16,areaCercaPuntiClassificaSquadra,3,FALSE),-1)=IFERROR(VLOOKUP($AE16,areaCercaPuntiClassificaSquadra,3,FALSE),-2)),SUMIFS(Dati!$B$2:$B$761,Dati!$A$2:$A$761,$H16,Dati!$H$2:$H$761,$AE16)+SUMIFS(Dati!$I$2:$I$761,Dati!$H$2:$H$761,$H16,Dati!$A$2:$A$761,$AE16),"-") | BB16: =IF(AND($H16<>"",$AF16<>"",$H16<>$AF16,IFERROR(VLOOKUP($H16,areaCercaPuntiClassificaSquadra,3,FALSE),-1)=IFERROR(VLOOKUP($AF16,areaCercaPuntiClassificaSquadra,3,FALSE),-2)),SUMIFS(Dati!$B$2:$B$761,Dati!$A$2:$A$761,$H16,Dati!$H$2:$H$761,$AF16)+SUMIFS(Dati!$I$2:$I$761,Dati!$H$2:$H$761,$H16,Dati!$A$2:$A$761,$AF16),"-") | BC16: =IF(AND($H16<>"",$AG16<>"",$H16<>$AG16,IFERROR(VLOOKUP($H16,areaCercaPuntiClassificaSquadra,3,FALSE),-1)=IFERROR(VLOOKUP($AG16,areaCercaPuntiClassificaSquadra,3,FALSE),-2)),SUMIFS(Dati!$B$2:$B$761,Dati!$A$2:$A$761,$H16,Dati!$H$2:$H$761,$AG16)+SUMIFS(Dati!$I$2:$I$761,Dati!$H$2:$H$761,$H16,Dati!$A$2:$A$761,$AG16),"-") | BD16: =IF(AND($H16<>"",$AH16<>"",$H16<>$AH16,IFERROR(VLOOKUP($H16,areaCercaPuntiClassificaSquadra,3,FALSE),-1)=IFERROR(VLOOKUP($AH16,areaCercaPuntiClassificaSquadra,3,FALSE),-2)),SUMIFS(Dati!$B$2:$B$761,Dati!$A$2:$A$761,$H16,Dati!$H$2:$H$761,$AH16)+SUMIFS(Dati!$I$2:$I$761,Dati!$H$2:$H$761,$H16,Dati!$A$2:$A$761,$AH16),"-") | BE16: =IF(AND($H16<>"",$AI16<>"",$H16<>$AI16,IFERROR(VLOOKUP($H16,areaCercaPuntiClassificaSquadra,3,FALSE),-1)=IFERROR(VLOOKUP($AI16,areaCercaPuntiClassificaSquadra,3,FALSE),-2)),SUMIFS(Dati!$B$2:$B$761,Dati!$A$2:$A$761,$H16,Dati!$H$2:$H$761,$AI16)+SUMIFS(Dati!$I$2:$I$761,Dati!$H$2:$H$761,$H16,Dati!$A$2:$A$761,$AI16),"-") | BF16: =IF(AND($H16<>"",$AJ16<>"",$H16<>$AJ16,IFERROR(VLOOKUP($H16,areaCercaPuntiClassificaSquadra,3,FALSE),-1)=IFERROR(VLOOKUP($AJ16,areaCercaPuntiClassificaSquadra,3,FALSE),-2)),SUMIFS(Dati!$B$2:$B$761,Dati!$A$2:$A$761,$H16,Dati!$H$2:$H$761,$AJ16)+SUMIFS(Dati!$I$2:$I$761,Dati!$H$2:$H$761,$H16,Dati!$A$2:$A$761,$AJ16),"-") | BG16: =IF(AND($H16<>"",$AK16<>"",$H16<>$AK16,IFERROR(VLOOKUP($H16,areaCercaPuntiClassificaSquadra,3,FALSE),-1)=IFERROR(VLOOKUP($AK16,areaCercaPuntiClassificaSquadra,3,FALSE),-2)),SUMIFS(Dati!$B$2:$B$761,Dati!$A$2:$A$761,$H16,Dati!$H$2:$H$761,$AK16)+SUMIFS(Dati!$I$2:$I$761,Dati!$H$2:$H$761,$H16,Dati!$A$2:$A$761,$AK16),"-") | BH16: =IF(AND($H16<>"",$AL16<>"",$H16<>$AL16,IFERROR(VLOOKUP($H16,areaCercaPuntiClassificaSquadra,3,FALSE),-1)=IFERROR(VLOOKUP($AL16,areaCercaPuntiClassificaSquadra,3,FALSE),-2)),SUMIFS(Dati!$B$2:$B$761,Dati!$A$2:$A$761,$H16,Dati!$H$2:$H$761,$AL16)+SUMIFS(Dati!$I$2:$I$761,Dati!$H$2:$H$761,$H16,Dati!$A$2:$A$761,$AL16),"-") | BI16: =IF(AND($H16<>"",$AM16<>"",$H16<>$AM16,IFERROR(VLOOKUP($H16,areaCercaPuntiClassificaSquadra,3,FALSE),-1)=IFERROR(VLOOKUP($AM16,areaCercaPuntiClassificaSquadra,3,FALSE),-2)),SUMIFS(Dati!$B$2:$B$761,Dati!$A$2:$A$761,$H16,Dati!$H$2:$H$761,$AM16)+SUMIFS(Dati!$I$2:$I$761,Dati!$H$2:$H$761,$H16,Dati!$A$2:$A$761,$AM16),"-") | BJ16: =IF(AND($H16<>"",$AN16<>"",$H16<>$AN16,IFERROR(VLOOKUP($H16,areaCercaPuntiClassificaSquadra,3,FALSE),-1)=IFERROR(VLOOKUP($AN16,areaCercaPuntiClassificaSquadra,3,FALSE),-2)),SUMIFS(Dati!$B$2:$B$761,Dati!$A$2:$A$761,$H16,Dati!$H$2:$H$761,$AN16)+SUMIFS(Dati!$I$2:$I$761,Dati!$H$2:$H$761,$H16,Dati!$A$2:$A$761,$AN16),"-") | BK16: =IF(AND($H16<>"",$AO16<>"",$H16<>$AO16,IFERROR(VLOOKUP($H16,areaCercaPuntiClassificaSquadra,3,FALSE),-1)=IFERROR(VLOOKUP($AO16,areaCercaPuntiClassificaSquadra,3,FALSE),-2)),SUMIFS(Dati!$B$2:$B$761,Dati!$A$2:$A$761,$H16,Dati!$H$2:$H$761,$AO16)+SUMIFS(Dati!$I$2:$I$761,Dati!$H$2:$H$761,$H16,Dati!$A$2:$A$761,$AO16),"-") | BL16: =IF(AND($H16<>"",$AP16<>"",$H16<>$AP16,IFERROR(VLOOKUP($H16,areaCercaPuntiClassificaSquadra,3,FALSE),-1)=IFERROR(VLOOKUP($AP16,areaCercaPuntiClassificaSquadra,3,FALSE),-2)),SUMIFS(Dati!$B$2:$B$761,Dati!$A$2:$A$761,$H16,Dati!$H$2:$H$761,$AP16)+SUMIFS(Dati!$I$2:$I$761,Dati!$H$2:$H$761,$H16,Dati!$A$2:$A$761,$AP16),"-") | BM16: =IF(AND($H16<>"",$AQ16<>"",$H16<>$AQ16,IFERROR(VLOOKUP($H16,areaCercaPuntiClassificaSquadra,3,FALSE),-1)=IFERROR(VLOOKUP($AQ16,areaCercaPuntiClassificaSquadra,3,FALSE),-2)),SUMIFS(Dati!$B$2:$B$761,Dati!$A$2:$A$761,$H16,Dati!$H$2:$H$761,$AQ16)+SUMIFS(Dati!$I$2:$I$761,Dati!$H$2:$H$761,$H16,Dati!$A$2:$A$761,$AQ16),"-") | BN16: =IF(AND($H16<>"",$AR16<>"",$H16<>$AR16,IFERROR(VLOOKUP($H16,areaCercaPuntiClassificaSquadra,3,FALSE),-1)=IFERROR(VLOOKUP($AR16,areaCercaPuntiClassificaSquadra,3,FALSE),-2)),SUMIFS(Dati!$B$2:$B$761,Dati!$A$2:$A$761,$H16,Dati!$H$2:$H$761,$AR16)+SUMIFS(Dati!$I$2:$I$761,Dati!$H$2:$H$761,$H16,Dati!$A$2:$A$761,$AR16),"-") | BP16: =$C16 | BQ16: =IF(AND($H16<>"",$Y16<>"",$H16<>$Y16,IFERROR(VLOOKUP($H16,areaCercaPuntiClassificaSquadra,3,FALSE),-1)=IFERROR(VLOOKUP($Y16,areaCercaPuntiClassificaSquadra,3,FALSE),-2)),SUMIFS(Dati!$D$2:$D$761,Dati!$A$2:$A$761,$H16,Dati!$H$2:$H$761,$Y16)+SUMIFS(Dati!$K$2:$K$761,Dati!$H$2:$H$761,$H16,Dati!$A$2:$A$761,$Y16)+SUMIFS(Dati!$C$2:$C$761,Dati!$A$2:$A$761,$H16,Dati!$H$2:$H$761,$Y16)+SUMIFS(Dati!$J$2:$J$761,Dati!$H$2:$H$761,$H16,Dati!$A$2:$A$761,$Y16),"-") | BR16: =IF(AND($H16<>"",$Z16<>"",$H16<>$Z16,IFERROR(VLOOKUP($H16,areaCercaPuntiClassificaSquadra,3,FALSE),-1)=IFERROR(VLOOKUP($Z16,areaCercaPuntiClassificaSquadra,3,FALSE),-2)),SUMIFS(Dati!$D$2:$D$761,Dati!$A$2:$A$761,$H16,Dati!$H$2:$H$761,$Z16)+SUMIFS(Dati!$K$2:$K$761,Dati!$H$2:$H$761,$H16,Dati!$A$2:$A$761,$Z16)+SUMIFS(Dati!$C$2:$C$761,Dati!$A$2:$A$761,$H16,Dati!$H$2:$H$761,$Z16)+SUMIFS(Dati!$J$2:$J$761,Dati!$H$2:$H$761,$H16,Dati!$A$2:$A$761,$Z16),"-") | BS16: =IF(AND($H16<>"",$AA16<>"",$H16<>$AA16,IFERROR(VLOOKUP($H16,areaCercaPuntiClassificaSquadra,3,FALSE),-1)=IFERROR(VLOOKUP($AA16,areaCercaPuntiClassificaSquadra,3,FALSE),-2)),SUMIFS(Dati!$D$2:$D$761,Dati!$A$2:$A$761,$H16,Dati!$H$2:$H$761,$AA16)+SUMIFS(Dati!$K$2:$K$761,Dati!$H$2:$H$761,$H16,Dati!$A$2:$A$761,$AA16)+SUMIFS(Dati!$C$2:$C$761,Dati!$A$2:$A$761,$H16,Dati!$H$2:$H$761,$AA16)+SUMIFS(Dati!$J$2:$J$761,Dati!$H$2:$H$761,$H16,Dati!$A$2:$A$761,$AA16),"-") | BT16: =IF(AND($H16<>"",$AB16<>"",$H16<>$AB16,IFERROR(VLOOKUP($H16,areaCercaPuntiClassificaSquadra,3,FALSE),-1)=IFERROR(VLOOKUP($AB16,areaCercaPuntiClassificaSquadra,3,FALSE),-2)),SUMIFS(Dati!$D$2:$D$761,Dati!$A$2:$A$761,$H16,Dati!$H$2:$H$761,$AB16)+SUMIFS(Dati!$K$2:$K$761,Dati!$H$2:$H$761,$H16,Dati!$A$2:$A$761,$AB16)+SUMIFS(Dati!$C$2:$C$761,Dati!$A$2:$A$761,$H16,Dati!$H$2:$H$761,$AB16)+SUMIFS(Dati!$J$2:$J$761,Dati!$H$2:$H$761,$H16,Dati!$A$2:$A$761,$AB16),"-") | BU16: =IF(AND($H16<>"",$AC16<>"",$H16<>$AC16,IFERROR(VLOOKUP($H16,areaCercaPuntiClassificaSquadra,3,FALSE),-1)=IFERROR(VLOOKUP($AC16,areaCercaPuntiClassificaSquadra,3,FALSE),-2)),SUMIFS(Dati!$D$2:$D$761,Dati!$A$2:$A$761,$H16,Dati!$H$2:$H$761,$AC16)+SUMIFS(Dati!$K$2:$K$761,Dati!$H$2:$H$761,$H16,Dati!$A$2:$A$761,$AC16)+SUMIFS(Dati!$C$2:$C$761,Dati!$A$2:$A$761,$H16,Dati!$H$2:$H$761,$AC16)+SUMIFS(Dati!$J$2:$J$761,Dati!$H$2:$H$761,$H16,Dati!$A$2:$A$761,$AC16),"-") | BV16: =IF(AND($H16<>"",$AD16<>"",$H16<>$AD16,IFERROR(VLOOKUP($H16,areaCercaPuntiClassificaSquadra,3,FALSE),-1)=IFERROR(VLOOKUP($AD16,areaCercaPuntiClassificaSquadra,3,FALSE),-2)),SUMIFS(Dati!$D$2:$D$761,Dati!$A$2:$A$761,$H16,Dati!$H$2:$H$761,$AD16)+SUMIFS(Dati!$K$2:$K$761,Dati!$H$2:$H$761,$H16,Dati!$A$2:$A$761,$AD16)+SUMIFS(Dati!$C$2:$C$761,Dati!$A$2:$A$761,$H16,Dati!$H$2:$H$761,$AD16)+SUMIFS(Dati!$J$2:$J$761,Dati!$H$2:$H$761,$H16,Dati!$A$2:$A$761,$AD16),"-") | BW16: =IF(AND($H16<>"",$AE16<>"",$H16<>$AE16,IFERROR(VLOOKUP($H16,areaCercaPuntiClassificaSquadra,3,FALSE),-1)=IFERROR(VLOOKUP($AE16,areaCercaPuntiClassificaSquadra,3,FALSE),-2)),SUMIFS(Dati!$D$2:$D$761,Dati!$A$2:$A$761,$H16,Dati!$H$2:$H$761,$AE16)+SUMIFS(Dati!$K$2:$K$761,Dati!$H$2:$H$761,$H16,Dati!$A$2:$A$761,$AE16)+SUMIFS(Dati!$C$2:$C$761,Dati!$A$2:$A$761,$H16,Dati!$H$2:$H$761,$AE16)+SUMIFS(Dati!$J$2:$J$761,Dati!$H$2:$H$761,$H16,Dati!$A$2:$A$761,$AE16),"-") | BX16: =IF(AND($H16<>"",$AF16<>"",$H16<>$AF16,IFERROR(VLOOKUP($H16,areaCercaPuntiClassificaSquadra,3,FALSE),-1)=IFERROR(VLOOKUP($AF16,areaCercaPuntiClassificaSquadra,3,FALSE),-2)),SUMIFS(Dati!$D$2:$D$761,Dati!$A$2:$A$761,$H16,Dati!$H$2:$H$761,$AF16)+SUMIFS(Dati!$K$2:$K$761,Dati!$H$2:$H$761,$H16,Dati!$A$2:$A$761,$AF16)+SUMIFS(Dati!$C$2:$C$761,Dati!$A$2:$A$761,$H16,Dati!$H$2:$H$761,$AF16)+SUMIFS(Dati!$J$2:$J$761,Dati!$H$2:$H$761,$H16,Dati!$A$2:$A$761,$AF16),"-") | BY16: =IF(AND($H16<>"",$AG16<>"",$H16<>$AG16,IFERROR(VLOOKUP($H16,areaCercaPuntiClassificaSquadra,3,FALSE),-1)=IFERROR(VLOOKUP($AG16,areaCercaPuntiClassificaSquadra,3,FALSE),-2)),SUMIFS(Dati!$D$2:$D$761,Dati!$A$2:$A$761,$H16,Dati!$H$2:$H$761,$AG16)+SUMIFS(Dati!$K$2:$K$761,Dati!$H$2:$H$761,$H16,Dati!$A$2:$A$761,$AG16)+SUMIFS(Dati!$C$2:$C$761,Dati!$A$2:$A$761,$H16,Dati!$H$2:$H$761,$AG16)+SUMIFS(Dati!$J$2:$J$761,Dati!$H$2:$H$761,$H16,Dati!$A$2:$A$761,$AG16),"-") | BZ16: =IF(AND($H16<>"",$AH16<>"",$H16<>$AH16,IFERROR(VLOOKUP($H16,areaCercaPuntiClassificaSquadra,3,FALSE),-1)=IFERROR(VLOOKUP($AH16,areaCercaPuntiClassificaSquadra,3,FALSE),-2)),SUMIFS(Dati!$D$2:$D$761,Dati!$A$2:$A$761,$H16,Dati!$H$2:$H$761,$AH16)+SUMIFS(Dati!$K$2:$K$761,Dati!$H$2:$H$761,$H16,Dati!$A$2:$A$761,$AH16)+SUMIFS(Dati!$C$2:$C$761,Dati!$A$2:$A$761,$H16,Dati!$H$2:$H$761,$AH16)+SUMIFS(Dati!$J$2:$J$761,Dati!$H$2:$H$761,$H16,Dati!$A$2:$A$761,$AH16),"-") | CA16: =IF(AND($H16<>"",$AI16<>"",$H16<>$AI16,IFERROR(VLOOKUP($H16,areaCercaPuntiClassificaSquadra,3,FALSE),-1)=IFERROR(VLOOKUP($AI16,areaCercaPuntiClassificaSquadra,3,FALSE),-2)),SUMIFS(Dati!$D$2:$D$761,Dati!$A$2:$A$761,$H16,Dati!$H$2:$H$761,$AI16)+SUMIFS(Dati!$K$2:$K$761,Dati!$H$2:$H$761,$H16,Dati!$A$2:$A$761,$AI16)+SUMIFS(Dati!$C$2:$C$761,Dati!$A$2:$A$761,$H16,Dati!$H$2:$H$761,$AI16)+SUMIFS(Dati!$J$2:$J$761,Dati!$H$2:$H$761,$H16,Dati!$A$2:$A$761,$AI16),"-") | CB16: =IF(AND($H16<>"",$AJ16<>"",$H16<>$AJ16,IFERROR(VLOOKUP($H16,areaCercaPuntiClassificaSquadra,3,FALSE),-1)=IFERROR(VLOOKUP($AJ16,areaCercaPuntiClassificaSquadra,3,FALSE),-2)),SUMIFS(Dati!$D$2:$D$761,Dati!$A$2:$A$761,$H16,Dati!$H$2:$H$761,$AJ16)+SUMIFS(Dati!$K$2:$K$761,Dati!$H$2:$H$761,$H16,Dati!$A$2:$A$761,$AJ16)+SUMIFS(Dati!$C$2:$C$761,Dati!$A$2:$A$761,$H16,Dati!$H$2:$H$761,$AJ16)+SUMIFS(Dati!$J$2:$J$761,Dati!$H$2:$H$761,$H16,Dati!$A$2:$A$761,$AJ16),"-") | CC16: =IF(AND($H16<>"",$AK16<>"",$H16<>$AK16,IFERROR(VLOOKUP($H16,areaCercaPuntiClassificaSquadra,3,FALSE),-1)=IFERROR(VLOOKUP($AK16,areaCercaPuntiClassificaSquadra,3,FALSE),-2)),SUMIFS(Dati!$D$2:$D$761,Dati!$A$2:$A$761,$H16,Dati!$H$2:$H$761,$AK16)+SUMIFS(Dati!$K$2:$K$761,Dati!$H$2:$H$761,$H16,Dati!$A$2:$A$761,$AK16)+SUMIFS(Dati!$C$2:$C$761,Dati!$A$2:$A$761,$H16,Dati!$H$2:$H$761,$AK16)+SUMIFS(Dati!$J$2:$J$761,Dati!$H$2:$H$761,$H16,Dati!$A$2:$A$761,$AK16),"-") | CD16: =IF(AND($H16<>"",$AL16<>"",$H16<>$AL16,IFERROR(VLOOKUP($H16,areaCercaPuntiClassificaSquadra,3,FALSE),-1)=IFERROR(VLOOKUP($AL16,areaCercaPuntiClassificaSquadra,3,FALSE),-2)),SUMIFS(Dati!$D$2:$D$761,Dati!$A$2:$A$761,$H16,Dati!$H$2:$H$761,$AL16)+SUMIFS(Dati!$K$2:$K$761,Dati!$H$2:$H$761,$H16,Dati!$A$2:$A$761,$AL16)+SUMIFS(Dati!$C$2:$C$761,Dati!$A$2:$A$761,$H16,Dati!$H$2:$H$761,$AL16)+SUMIFS(Dati!$J$2:$J$761,Dati!$H$2:$H$761,$H16,Dati!$A$2:$A$761,$AL16),"-") | CE16: =IF(AND($H16<>"",$AM16<>"",$H16<>$AM16,IFERROR(VLOOKUP($H16,areaCercaPuntiClassificaSquadra,3,FALSE),-1)=IFERROR(VLOOKUP($AM16,areaCercaPuntiClassificaSquadra,3,FALSE),-2)),SUMIFS(Dati!$D$2:$D$761,Dati!$A$2:$A$761,$H16,Dati!$H$2:$H$761,$AM16)+SUMIFS(Dati!$K$2:$K$761,Dati!$H$2:$H$761,$H16,Dati!$A$2:$A$761,$AM16)+SUMIFS(Dati!$C$2:$C$761,Dati!$A$2:$A$761,$H16,Dati!$H$2:$H$761,$AM16)+SUMIFS(Dati!$J$2:$J$761,Dati!$H$2:$H$761,$H16,Dati!$A$2:$A$761,$AM16),"-") | CF16: =IF(AND($H16<>"",$AN16<>"",$H16<>$AN16,IFERROR(VLOOKUP($H16,areaCercaPuntiClassificaSquadra,3,FALSE),-1)=IFERROR(VLOOKUP($AN16,areaCercaPuntiClassificaSquadra,3,FALSE),-2)),SUMIFS(Dati!$D$2:$D$761,Dati!$A$2:$A$761,$H16,Dati!$H$2:$H$761,$AN16)+SUMIFS(Dati!$K$2:$K$761,Dati!$H$2:$H$761,$H16,Dati!$A$2:$A$761,$AN16)+SUMIFS(Dati!$C$2:$C$761,Dati!$A$2:$A$761,$H16,Dati!$H$2:$H$761,$AN16)+SUMIFS(Dati!$J$2:$J$761,Dati!$H$2:$H$761,$H16,Dati!$A$2:$A$761,$AN16),"-") | CG16: =IF(AND($H16<>"",$AO16<>"",$H16<>$AO16,IFERROR(VLOOKUP($H16,areaCercaPuntiClassificaSquadra,3,FALSE),-1)=IFERROR(VLOOKUP($AO16,areaCercaPuntiClassificaSquadra,3,FALSE),-2)),SUMIFS(Dati!$D$2:$D$761,Dati!$A$2:$A$761,$H16,Dati!$H$2:$H$761,$AO16)+SUMIFS(Dati!$K$2:$K$761,Dati!$H$2:$H$761,$H16,Dati!$A$2:$A$761,$AO16)+SUMIFS(Dati!$C$2:$C$761,Dati!$A$2:$A$761,$H16,Dati!$H$2:$H$761,$AO16)+SUMIFS(Dati!$J$2:$J$761,Dati!$H$2:$H$761,$H16,Dati!$A$2:$A$761,$AO16),"-") | CH16: =IF(AND($H16<>"",$AP16<>"",$H16<>$AP16,IFERROR(VLOOKUP($H16,areaCercaPuntiClassificaSquadra,3,FALSE),-1)=IFERROR(VLOOKUP($AP16,areaCercaPuntiClassificaSquadra,3,FALSE),-2)),SUMIFS(Dati!$D$2:$D$761,Dati!$A$2:$A$761,$H16,Dati!$H$2:$H$761,$AP16)+SUMIFS(Dati!$K$2:$K$761,Dati!$H$2:$H$761,$H16,Dati!$A$2:$A$761,$AP16)+SUMIFS(Dati!$C$2:$C$761,Dati!$A$2:$A$761,$H16,Dati!$H$2:$H$761,$AP16)+SUMIFS(Dati!$J$2:$J$761,Dati!$H$2:$H$761,$H16,Dati!$A$2:$A$761,$AP16),"-") | CI16: =IF(AND($H16<>"",$AQ16<>"",$H16<>$AQ16,IFERROR(VLOOKUP($H16,areaCercaPuntiClassificaSquadra,3,FALSE),-1)=IFERROR(VLOOKUP($AQ16,areaCercaPuntiClassificaSquadra,3,FALSE),-2)),SUMIFS(Dati!$D$2:$D$761,Dati!$A$2:$A$761,$H16,Dati!$H$2:$H$761,$AQ16)+SUMIFS(Dati!$K$2:$K$761,Dati!$H$2:$H$761,$H16,Dati!$A$2:$A$761,$AQ16)+SUMIFS(Dati!$C$2:$C$761,Dati!$A$2:$A$761,$H16,Dati!$H$2:$H$761,$AQ16)+SUMIFS(Dati!$J$2:$J$761,Dati!$H$2:$H$761,$H16,Dati!$A$2:$A$761,$AQ16),"-") | CJ16: =IF(AND($H16<>"",$AR16<>"",$H16<>$AR16,IFERROR(VLOOKUP($H16,areaCercaPuntiClassificaSquadra,3,FALSE),-1)=IFERROR(VLOOKUP($AR16,areaCercaPuntiClassificaSquadra,3,FALSE),-2)),SUMIFS(Dati!$D$2:$D$761,Dati!$A$2:$A$761,$H16,Dati!$H$2:$H$761,$AR16)+SUMIFS(Dati!$K$2:$K$761,Dati!$H$2:$H$761,$H16,Dati!$A$2:$A$761,$AR16)+SUMIFS(Dati!$C$2:$C$761,Dati!$A$2:$A$761,$H16,Dati!$H$2:$H$761,$AR16)+SUMIFS(Dati!$J$2:$J$761,Dati!$H$2:$H$761,$H16,Dati!$A$2:$A$761,$AR16),"-") | CL16: =$C16 | CM16: =IF(AND($H16<>"",$Y16<>"",$H16<>$Y16,IFERROR(VLOOKUP($H16,areaCercaPuntiClassificaSquadra,3,FALSE),-1)=IFERROR(VLOOKUP($Y16,areaCercaPuntiClassificaSquadra,3,FALSE),-2)),SUMIFS(Dati!$E$2:$E$761,Dati!$A$2:$A$761,$H16,Dati!$H$2:$H$761,$Y16)+SUMIFS(Dati!$L$2:$L$761,Dati!$H$2:$H$761,$H16,Dati!$A$2:$A$761,$Y16),"-") | CN16: =IF(AND($H16<>"",$Z16<>"",$H16<>$Z16,IFERROR(VLOOKUP($H16,areaCercaPuntiClassificaSquadra,3,FALSE),-1)=IFERROR(VLOOKUP($Z16,areaCercaPuntiClassificaSquadra,3,FALSE),-2)),SUMIFS(Dati!$E$2:$E$761,Dati!$A$2:$A$761,$H16,Dati!$H$2:$H$761,$Z16)+SUMIFS(Dati!$L$2:$L$761,Dati!$H$2:$H$761,$H16,Dati!$A$2:$A$761,$Z16),"-") | CO16: =IF(AND($H16<>"",$AA16<>"",$H16<>$AA16,IFERROR(VLOOKUP($H16,areaCercaPuntiClassificaSquadra,3,FALSE),-1)=IFERROR(VLOOKUP($AA16,areaCercaPuntiClassificaSquadra,3,FALSE),-2)),SUMIFS(Dati!$E$2:$E$761,Dati!$A$2:$A$761,$H16,Dati!$H$2:$H$761,$AA16)+SUMIFS(Dati!$L$2:$L$761,Dati!$H$2:$H$761,$H16,Dati!$A$2:$A$761,$AA16),"-") | CP16: =IF(AND($H16<>"",$AB16<>"",$H16<>$AB16,IFERROR(VLOOKUP($H16,areaCercaPuntiClassificaSquadra,3,FALSE),-1)=IFERROR(VLOOKUP($AB16,areaCercaPuntiClassificaSquadra,3,FALSE),-2)),SUMIFS(Dati!$E$2:$E$761,Dati!$A$2:$A$761,$H16,Dati!$H$2:$H$761,$AB16)+SUMIFS(Dati!$L$2:$L$761,Dati!$H$2:$H$761,$H16,Dati!$A$2:$A$761,$AB16),"-") | CQ16: =IF(AND($H16<>"",$AC16<>"",$H16<>$AC16,IFERROR(VLOOKUP($H16,areaCercaPuntiClassificaSquadra,3,FALSE),-1)=IFERROR(VLOOKUP($AC16,areaCercaPuntiClassificaSquadra,3,FALSE),-2)),SUMIFS(Dati!$E$2:$E$761,Dati!$A$2:$A$761,$H16,Dati!$H$2:$H$761,$AC16)+SUMIFS(Dati!$L$2:$L$761,Dati!$H$2:$H$761,$H16,Dati!$A$2:$A$761,$AC16),"-") | CR16: =IF(AND($H16<>"",$AD16<>"",$H16<>$AD16,IFERROR(VLOOKUP($H16,areaCercaPuntiClassificaSquadra,3,FALSE),-1)=IFERROR(VLOOKUP($AD16,areaCercaPuntiClassificaSquadra,3,FALSE),-2)),SUMIFS(Dati!$E$2:$E$761,Dati!$A$2:$A$761,$H16,Dati!$H$2:$H$761,$AD16)+SUMIFS(Dati!$L$2:$L$761,Dati!$H$2:$H$761,$H16,Dati!$A$2:$A$761,$AD16),"-") | CS16: =IF(AND($H16<>"",$AE16<>"",$H16<>$AE16,IFERROR(VLOOKUP($H16,areaCercaPuntiClassificaSquadra,3,FALSE),-1)=IFERROR(VLOOKUP($AE16,areaCercaPuntiClassificaSquadra,3,FALSE),-2)),SUMIFS(Dati!$E$2:$E$761,Dati!$A$2:$A$761,$H16,Dati!$H$2:$H$761,$AE16)+SUMIFS(Dati!$L$2:$L$761,Dati!$H$2:$H$761,$H16,Dati!$A$2:$A$761,$AE16),"-") | CT16: =IF(AND($H16<>"",$AF16<>"",$H16<>$AF16,IFERROR(VLOOKUP($H16,areaCercaPuntiClassificaSquadra,3,FALSE),-1)=IFERROR(VLOOKUP($AF16,areaCercaPuntiClassificaSquadra,3,FALSE),-2)),SUMIFS(Dati!$E$2:$E$761,Dati!$A$2:$A$761,$H16,Dati!$H$2:$H$761,$AF16)+SUMIFS(Dati!$L$2:$L$761,Dati!$H$2:$H$761,$H16,Dati!$A$2:$A$761,$AF16),"-") | CU16: =IF(AND($H16<>"",$AG16<>"",$H16<>$AG16,IFERROR(VLOOKUP($H16,areaCercaPuntiClassificaSquadra,3,FALSE),-1)=IFERROR(VLOOKUP($AG16,areaCercaPuntiClassificaSquadra,3,FALSE),-2)),SUMIFS(Dati!$E$2:$E$761,Dati!$A$2:$A$761,$H16,Dati!$H$2:$H$761,$AG16)+SUMIFS(Dati!$L$2:$L$761,Dati!$H$2:$H$761,$H16,Dati!$A$2:$A$761,$AG16),"-") | CV16: =IF(AND($H16<>"",$AH16<>"",$H16<>$AH16,IFERROR(VLOOKUP($H16,areaCercaPuntiClassificaSquadra,3,FALSE),-1)=IFERROR(VLOOKUP($AH16,areaCercaPuntiClassificaSquadra,3,FALSE),-2)),SUMIFS(Dati!$E$2:$E$761,Dati!$A$2:$A$761,$H16,Dati!$H$2:$H$761,$AH16)+SUMIFS(Dati!$L$2:$L$761,Dati!$H$2:$H$761,$H16,Dati!$A$2:$A$761,$AH16),"-") | CW16: =IF(AND($H16<>"",$AI16<>"",$H16<>$AI16,IFERROR(VLOOKUP($H16,areaCercaPuntiClassificaSquadra,3,FALSE),-1)=IFERROR(VLOOKUP($AI16,areaCercaPuntiClassificaSquadra,3,FALSE),-2)),SUMIFS(Dati!$E$2:$E$761,Dati!$A$2:$A$761,$H16,Dati!$H$2:$H$761,$AI16)+SUMIFS(Dati!$L$2:$L$761,Dati!$H$2:$H$761,$H16,Dati!$A$2:$A$761,$AI16),"-") | CX16: =IF(AND($H16<>"",$AJ16<>"",$H16<>$AJ16,IFERROR(VLOOKUP($H16,areaCercaPuntiClassificaSquadra,3,FALSE),-1)=IFERROR(VLOOKUP($AJ16,areaCercaPuntiClassificaSquadra,3,FALSE),-2)),SUMIFS(Dati!$E$2:$E$761,Dati!$A$2:$A$761,$H16,Dati!$H$2:$H$761,$AJ16)+SUMIFS(Dati!$L$2:$L$761,Dati!$H$2:$H$761,$H16,Dati!$A$2:$A$761,$AJ16),"-") | CY16: =IF(AND($H16<>"",$AK16<>"",$H16<>$AK16,IFERROR(VLOOKUP($H16,areaCercaPuntiClassificaSquadra,3,FALSE),-1)=IFERROR(VLOOKUP($AK16,areaCercaPuntiClassificaSquadra,3,FALSE),-2)),SUMIFS(Dati!$E$2:$E$761,Dati!$A$2:$A$761,$H16,Dati!$H$2:$H$761,$AK16)+SUMIFS(Dati!$L$2:$L$761,Dati!$H$2:$H$761,$H16,Dati!$A$2:$A$761,$AK16),"-") | CZ16: =IF(AND($H16<>"",$AL16<>"",$H16<>$AL16,IFERROR(VLOOKUP($H16,areaCercaPuntiClassificaSquadra,3,FALSE),-1)=IFERROR(VLOOKUP($AL16,areaCercaPuntiClassificaSquadra,3,FALSE),-2)),SUMIFS(Dati!$E$2:$E$761,Dati!$A$2:$A$761,$H16,Dati!$H$2:$H$761,$AL16)+SUMIFS(Dati!$L$2:$L$761,Dati!$H$2:$H$761,$H16,Dati!$A$2:$A$761,$AL16),"-") | DA16: =IF(AND($H16<>"",$AM16<>"",$H16<>$AM16,IFERROR(VLOOKUP($H16,areaCercaPuntiClassificaSquadra,3,FALSE),-1)=IFERROR(VLOOKUP($AM16,areaCercaPuntiClassificaSquadra,3,FALSE),-2)),SUMIFS(Dati!$E$2:$E$761,Dati!$A$2:$A$761,$H16,Dati!$H$2:$H$761,$AM16)+SUMIFS(Dati!$L$2:$L$761,Dati!$H$2:$H$761,$H16,Dati!$A$2:$A$761,$AM16),"-") | DB16: =IF(AND($H16<>"",$AN16<>"",$H16<>$AN16,IFERROR(VLOOKUP($H16,areaCercaPuntiClassificaSquadra,3,FALSE),-1)=IFERROR(VLOOKUP($AN16,areaCercaPuntiClassificaSquadra,3,FALSE),-2)),SUMIFS(Dati!$E$2:$E$761,Dati!$A$2:$A$761,$H16,Dati!$H$2:$H$761,$AN16)+SUMIFS(Dati!$L$2:$L$761,Dati!$H$2:$H$761,$H16,Dati!$A$2:$A$761,$AN16),"-") | DC16: =IF(AND($H16<>"",$AO16<>"",$H16<>$AO16,IFERROR(VLOOKUP($H16,areaCercaPuntiClassificaSquadra,3,FALSE),-1)=IFERROR(VLOOKUP($AO16,areaCercaPuntiClassificaSquadra,3,FALSE),-2)),SUMIFS(Dati!$E$2:$E$761,Dati!$A$2:$A$761,$H16,Dati!$H$2:$H$761,$AO16)+SUMIFS(Dati!$L$2:$L$761,Dati!$H$2:$H$761,$H16,Dati!$A$2:$A$761,$AO16),"-") | DD16: =IF(AND($H16<>"",$AP16<>"",$H16<>$AP16,IFERROR(VLOOKUP($H16,areaCercaPuntiClassificaSquadra,3,FALSE),-1)=IFERROR(VLOOKUP($AP16,areaCercaPuntiClassificaSquadra,3,FALSE),-2)),SUMIFS(Dati!$E$2:$E$761,Dati!$A$2:$A$761,$H16,Dati!$H$2:$H$761,$AP16)+SUMIFS(Dati!$L$2:$L$761,Dati!$H$2:$H$761,$H16,Dati!$A$2:$A$761,$AP16),"-") | DE16: =IF(AND($H16<>"",$AQ16<>"",$H16<>$AQ16,IFERROR(VLOOKUP($H16,areaCercaPuntiClassificaSquadra,3,FALSE),-1)=IFERROR(VLOOKUP($AQ16,areaCercaPuntiClassificaSquadra,3,FALSE),-2)),SUMIFS(Dati!$E$2:$E$761,Dati!$A$2:$A$761,$H16,Dati!$H$2:$H$761,$AQ16)+SUMIFS(Dati!$L$2:$L$761,Dati!$H$2:$H$761,$H16,Dati!$A$2:$A$761,$AQ16),"-") | DF16: =IF(AND($H16<>"",$AR16<>"",$H16<>$AR16,IFERROR(VLOOKUP($H16,areaCercaPuntiClassificaSquadra,3,FALSE),-1)=IFERROR(VLOOKUP($AR16,areaCercaPuntiClassificaSquadra,3,FALSE),-2)),SUMIFS(Dati!$E$2:$E$761,Dati!$A$2:$A$761,$H16,Dati!$H$2:$H$761,$AR16)+SUMIFS(Dati!$L$2:$L$761,Dati!$H$2:$H$761,$H16,Dati!$A$2:$A$761,$AR16),"-") | DH16: =$C16 | DI16: =IF(AND($H16<>"",$Y16<>"",$H16<>$Y16,IFERROR(VLOOKUP($H16,areaCercaPuntiClassificaSquadra,3,FALSE),-1)=IFERROR(VLOOKUP($Y16,areaCercaPuntiClassificaSquadra,3,FALSE),-2)),SUMIFS(Dati!$F$2:$F$761,Dati!$A$2:$A$761,$H16,Dati!$H$2:$H$761,$Y16)+SUMIFS(Dati!$M$2:$M$761,Dati!$H$2:$H$761,$H16,Dati!$A$2:$A$761,$Y16),"-") | DJ16: =IF(AND($H16<>"",$Z16<>"",$H16<>$Z16,IFERROR(VLOOKUP($H16,areaCercaPuntiClassificaSquadra,3,FALSE),-1)=IFERROR(VLOOKUP($Z16,areaCercaPuntiClassificaSquadra,3,FALSE),-2)),SUMIFS(Dati!$F$2:$F$761,Dati!$A$2:$A$761,$H16,Dati!$H$2:$H$761,$Z16)+SUMIFS(Dati!$M$2:$M$761,Dati!$H$2:$H$761,$H16,Dati!$A$2:$A$761,$Z16),"-") | DK16: =IF(AND($H16<>"",$AA16<>"",$H16<>$AA16,IFERROR(VLOOKUP($H16,areaCercaPuntiClassificaSquadra,3,FALSE),-1)=IFERROR(VLOOKUP($AA16,areaCercaPuntiClassificaSquadra,3,FALSE),-2)),SUMIFS(Dati!$F$2:$F$761,Dati!$A$2:$A$761,$H16,Dati!$H$2:$H$761,$AA16)+SUMIFS(Dati!$M$2:$M$761,Dati!$H$2:$H$761,$H16,Dati!$A$2:$A$761,$AA16),"-") | DL16: =IF(AND($H16<>"",$AB16<>"",$H16<>$AB16,IFERROR(VLOOKUP($H16,areaCercaPuntiClassificaSquadra,3,FALSE),-1)=IFERROR(VLOOKUP($AB16,areaCercaPuntiClassificaSquadra,3,FALSE),-2)),SUMIFS(Dati!$F$2:$F$761,Dati!$A$2:$A$761,$H16,Dati!$H$2:$H$761,$AB16)+SUMIFS(Dati!$M$2:$M$761,Dati!$H$2:$H$761,$H16,Dati!$A$2:$A$761,$AB16),"-") | DM16: =IF(AND($H16<>"",$AC16<>"",$H16<>$AC16,IFERROR(VLOOKUP($H16,areaCercaPuntiClassificaSquadra,3,FALSE),-1)=IFERROR(VLOOKUP($AC16,areaCercaPuntiClassificaSquadra,3,FALSE),-2)),SUMIFS(Dati!$F$2:$F$761,Dati!$A$2:$A$761,$H16,Dati!$H$2:$H$761,$AC16)+SUMIFS(Dati!$M$2:$M$761,Dati!$H$2:$H$761,$H16,Dati!$A$2:$A$761,$AC16),"-") | DN16: =IF(AND($H16<>"",$AD16<>"",$H16<>$AD16,IFERROR(VLOOKUP($H16,areaCercaPuntiClassificaSquadra,3,FALSE),-1)=IFERROR(VLOOKUP($AD16,areaCercaPuntiClassificaSquadra,3,FALSE),-2)),SUMIFS(Dati!$F$2:$F$761,Dati!$A$2:$A$761,$H16,Dati!$H$2:$H$761,$AD16)+SUMIFS(Dati!$M$2:$M$761,Dati!$H$2:$H$761,$H16,Dati!$A$2:$A$761,$AD16),"-") | DO16: =IF(AND($H16<>"",$AE16<>"",$H16<>$AE16,IFERROR(VLOOKUP($H16,areaCercaPuntiClassificaSquadra,3,FALSE),-1)=IFERROR(VLOOKUP($AE16,areaCercaPuntiClassificaSquadra,3,FALSE),-2)),SUMIFS(Dati!$F$2:$F$761,Dati!$A$2:$A$761,$H16,Dati!$H$2:$H$761,$AE16)+SUMIFS(Dati!$M$2:$M$761,Dati!$H$2:$H$761,$H16,Dati!$A$2:$A$761,$AE16),"-") | DP16: =IF(AND($H16<>"",$AF16<>"",$H16<>$AF16,IFERROR(VLOOKUP($H16,areaCercaPuntiClassificaSquadra,3,FALSE),-1)=IFERROR(VLOOKUP($AF16,areaCercaPuntiClassificaSquadra,3,FALSE),-2)),SUMIFS(Dati!$F$2:$F$761,Dati!$A$2:$A$761,$H16,Dati!$H$2:$H$761,$AF16)+SUMIFS(Dati!$M$2:$M$761,Dati!$H$2:$H$761,$H16,Dati!$A$2:$A$761,$AF16),"-") | DQ16: =IF(AND($H16<>"",$AG16<>"",$H16<>$AG16,IFERROR(VLOOKUP($H16,areaCercaPuntiClassificaSquadra,3,FALSE),-1)=IFERROR(VLOOKUP($AG16,areaCercaPuntiClassificaSquadra,3,FALSE),-2)),SUMIFS(Dati!$F$2:$F$761,Dati!$A$2:$A$761,$H16,Dati!$H$2:$H$761,$AG16)+SUMIFS(Dati!$M$2:$M$761,Dati!$H$2:$H$761,$H16,Dati!$A$2:$A$761,$AG16),"-") | DR16: =IF(AND($H16<>"",$AH16<>"",$H16<>$AH16,IFERROR(VLOOKUP($H16,areaCercaPuntiClassificaSquadra,3,FALSE),-1)=IFERROR(VLOOKUP($AH16,areaCercaPuntiClassificaSquadra,3,FALSE),-2)),SUMIFS(Dati!$F$2:$F$761,Dati!$A$2:$A$761,$H16,Dati!$H$2:$H$761,$AH16)+SUMIFS(Dati!$M$2:$M$761,Dati!$H$2:$H$761,$H16,Dati!$A$2:$A$761,$AH16),"-") | DS16: =IF(AND($H16<>"",$AI16<>"",$H16<>$AI16,IFERROR(VLOOKUP($H16,areaCercaPuntiClassificaSquadra,3,FALSE),-1)=IFERROR(VLOOKUP($AI16,areaCercaPuntiClassificaSquadra,3,FALSE),-2)),SUMIFS(Dati!$F$2:$F$761,Dati!$A$2:$A$761,$H16,Dati!$H$2:$H$761,$AI16)+SUMIFS(Dati!$M$2:$M$761,Dati!$H$2:$H$761,$H16,Dati!$A$2:$A$761,$AI16),"-") | DT16: =IF(AND($H16<>"",$AJ16<>"",$H16<>$AJ16,IFERROR(VLOOKUP($H16,areaCercaPuntiClassificaSquadra,3,FALSE),-1)=IFERROR(VLOOKUP($AJ16,areaCercaPuntiClassificaSquadra,3,FALSE),-2)),SUMIFS(Dati!$F$2:$F$761,Dati!$A$2:$A$761,$H16,Dati!$H$2:$H$761,$AJ16)+SUMIFS(Dati!$M$2:$M$761,Dati!$H$2:$H$761,$H16,Dati!$A$2:$A$761,$AJ16),"-") | DU16: =IF(AND($H16<>"",$AK16<>"",$H16<>$AK16,IFERROR(VLOOKUP($H16,areaCercaPuntiClassificaSquadra,3,FALSE),-1)=IFERROR(VLOOKUP($AK16,areaCercaPuntiClassificaSquadra,3,FALSE),-2)),SUMIFS(Dati!$F$2:$F$761,Dati!$A$2:$A$761,$H16,Dati!$H$2:$H$761,$AK16)+SUMIFS(Dati!$M$2:$M$761,Dati!$H$2:$H$761,$H16,Dati!$A$2:$A$761,$AK16),"-") | DV16: =IF(AND($H16<>"",$AL16<>"",$H16<>$AL16,IFERROR(VLOOKUP($H16,areaCercaPuntiClassificaSquadra,3,FALSE),-1)=IFERROR(VLOOKUP($AL16,areaCercaPuntiClassificaSquadra,3,FALSE),-2)),SUMIFS(Dati!$F$2:$F$761,Dati!$A$2:$A$761,$H16,Dati!$H$2:$H$761,$AL16)+SUMIFS(Dati!$M$2:$M$761,Dati!$H$2:$H$761,$H16,Dati!$A$2:$A$761,$AL16),"-") | DW16: =IF(AND($H16<>"",$AM16<>"",$H16<>$AM16,IFERROR(VLOOKUP($H16,areaCercaPuntiClassificaSquadra,3,FALSE),-1)=IFERROR(VLOOKUP($AM16,areaCercaPuntiClassificaSquadra,3,FALSE),-2)),SUMIFS(Dati!$F$2:$F$761,Dati!$A$2:$A$761,$H16,Dati!$H$2:$H$761,$AM16)+SUMIFS(Dati!$M$2:$M$761,Dati!$H$2:$H$761,$H16,Dati!$A$2:$A$761,$AM16),"-") | DX16: =IF(AND($H16<>"",$AN16<>"",$H16<>$AN16,IFERROR(VLOOKUP($H16,areaCercaPuntiClassificaSquadra,3,FALSE),-1)=IFERROR(VLOOKUP($AN16,areaCercaPuntiClassificaSquadra,3,FALSE),-2)),SUMIFS(Dati!$F$2:$F$761,Dati!$A$2:$A$761,$H16,Dati!$H$2:$H$761,$AN16)+SUMIFS(Dati!$M$2:$M$761,Dati!$H$2:$H$761,$H16,Dati!$A$2:$A$761,$AN16),"-") | DY16: =IF(AND($H16<>"",$AO16<>"",$H16<>$AO16,IFERROR(VLOOKUP($H16,areaCercaPuntiClassificaSquadra,3,FALSE),-1)=IFERROR(VLOOKUP($AO16,areaCercaPuntiClassificaSquadra,3,FALSE),-2)),SUMIFS(Dati!$F$2:$F$761,Dati!$A$2:$A$761,$H16,Dati!$H$2:$H$761,$AO16)+SUMIFS(Dati!$M$2:$M$761,Dati!$H$2:$H$761,$H16,Dati!$A$2:$A$761,$AO16),"-") | DZ16: =IF(AND($H16<>"",$AP16<>"",$H16<>$AP16,IFERROR(VLOOKUP($H16,areaCercaPuntiClassificaSquadra,3,FALSE),-1)=IFERROR(VLOOKUP($AP16,areaCercaPuntiClassificaSquadra,3,FALSE),-2)),SUMIFS(Dati!$F$2:$F$761,Dati!$A$2:$A$761,$H16,Dati!$H$2:$H$761,$AP16)+SUMIFS(Dati!$M$2:$M$761,Dati!$H$2:$H$761,$H16,Dati!$A$2:$A$761,$AP16),"-") | EA16: =IF(AND($H16<>"",$AQ16<>"",$H16<>$AQ16,IFERROR(VLOOKUP($H16,areaCercaPuntiClassificaSquadra,3,FALSE),-1)=IFERROR(VLOOKUP($AQ16,areaCercaPuntiClassificaSquadra,3,FALSE),-2)),SUMIFS(Dati!$F$2:$F$761,Dati!$A$2:$A$761,$H16,Dati!$H$2:$H$761,$AQ16)+SUMIFS(Dati!$M$2:$M$761,Dati!$H$2:$H$761,$H16,Dati!$A$2:$A$761,$AQ16),"-") | EB16: =IF(AND($H16<>"",$AR16<>"",$H16<>$AR16,IFERROR(VLOOKUP($H16,areaCercaPuntiClassificaSquadra,3,FALSE),-1)=IFERROR(VLOOKUP($AR16,areaCercaPuntiClassificaSquadra,3,FALSE),-2)),SUMIFS(Dati!$F$2:$F$761,Dati!$A$2:$A$761,$H16,Dati!$H$2:$H$761,$AR16)+SUMIFS(Dati!$M$2:$M$761,Dati!$H$2:$H$761,$H16,Dati!$A$2:$A$761,$AR16),"-") | ED16: =IF($C16="","",SUM(AU16:BN16))
B17: A04 | C17: Dingo Docili-Dingoopoli DO | E17: A | G17: =IF($C17="","",$E17&(COUNTIFS(I$14:I$93,">"&I17,E$14:E$93,"="&E17,C$14:C$93,"<>")+COUNTIFS(I$14:I$93,"="&I17,H$14:H$93,"<="&H17,E$14:E$93,"="&E17,C$14:C$93,"<>"))) | H17: =IF($C17="","",IFERROR(LEFT($C17,FIND("-",$C17)-1),$C17)) | I17: =TEXT(1000000000+J17,"|0000000000|")&TEXT(SUM(AU17:BN17),"0000000000|")&IF(SUM(DI17:EB17)=0,"0000000000|",TEXT(ROUND(SUM(CM17:DF17)/SUM(DI17:EB17),4)*100000,"0000000000|"))&IF(P17=0,"0000000000|",TEXT(ROUND(O17/P17,4)*100000,"0000000000|")) | J17: =L17*constPuntiVittoria+M17*constPuntiSconfitta+N17*constPuntiForfait+IF(D17="",0,D17) | K17: =SUM(L17:N17) | L17: =IF($H17="",0,SUMIF(Dati!$A$2:$A$761,$H17,Dati!$B$2:$B$761)+SUMIF(Dati!$H$2:$H$761,$H17,Dati!$I$2:$I$761)) | M17: =IF($H17="",0,SUMIF(Dati!$A$2:$A$761,$H17,Dati!$D$2:$D$761)+SUMIF(Dati!$H$2:$H$761,$H17,Dati!$K$2:$K$761)) | N17: =IF($H17="",0,SUMIF(Dati!$A$2:$A$761,$H17,Dati!$C$2:$C$761)+SUMIF(Dati!$H$2:$H$761,$H17,Dati!$J$2:$J$761)) | O17: =IF($H17="",0,SUMIF(Dati!$A$2:$A$761,$H17,Dati!$E$2:$E$761)+SUMIF(Dati!$H$2:$H$761,$H17,Dati!$L$2:$L$761)) | P17: =IF($H17="",0,SUMIF(Dati!$A$2:$A$761,$H17,Dati!$F$2:$F$761)+SUMIF(Dati!$H$2:$H$761,$H17,Dati!$M$2:$M$761)) | Q17: =IF($H17="",0,SUMIF(Dati!$A$2:$A$761,$H17,Dati!$G$2:$G$761)+SUMIF(Dati!$H$2:$H$761,$H17,Dati!$N$2:$N$761)) | R17: =IF(K17=0,0,ROUND(O17/K17,2)) | S17: =IF(K17=0,0,ROUND(P17/K17,2)) | T17: =IF(K17=0,0,ROUND(Q17/K17,2)) | U17: =IF(COUNTIFS($E$14:$E$93,$E17,$J$14:$J$93,$J17,$C$14:$C$93,"<>")<=1,"-",SUM(AU17:BN17)&"-"&SUM(BQ17:CJ17)) | V17: =IF(COUNTIFS($E$14:$E$93,$E17,$J$14:$J$93,$J17,$C$14:$C$93,"<>",$ED$14:$ED$93,$ED17)<=1,"-",IF(SUM(DI17:EB17)=0,0,ROUND(SUM(CM17:DF17)/SUM(DI17:EB17),3))) | W17: =IF(COUNTIFS($E$14:$E$93,$E17,$J$14:$J$93,$J17,$C$14:$C$93,"<>",$ED$14:$ED$93,$ED17,$V$14:$V$93,$V17)<=1,"-",IF(P17=0,0,ROUND(O17/P17,3))) | X17: =IF($C17="","",$E17&"#"&COUNTIFS($E$14:$E17,$E17,$C$14:$C17,"<>")) | Y17: =IFERROR(INDEX($H$14:$H$93,MATCH($E17&"#1",$X$14:$X$93,0)),"") | Z17: =IFERROR(INDEX($H$14:$H$93,MATCH($E17&"#2",$X$14:$X$93,0)),"") | AA17: =IFERROR(INDEX($H$14:$H$93,MATCH($E17&"#3",$X$14:$X$93,0)),"") | AB17: =IFERROR(INDEX($H$14:$H$93,MATCH($E17&"#4",$X$14:$X$93,0)),"") | AC17: =IFERROR(INDEX($H$14:$H$93,MATCH($E17&"#5",$X$14:$X$93,0)),"") | AD17: =IFERROR(INDEX($H$14:$H$93,MATCH($E17&"#6",$X$14:$X$93,0)),"") | AE17: =IFERROR(INDEX($H$14:$H$93,MATCH($E17&"#7",$X$14:$X$93,0)),"") | AF17: =IFERROR(INDEX($H$14:$H$93,MATCH($E17&"#8",$X$14:$X$93,0)),"") | AG17: =IFERROR(INDEX($H$14:$H$93,MATCH($E17&"#9",$X$14:$X$93,0)),"") | AH17: =IFERROR(INDEX($H$14:$H$93,MATCH($E17&"#10",$X$14:$X$93,0)),"") | AI17: =IFERROR(INDEX($H$14:$H$93,MATCH($E17&"#11",$X$14:$X$93,0)),"") | AJ17: =IFERROR(INDEX($H$14:$H$93,MATCH($E17&"#12",$X$14:$X$93,0)),"") | AK17: =IFERROR(INDEX($H$14:$H$93,MATCH($E17&"#13",$X$14:$X$93,0)),"") | AL17: =IFERROR(INDEX($H$14:$H$93,MATCH($E17&"#14",$X$14:$X$93,0)),"") | AM17: =IFERROR(INDEX($H$14:$H$93,MATCH($E17&"#15",$X$14:$X$93,0)),"") | AN17: =IFERROR(INDEX($H$14:$H$93,MATCH($E17&"#16",$X$14:$X$93,0)),"") | AO17: =IFERROR(INDEX($H$14:$H$93,MATCH($E17&"#17",$X$14:$X$93,0)),"") | AP17: =IFERROR(INDEX($H$14:$H$93,MATCH($E17&"#18",$X$14:$X$93,0)),"") | AQ17: =IFERROR(INDEX($H$14:$H$93,MATCH($E17&"#19",$X$14:$X$93,0)),"") | AR17: =IFERROR(INDEX($H$14:$H$93,MATCH($E17&"#20",$X$14:$X$93,0)),"") | AT17: =$C17 | AU17: =IF(AND($H17<>"",$Y17<>"",$H17<>$Y17,IFERROR(VLOOKUP($H17,areaCercaPuntiClassificaSquadra,3,FALSE),-1)=IFERROR(VLOOKUP($Y17,areaCercaPuntiClassificaSquadra,3,FALSE),-2)),SUMIFS(Dati!$B$2:$B$761,Dati!$A$2:$A$761,$H17,Dati!$H$2:$H$761,$Y17)+SUMIFS(Dati!$I$2:$I$761,Dati!$H$2:$H$761,$H17,Dati!$A$2:$A$761,$Y17),"-") | AV17: =IF(AND($H17<>"",$Z17<>"",$H17<>$Z17,IFERROR(VLOOKUP($H17,areaCercaPuntiClassificaSquadra,3,FALSE),-1)=IFERROR(VLOOKUP($Z17,areaCercaPuntiClassificaSquadra,3,FALSE),-2)),SUMIFS(Dati!$B$2:$B$761,Dati!$A$2:$A$761,$H17,Dati!$H$2:$H$761,$Z17)+SUMIFS(Dati!$I$2:$I$761,Dati!$H$2:$H$761,$H17,Dati!$A$2:$A$761,$Z17),"-") | AW17: =IF(AND($H17<>"",$AA17<>"",$H17<>$AA17,IFERROR(VLOOKUP($H17,areaCercaPuntiClassificaSquadra,3,FALSE),-1)=IFERROR(VLOOKUP($AA17,areaCercaPuntiClassificaSquadra,3,FALSE),-2)),SUMIFS(Dati!$B$2:$B$761,Dati!$A$2:$A$761,$H17,Dati!$H$2:$H$761,$AA17)+SUMIFS(Dati!$I$2:$I$761,Dati!$H$2:$H$761,$H17,Dati!$A$2:$A$761,$AA17),"-") | AX17: =IF(AND($H17<>"",$AB17<>"",$H17<>$AB17,IFERROR(VLOOKUP($H17,areaCercaPuntiClassificaSquadra,3,FALSE),-1)=IFERROR(VLOOKUP($AB17,areaCercaPuntiClassificaSquadra,3,FALSE),-2)),SUMIFS(Dati!$B$2:$B$761,Dati!$A$2:$A$761,$H17,Dati!$H$2:$H$761,$AB17)+SUMIFS(Dati!$I$2:$I$761,Dati!$H$2:$H$761,$H17,Dati!$A$2:$A$761,$AB17),"-") | AY17: =IF(AND($H17<>"",$AC17<>"",$H17<>$AC17,IFERROR(VLOOKUP($H17,areaCercaPuntiClassificaSquadra,3,FALSE),-1)=IFERROR(VLOOKUP($AC17,areaCercaPuntiClassificaSquadra,3,FALSE),-2)),SUMIFS(Dati!$B$2:$B$761,Dati!$A$2:$A$761,$H17,Dati!$H$2:$H$761,$AC17)+SUMIFS(Dati!$I$2:$I$761,Dati!$H$2:$H$761,$H17,Dati!$A$2:$A$761,$AC17),"-") | AZ17: =IF(AND($H17<>"",$AD17<>"",$H17<>$AD17,IFERROR(VLOOKUP($H17,areaCercaPuntiClassificaSquadra,3,FALSE),-1)=IFERROR(VLOOKUP($AD17,areaCercaPuntiClassificaSquadra,3,FALSE),-2)),SUMIFS(Dati!$B$2:$B$761,Dati!$A$2:$A$761,$H17,Dati!$H$2:$H$761,$AD17)+SUMIFS(Dati!$I$2:$I$761,Dati!$H$2:$H$761,$H17,Dati!$A$2:$A$761,$AD17),"-") | BA17: =IF(AND($H17<>"",$AE17<>"",$H17<>$AE17,IFERROR(VLOOKUP($H17,areaCercaPuntiClassificaSquadra,3,FALSE),-1)=IFERROR(VLOOKUP($AE17,areaCercaPuntiClassificaSquadra,3,FALSE),-2)),SUMIFS(Dati!$B$2:$B$761,Dati!$A$2:$A$761,$H17,Dati!$H$2:$H$761,$AE17)+SUMIFS(Dati!$I$2:$I$761,Dati!$H$2:$H$761,$H17,Dati!$A$2:$A$761,$AE17),"-") | BB17: =IF(AND($H17<>"",$AF17<>"",$H17<>$AF17,IFERROR(VLOOKUP($H17,areaCercaPuntiClassificaSquadra,3,FALSE),-1)=IFERROR(VLOOKUP($AF17,areaCercaPuntiClassificaSquadra,3,FALSE),-2)),SUMIFS(Dati!$B$2:$B$761,Dati!$A$2:$A$761,$H17,Dati!$H$2:$H$761,$AF17)+SUMIFS(Dati!$I$2:$I$761,Dati!$H$2:$H$761,$H17,Dati!$A$2:$A$761,$AF17),"-") | BC17: =IF(AND($H17<>"",$AG17<>"",$H17<>$AG17,IFERROR(VLOOKUP($H17,areaCercaPuntiClassificaSquadra,3,FALSE),-1)=IFERROR(VLOOKUP($AG17,areaCercaPuntiClassificaSquadra,3,FALSE),-2)),SUMIFS(Dati!$B$2:$B$761,Dati!$A$2:$A$761,$H17,Dati!$H$2:$H$761,$AG17)+SUMIFS(Dati!$I$2:$I$761,Dati!$H$2:$H$761,$H17,Dati!$A$2:$A$761,$AG17),"-") | BD17: =IF(AND($H17<>"",$AH17<>"",$H17<>$AH17,IFERROR(VLOOKUP($H17,areaCercaPuntiClassificaSquadra,3,FALSE),-1)=IFERROR(VLOOKUP($AH17,areaCercaPuntiClassificaSquadra,3,FALSE),-2)),SUMIFS(Dati!$B$2:$B$761,Dati!$A$2:$A$761,$H17,Dati!$H$2:$H$761,$AH17)+SUMIFS(Dati!$I$2:$I$761,Dati!$H$2:$H$761,$H17,Dati!$A$2:$A$761,$AH17),"-") | BE17: =IF(AND($H17<>"",$AI17<>"",$H17<>$AI17,IFERROR(VLOOKUP($H17,areaCercaPuntiClassificaSquadra,3,FALSE),-1)=IFERROR(VLOOKUP($AI17,areaCercaPuntiClassificaSquadra,3,FALSE),-2)),SUMIFS(Dati!$B$2:$B$761,Dati!$A$2:$A$761,$H17,Dati!$H$2:$H$761,$AI17)+SUMIFS(Dati!$I$2:$I$761,Dati!$H$2:$H$761,$H17,Dati!$A$2:$A$761,$AI17),"-") | BF17: =IF(AND($H17<>"",$AJ17<>"",$H17<>$AJ17,IFERROR(VLOOKUP($H17,areaCercaPuntiClassificaSquadra,3,FALSE),-1)=IFERROR(VLOOKUP($AJ17,areaCercaPuntiClassificaSquadra,3,FALSE),-2)),SUMIFS(Dati!$B$2:$B$761,Dati!$A$2:$A$761,$H17,Dati!$H$2:$H$761,$AJ17)+SUMIFS(Dati!$I$2:$I$761,Dati!$H$2:$H$761,$H17,Dati!$A$2:$A$761,$AJ17),"-") | BG17: =IF(AND($H17<>"",$AK17<>"",$H17<>$AK17,IFERROR(VLOOKUP($H17,areaCercaPuntiClassificaSquadra,3,FALSE),-1)=IFERROR(VLOOKUP($AK17,areaCercaPuntiClassificaSquadra,3,FALSE),-2)),SUMIFS(Dati!$B$2:$B$761,Dati!$A$2:$A$761,$H17,Dati!$H$2:$H$761,$AK17)+SUMIFS(Dati!$I$2:$I$761,Dati!$H$2:$H$761,$H17,Dati!$A$2:$A$761,$AK17),"-") | BH17: =IF(AND($H17<>"",$AL17<>"",$H17<>$AL17,IFERROR(VLOOKUP($H17,areaCercaPuntiClassificaSquadra,3,FALSE),-1)=IFERROR(VLOOKUP($AL17,areaCercaPuntiClassificaSquadra,3,FALSE),-2)),SUMIFS(Dati!$B$2:$B$761,Dati!$A$2:$A$761,$H17,Dati!$H$2:$H$761,$AL17)+SUMIFS(Dati!$I$2:$I$761,Dati!$H$2:$H$761,$H17,Dati!$A$2:$A$761,$AL17),"-") | BI17: =IF(AND($H17<>"",$AM17<>"",$H17<>$AM17,IFERROR(VLOOKUP($H17,areaCercaPuntiClassificaSquadra,3,FALSE),-1)=IFERROR(VLOOKUP($AM17,areaCercaPuntiClassificaSquadra,3,FALSE),-2)),SUMIFS(Dati!$B$2:$B$761,Dati!$A$2:$A$761,$H17,Dati!$H$2:$H$761,$AM17)+SUMIFS(Dati!$I$2:$I$761,Dati!$H$2:$H$761,$H17,Dati!$A$2:$A$761,$AM17),"-") | BJ17: =IF(AND($H17<>"",$AN17<>"",$H17<>$AN17,IFERROR(VLOOKUP($H17,areaCercaPuntiClassificaSquadra,3,FALSE),-1)=IFERROR(VLOOKUP($AN17,areaCercaPuntiClassificaSquadra,3,FALSE),-2)),SUMIFS(Dati!$B$2:$B$761,Dati!$A$2:$A$761,$H17,Dati!$H$2:$H$761,$AN17)+SUMIFS(Dati!$I$2:$I$761,Dati!$H$2:$H$761,$H17,Dati!$A$2:$A$761,$AN17),"-") | BK17: =IF(AND($H17<>"",$AO17<>"",$H17<>$AO17,IFERROR(VLOOKUP($H17,areaCercaPuntiClassificaSquadra,3,FALSE),-1)=IFERROR(VLOOKUP($AO17,areaCercaPuntiClassificaSquadra,3,FALSE),-2)),SUMIFS(Dati!$B$2:$B$761,Dati!$A$2:$A$761,$H17,Dati!$H$2:$H$761,$AO17)+SUMIFS(Dati!$I$2:$I$761,Dati!$H$2:$H$761,$H17,Dati!$A$2:$A$761,$AO17),"-") | BL17: =IF(AND($H17<>"",$AP17<>"",$H17<>$AP17,IFERROR(VLOOKUP($H17,areaCercaPuntiClassificaSquadra,3,FALSE),-1)=IFERROR(VLOOKUP($AP17,areaCercaPuntiClassificaSquadra,3,FALSE),-2)),SUMIFS(Dati!$B$2:$B$761,Dati!$A$2:$A$761,$H17,Dati!$H$2:$H$761,$AP17)+SUMIFS(Dati!$I$2:$I$761,Dati!$H$2:$H$761,$H17,Dati!$A$2:$A$761,$AP17),"-") | BM17: =IF(AND($H17<>"",$AQ17<>"",$H17<>$AQ17,IFERROR(VLOOKUP($H17,areaCercaPuntiClassificaSquadra,3,FALSE),-1)=IFERROR(VLOOKUP($AQ17,areaCercaPuntiClassificaSquadra,3,FALSE),-2)),SUMIFS(Dati!$B$2:$B$761,Dati!$A$2:$A$761,$H17,Dati!$H$2:$H$761,$AQ17)+SUMIFS(Dati!$I$2:$I$761,Dati!$H$2:$H$761,$H17,Dati!$A$2:$A$761,$AQ17),"-") | BN17: =IF(AND($H17<>"",$AR17<>"",$H17<>$AR17,IFERROR(VLOOKUP($H17,areaCercaPuntiClassificaSquadra,3,FALSE),-1)=IFERROR(VLOOKUP($AR17,areaCercaPuntiClassificaSquadra,3,FALSE),-2)),SUMIFS(Dati!$B$2:$B$761,Dati!$A$2:$A$761,$H17,Dati!$H$2:$H$761,$AR17)+SUMIFS(Dati!$I$2:$I$761,Dati!$H$2:$H$761,$H17,Dati!$A$2:$A$761,$AR17),"-") | BP17: =$C17 | BQ17: =IF(AND($H17<>"",$Y17<>"",$H17<>$Y17,IFERROR(VLOOKUP($H17,areaCercaPuntiClassificaSquadra,3,FALSE),-1)=IFERROR(VLOOKUP($Y17,areaCercaPuntiClassificaSquadra,3,FALSE),-2)),SUMIFS(Dati!$D$2:$D$761,Dati!$A$2:$A$761,$H17,Dati!$H$2:$H$761,$Y17)+SUMIFS(Dati!$K$2:$K$761,Dati!$H$2:$H$761,$H17,Dati!$A$2:$A$761,$Y17)+SUMIFS(Dati!$C$2:$C$761,Dati!$A$2:$A$761,$H17,Dati!$H$2:$H$761,$Y17)+SUMIFS(Dati!$J$2:$J$761,Dati!$H$2:$H$761,$H17,Dati!$A$2:$A$761,$Y17),"-") | BR17: =IF(AND($H17<>"",$Z17<>"",$H17<>$Z17,IFERROR(VLOOKUP($H17,areaCercaPuntiClassificaSquadra,3,FALSE),-1)=IFERROR(VLOOKUP($Z17,areaCercaPuntiClassificaSquadra,3,FALSE),-2)),SUMIFS(Dati!$D$2:$D$761,Dati!$A$2:$A$761,$H17,Dati!$H$2:$H$761,$Z17)+SUMIFS(Dati!$K$2:$K$761,Dati!$H$2:$H$761,$H17,Dati!$A$2:$A$761,$Z17)+SUMIFS(Dati!$C$2:$C$761,Dati!$A$2:$A$761,$H17,Dati!$H$2:$H$761,$Z17)+SUMIFS(Dati!$J$2:$J$761,Dati!$H$2:$H$761,$H17,Dati!$A$2:$A$761,$Z17),"-") | BS17: =IF(AND($H17<>"",$AA17<>"",$H17<>$AA17,IFERROR(VLOOKUP($H17,areaCercaPuntiClassificaSquadra,3,FALSE),-1)=IFERROR(VLOOKUP($AA17,areaCercaPuntiClassificaSquadra,3,FALSE),-2)),SUMIFS(Dati!$D$2:$D$761,Dati!$A$2:$A$761,$H17,Dati!$H$2:$H$761,$AA17)+SUMIFS(Dati!$K$2:$K$761,Dati!$H$2:$H$761,$H17,Dati!$A$2:$A$761,$AA17)+SUMIFS(Dati!$C$2:$C$761,Dati!$A$2:$A$761,$H17,Dati!$H$2:$H$761,$AA17)+SUMIFS(Dati!$J$2:$J$761,Dati!$H$2:$H$761,$H17,Dati!$A$2:$A$761,$AA17),"-") | BT17: =IF(AND($H17<>"",$AB17<>"",$H17<>$AB17,IFERROR(VLOOKUP($H17,areaCercaPuntiClassificaSquadra,3,FALSE),-1)=IFERROR(VLOOKUP($AB17,areaCercaPuntiClassificaSquadra,3,FALSE),-2)),SUMIFS(Dati!$D$2:$D$761,Dati!$A$2:$A$761,$H17,Dati!$H$2:$H$761,$AB17)+SUMIFS(Dati!$K$2:$K$761,Dati!$H$2:$H$761,$H17,Dati!$A$2:$A$761,$AB17)+SUMIFS(Dati!$C$2:$C$761,Dati!$A$2:$A$761,$H17,Dati!$H$2:$H$761,$AB17)+SUMIFS(Dati!$J$2:$J$761,Dati!$H$2:$H$761,$H17,Dati!$A$2:$A$761,$AB17),"-") | BU17: =IF(AND($H17<>"",$AC17<>"",$H17<>$AC17,IFERROR(VLOOKUP($H17,areaCercaPuntiClassificaSquadra,3,FALSE),-1)=IFERROR(VLOOKUP($AC17,areaCercaPuntiClassificaSquadra,3,FALSE),-2)),SUMIFS(Dati!$D$2:$D$761,Dati!$A$2:$A$761,$H17,Dati!$H$2:$H$761,$AC17)+SUMIFS(Dati!$K$2:$K$761,Dati!$H$2:$H$761,$H17,Dati!$A$2:$A$761,$AC17)+SUMIFS(Dati!$C$2:$C$761,Dati!$A$2:$A$761,$H17,Dati!$H$2:$H$761,$AC17)+SUMIFS(Dati!$J$2:$J$761,Dati!$H$2:$H$761,$H17,Dati!$A$2:$A$761,$AC17),"-") | BV17: =IF(AND($H17<>"",$AD17<>"",$H17<>$AD17,IFERROR(VLOOKUP($H17,areaCercaPuntiClassificaSquadra,3,FALSE),-1)=IFERROR(VLOOKUP($AD17,areaCercaPuntiClassificaSquadra,3,FALSE),-2)),SUMIFS(Dati!$D$2:$D$761,Dati!$A$2:$A$761,$H17,Dati!$H$2:$H$761,$AD17)+SUMIFS(Dati!$K$2:$K$761,Dati!$H$2:$H$761,$H17,Dati!$A$2:$A$761,$AD17)+SUMIFS(Dati!$C$2:$C$761,Dati!$A$2:$A$761,$H17,Dati!$H$2:$H$761,$AD17)+SUMIFS(Dati!$J$2:$J$761,Dati!$H$2:$H$761,$H17,Dati!$A$2:$A$761,$AD17),"-") | BW17: =IF(AND($H17<>"",$AE17<>"",$H17<>$AE17,IFERROR(VLOOKUP($H17,areaCercaPuntiClassificaSquadra,3,FALSE),-1)=IFERROR(VLOOKUP($AE17,areaCercaPuntiClassificaSquadra,3,FALSE),-2)),SUMIFS(Dati!$D$2:$D$761,Dati!$A$2:$A$761,$H17,Dati!$H$2:$H$761,$AE17)+SUMIFS(Dati!$K$2:$K$761,Dati!$H$2:$H$761,$H17,Dati!$A$2:$A$761,$AE17)+SUMIFS(Dati!$C$2:$C$761,Dati!$A$2:$A$761,$H17,Dati!$H$2:$H$761,$AE17)+SUMIFS(Dati!$J$2:$J$761,Dati!$H$2:$H$761,$H17,Dati!$A$2:$A$761,$AE17),"-") | BX17: =IF(AND($H17<>"",$AF17<>"",$H17<>$AF17,IFERROR(VLOOKUP($H17,areaCercaPuntiClassificaSquadra,3,FALSE),-1)=IFERROR(VLOOKUP($AF17,areaCercaPuntiClassificaSquadra,3,FALSE),-2)),SUMIFS(Dati!$D$2:$D$761,Dati!$A$2:$A$761,$H17,Dati!$H$2:$H$761,$AF17)+SUMIFS(Dati!$K$2:$K$761,Dati!$H$2:$H$761,$H17,Dati!$A$2:$A$761,$AF17)+SUMIFS(Dati!$C$2:$C$761,Dati!$A$2:$A$761,$H17,Dati!$H$2:$H$761,$AF17)+SUMIFS(Dati!$J$2:$J$761,Dati!$H$2:$H$761,$H17,Dati!$A$2:$A$761,$AF17),"-") | BY17: =IF(AND($H17<>"",$AG17<>"",$H17<>$AG17,IFERROR(VLOOKUP($H17,areaCercaPuntiClassificaSquadra,3,FALSE),-1)=IFERROR(VLOOKUP($AG17,areaCercaPuntiClassificaSquadra,3,FALSE),-2)),SUMIFS(Dati!$D$2:$D$761,Dati!$A$2:$A$761,$H17,Dati!$H$2:$H$761,$AG17)+SUMIFS(Dati!$K$2:$K$761,Dati!$H$2:$H$761,$H17,Dati!$A$2:$A$761,$AG17)+SUMIFS(Dati!$C$2:$C$761,Dati!$A$2:$A$761,$H17,Dati!$H$2:$H$761,$AG17)+SUMIFS(Dati!$J$2:$J$761,Dati!$H$2:$H$761,$H17,Dati!$A$2:$A$761,$AG17),"-") | BZ17: =IF(AND($H17<>"",$AH17<>"",$H17<>$AH17,IFERROR(VLOOKUP($H17,areaCercaPuntiClassificaSquadra,3,FALSE),-1)=IFERROR(VLOOKUP($AH17,areaCercaPuntiClassificaSquadra,3,FALSE),-2)),SUMIFS(Dati!$D$2:$D$761,Dati!$A$2:$A$761,$H17,Dati!$H$2:$H$761,$AH17)+SUMIFS(Dati!$K$2:$K$761,Dati!$H$2:$H$761,$H17,Dati!$A$2:$A$761,$AH17)+SUMIFS(Dati!$C$2:$C$761,Dati!$A$2:$A$761,$H17,Dati!$H$2:$H$761,$AH17)+SUMIFS(Dati!$J$2:$J$761,Dati!$H$2:$H$761,$H17,Dati!$A$2:$A$761,$AH17),"-") | CA17: =IF(AND($H17<>"",$AI17<>"",$H17<>$AI17,IFERROR(VLOOKUP($H17,areaCercaPuntiClassificaSquadra,3,FALSE),-1)=IFERROR(VLOOKUP($AI17,areaCercaPuntiClassificaSquadra,3,FALSE),-2)),SUMIFS(Dati!$D$2:$D$761,Dati!$A$2:$A$761,$H17,Dati!$H$2:$H$761,$AI17)+SUMIFS(Dati!$K$2:$K$761,Dati!$H$2:$H$761,$H17,Dati!$A$2:$A$761,$AI17)+SUMIFS(Dati!$C$2:$C$761,Dati!$A$2:$A$761,$H17,Dati!$H$2:$H$761,$AI17)+SUMIFS(Dati!$J$2:$J$761,Dati!$H$2:$H$761,$H17,Dati!$A$2:$A$761,$AI17),"-") | CB17: =IF(AND($H17<>"",$AJ17<>"",$H17<>$AJ17,IFERROR(VLOOKUP($H17,areaCercaPuntiClassificaSquadra,3,FALSE),-1)=IFERROR(VLOOKUP($AJ17,areaCercaPuntiClassificaSquadra,3,FALSE),-2)),SUMIFS(Dati!$D$2:$D$761,Dati!$A$2:$A$761,$H17,Dati!$H$2:$H$761,$AJ17)+SUMIFS(Dati!$K$2:$K$761,Dati!$H$2:$H$761,$H17,Dati!$A$2:$A$761,$AJ17)+SUMIFS(Dati!$C$2:$C$761,Dati!$A$2:$A$761,$H17,Dati!$H$2:$H$761,$AJ17)+SUMIFS(Dati!$J$2:$J$761,Dati!$H$2:$H$761,$H17,Dati!$A$2:$A$761,$AJ17),"-") | CC17: =IF(AND($H17<>"",$AK17<>"",$H17<>$AK17,IFERROR(VLOOKUP($H17,areaCercaPuntiClassificaSquadra,3,FALSE),-1)=IFERROR(VLOOKUP($AK17,areaCercaPuntiClassificaSquadra,3,FALSE),-2)),SUMIFS(Dati!$D$2:$D$761,Dati!$A$2:$A$761,$H17,Dati!$H$2:$H$761,$AK17)+SUMIFS(Dati!$K$2:$K$761,Dati!$H$2:$H$761,$H17,Dati!$A$2:$A$761,$AK17)+SUMIFS(Dati!$C$2:$C$761,Dati!$A$2:$A$761,$H17,Dati!$H$2:$H$761,$AK17)+SUMIFS(Dati!$J$2:$J$761,Dati!$H$2:$H$761,$H17,Dati!$A$2:$A$761,$AK17),"-") | CD17: =IF(AND($H17<>"",$AL17<>"",$H17<>$AL17,IFERROR(VLOOKUP($H17,areaCercaPuntiClassificaSquadra,3,FALSE),-1)=IFERROR(VLOOKUP($AL17,areaCercaPuntiClassificaSquadra,3,FALSE),-2)),SUMIFS(Dati!$D$2:$D$761,Dati!$A$2:$A$761,$H17,Dati!$H$2:$H$761,$AL17)+SUMIFS(Dati!$K$2:$K$761,Dati!$H$2:$H$761,$H17,Dati!$A$2:$A$761,$AL17)+SUMIFS(Dati!$C$2:$C$761,Dati!$A$2:$A$761,$H17,Dati!$H$2:$H$761,$AL17)+SUMIFS(Dati!$J$2:$J$761,Dati!$H$2:$H$761,$H17,Dati!$A$2:$A$761,$AL17),"-") | CE17: =IF(AND($H17<>"",$AM17<>"",$H17<>$AM17,IFERROR(VLOOKUP($H17,areaCercaPuntiClassificaSquadra,3,FALSE),-1)=IFERROR(VLOOKUP($AM17,areaCercaPuntiClassificaSquadra,3,FALSE),-2)),SUMIFS(Dati!$D$2:$D$761,Dati!$A$2:$A$761,$H17,Dati!$H$2:$H$761,$AM17)+SUMIFS(Dati!$K$2:$K$761,Dati!$H$2:$H$761,$H17,Dati!$A$2:$A$761,$AM17)+SUMIFS(Dati!$C$2:$C$761,Dati!$A$2:$A$761,$H17,Dati!$H$2:$H$761,$AM17)+SUMIFS(Dati!$J$2:$J$761,Dati!$H$2:$H$761,$H17,Dati!$A$2:$A$761,$AM17),"-") | CF17: =IF(AND($H17<>"",$AN17<>"",$H17<>$AN17,IFERROR(VLOOKUP($H17,areaCercaPuntiClassificaSquadra,3,FALSE),-1)=IFERROR(VLOOKUP($AN17,areaCercaPuntiClassificaSquadra,3,FALSE),-2)),SUMIFS(Dati!$D$2:$D$761,Dati!$A$2:$A$761,$H17,Dati!$H$2:$H$761,$AN17)+SUMIFS(Dati!$K$2:$K$761,Dati!$H$2:$H$761,$H17,Dati!$A$2:$A$761,$AN17)+SUMIFS(Dati!$C$2:$C$761,Dati!$A$2:$A$761,$H17,Dati!$H$2:$H$761,$AN17)+SUMIFS(Dati!$J$2:$J$761,Dati!$H$2:$H$761,$H17,Dati!$A$2:$A$761,$AN17),"-") | CG17: =IF(AND($H17<>"",$AO17<>"",$H17<>$AO17,IFERROR(VLOOKUP($H17,areaCercaPuntiClassificaSquadra,3,FALSE),-1)=IFERROR(VLOOKUP($AO17,areaCercaPuntiClassificaSquadra,3,FALSE),-2)),SUMIFS(Dati!$D$2:$D$761,Dati!$A$2:$A$761,$H17,Dati!$H$2:$H$761,$AO17)+SUMIFS(Dati!$K$2:$K$761,Dati!$H$2:$H$761,$H17,Dati!$A$2:$A$761,$AO17)+SUMIFS(Dati!$C$2:$C$761,Dati!$A$2:$A$761,$H17,Dati!$H$2:$H$761,$AO17)+SUMIFS(Dati!$J$2:$J$761,Dati!$H$2:$H$761,$H17,Dati!$A$2:$A$761,$AO17),"-") | CH17: =IF(AND($H17<>"",$AP17<>"",$H17<>$AP17,IFERROR(VLOOKUP($H17,areaCercaPuntiClassificaSquadra,3,FALSE),-1)=IFERROR(VLOOKUP($AP17,areaCercaPuntiClassificaSquadra,3,FALSE),-2)),SUMIFS(Dati!$D$2:$D$761,Dati!$A$2:$A$761,$H17,Dati!$H$2:$H$761,$AP17)+SUMIFS(Dati!$K$2:$K$761,Dati!$H$2:$H$761,$H17,Dati!$A$2:$A$761,$AP17)+SUMIFS(Dati!$C$2:$C$761,Dati!$A$2:$A$761,$H17,Dati!$H$2:$H$761,$AP17)+SUMIFS(Dati!$J$2:$J$761,Dati!$H$2:$H$761,$H17,Dati!$A$2:$A$761,$AP17),"-") | CI17: =IF(AND($H17<>"",$AQ17<>"",$H17<>$AQ17,IFERROR(VLOOKUP($H17,areaCercaPuntiClassificaSquadra,3,FALSE),-1)=IFERROR(VLOOKUP($AQ17,areaCercaPuntiClassificaSquadra,3,FALSE),-2)),SUMIFS(Dati!$D$2:$D$761,Dati!$A$2:$A$761,$H17,Dati!$H$2:$H$761,$AQ17)+SUMIFS(Dati!$K$2:$K$761,Dati!$H$2:$H$761,$H17,Dati!$A$2:$A$761,$AQ17)+SUMIFS(Dati!$C$2:$C$761,Dati!$A$2:$A$761,$H17,Dati!$H$2:$H$761,$AQ17)+SUMIFS(Dati!$J$2:$J$761,Dati!$H$2:$H$761,$H17,Dati!$A$2:$A$761,$AQ17),"-") | CJ17: =IF(AND($H17<>"",$AR17<>"",$H17<>$AR17,IFERROR(VLOOKUP($H17,areaCercaPuntiClassificaSquadra,3,FALSE),-1)=IFERROR(VLOOKUP($AR17,areaCercaPuntiClassificaSquadra,3,FALSE),-2)),SUMIFS(Dati!$D$2:$D$761,Dati!$A$2:$A$761,$H17,Dati!$H$2:$H$761,$AR17)+SUMIFS(Dati!$K$2:$K$761,Dati!$H$2:$H$761,$H17,Dati!$A$2:$A$761,$AR17)+SUMIFS(Dati!$C$2:$C$761,Dati!$A$2:$A$761,$H17,Dati!$H$2:$H$761,$AR17)+SUMIFS(Dati!$J$2:$J$761,Dati!$H$2:$H$761,$H17,Dati!$A$2:$A$761,$AR17),"-") | CL17: =$C17 | CM17: =IF(AND($H17<>"",$Y17<>"",$H17<>$Y17,IFERROR(VLOOKUP($H17,areaCercaPuntiClassificaSquadra,3,FALSE),-1)=IFERROR(VLOOKUP($Y17,areaCercaPuntiClassificaSquadra,3,FALSE),-2)),SUMIFS(Dati!$E$2:$E$761,Dati!$A$2:$A$761,$H17,Dati!$H$2:$H$761,$Y17)+SUMIFS(Dati!$L$2:$L$761,Dati!$H$2:$H$761,$H17,Dati!$A$2:$A$761,$Y17),"-") | CN17: =IF(AND($H17<>"",$Z17<>"",$H17<>$Z17,IFERROR(VLOOKUP($H17,areaCercaPuntiClassificaSquadra,3,FALSE),-1)=IFERROR(VLOOKUP($Z17,areaCercaPuntiClassificaSquadra,3,FALSE),-2)),SUMIFS(Dati!$E$2:$E$761,Dati!$A$2:$A$761,$H17,Dati!$H$2:$H$761,$Z17)+SUMIFS(Dati!$L$2:$L$761,Dati!$H$2:$H$761,$H17,Dati!$A$2:$A$761,$Z17),"-") | CO17: =IF(AND($H17<>"",$AA17<>"",$H17<>$AA17,IFERROR(VLOOKUP($H17,areaCercaPuntiClassificaSquadra,3,FALSE),-1)=IFERROR(VLOOKUP($AA17,areaCercaPuntiClassificaSquadra,3,FALSE),-2)),SUMIFS(Dati!$E$2:$E$761,Dati!$A$2:$A$761,$H17,Dati!$H$2:$H$761,$AA17)+SUMIFS(Dati!$L$2:$L$761,Dati!$H$2:$H$761,$H17,Dati!$A$2:$A$761,$AA17),"-") | CP17: =IF(AND($H17<>"",$AB17<>"",$H17<>$AB17,IFERROR(VLOOKUP($H17,areaCercaPuntiClassificaSquadra,3,FALSE),-1)=IFERROR(VLOOKUP($AB17,areaCercaPuntiClassificaSquadra,3,FALSE),-2)),SUMIFS(Dati!$E$2:$E$761,Dati!$A$2:$A$761,$H17,Dati!$H$2:$H$761,$AB17)+SUMIFS(Dati!$L$2:$L$761,Dati!$H$2:$H$761,$H17,Dati!$A$2:$A$761,$AB17),"-") | CQ17: =IF(AND($H17<>"",$AC17<>"",$H17<>$AC17,IFERROR(VLOOKUP($H17,areaCercaPuntiClassificaSquadra,3,FALSE),-1)=IFERROR(VLOOKUP($AC17,areaCercaPuntiClassificaSquadra,3,FALSE),-2)),SUMIFS(Dati!$E$2:$E$761,Dati!$A$2:$A$761,$H17,Dati!$H$2:$H$761,$AC17)+SUMIFS(Dati!$L$2:$L$761,Dati!$H$2:$H$761,$H17,Dati!$A$2:$A$761,$AC17),"-") | CR17: =IF(AND($H17<>"",$AD17<>"",$H17<>$AD17,IFERROR(VLOOKUP($H17,areaCercaPuntiClassificaSquadra,3,FALSE),-1)=IFERROR(VLOOKUP($AD17,areaCercaPuntiClassificaSquadra,3,FALSE),-2)),SUMIFS(Dati!$E$2:$E$761,Dati!$A$2:$A$761,$H17,Dati!$H$2:$H$761,$AD17)+SUMIFS(Dati!$L$2:$L$761,Dati!$H$2:$H$761,$H17,Dati!$A$2:$A$761,$AD17),"-") | CS17: =IF(AND($H17<>"",$AE17<>"",$H17<>$AE17,IFERROR(VLOOKUP($H17,areaCercaPuntiClassificaSquadra,3,FALSE),-1)=IFERROR(VLOOKUP($AE17,areaCercaPuntiClassificaSquadra,3,FALSE),-2)),SUMIFS(Dati!$E$2:$E$761,Dati!$A$2:$A$761,$H17,Dati!$H$2:$H$761,$AE17)+SUMIFS(Dati!$L$2:$L$761,Dati!$H$2:$H$761,$H17,Dati!$A$2:$A$761,$AE17),"-") | CT17: =IF(AND($H17<>"",$AF17<>"",$H17<>$AF17,IFERROR(VLOOKUP($H17,areaCercaPuntiClassificaSquadra,3,FALSE),-1)=IFERROR(VLOOKUP($AF17,areaCercaPuntiClassificaSquadra,3,FALSE),-2)),SUMIFS(Dati!$E$2:$E$761,Dati!$A$2:$A$761,$H17,Dati!$H$2:$H$761,$AF17)+SUMIFS(Dati!$L$2:$L$761,Dati!$H$2:$H$761,$H17,Dati!$A$2:$A$761,$AF17),"-") | CU17: =IF(AND($H17<>"",$AG17<>"",$H17<>$AG17,IFERROR(VLOOKUP($H17,areaCercaPuntiClassificaSquadra,3,FALSE),-1)=IFERROR(VLOOKUP($AG17,areaCercaPuntiClassificaSquadra,3,FALSE),-2)),SUMIFS(Dati!$E$2:$E$761,Dati!$A$2:$A$761,$H17,Dati!$H$2:$H$761,$AG17)+SUMIFS(Dati!$L$2:$L$761,Dati!$H$2:$H$761,$H17,Dati!$A$2:$A$761,$AG17),"-") | CV17: =IF(AND($H17<>"",$AH17<>"",$H17<>$AH17,IFERROR(VLOOKUP($H17,areaCercaPuntiClassificaSquadra,3,FALSE),-1)=IFERROR(VLOOKUP($AH17,areaCercaPuntiClassificaSquadra,3,FALSE),-2)),SUMIFS(Dati!$E$2:$E$761,Dati!$A$2:$A$761,$H17,Dati!$H$2:$H$761,$AH17)+SUMIFS(Dati!$L$2:$L$761,Dati!$H$2:$H$761,$H17,Dati!$A$2:$A$761,$AH17),"-") | CW17: =IF(AND($H17<>"",$AI17<>"",$H17<>$AI17,IFERROR(VLOOKUP($H17,areaCercaPuntiClassificaSquadra,3,FALSE),-1)=IFERROR(VLOOKUP($AI17,areaCercaPuntiClassificaSquadra,3,FALSE),-2)),SUMIFS(Dati!$E$2:$E$761,Dati!$A$2:$A$761,$H17,Dati!$H$2:$H$761,$AI17)+SUMIFS(Dati!$L$2:$L$761,Dati!$H$2:$H$761,$H17,Dati!$A$2:$A$761,$AI17),"-") | CX17: =IF(AND($H17<>"",$AJ17<>"",$H17<>$AJ17,IFERROR(VLOOKUP($H17,areaCercaPuntiClassificaSquadra,3,FALSE),-1)=IFERROR(VLOOKUP($AJ17,areaCercaPuntiClassificaSquadra,3,FALSE),-2)),SUMIFS(Dati!$E$2:$E$761,Dati!$A$2:$A$761,$H17,Dati!$H$2:$H$761,$AJ17)+SUMIFS(Dati!$L$2:$L$761,Dati!$H$2:$H$761,$H17,Dati!$A$2:$A$761,$AJ17),"-") | CY17: =IF(AND($H17<>"",$AK17<>"",$H17<>$AK17,IFERROR(VLOOKUP($H17,areaCercaPuntiClassificaSquadra,3,FALSE),-1)=IFERROR(VLOOKUP($AK17,areaCercaPuntiClassificaSquadra,3,FALSE),-2)),SUMIFS(Dati!$E$2:$E$761,Dati!$A$2:$A$761,$H17,Dati!$H$2:$H$761,$AK17)+SUMIFS(Dati!$L$2:$L$761,Dati!$H$2:$H$761,$H17,Dati!$A$2:$A$761,$AK17),"-") | CZ17: =IF(AND($H17<>"",$AL17<>"",$H17<>$AL17,IFERROR(VLOOKUP($H17,areaCercaPuntiClassificaSquadra,3,FALSE),-1)=IFERROR(VLOOKUP($AL17,areaCercaPuntiClassificaSquadra,3,FALSE),-2)),SUMIFS(Dati!$E$2:$E$761,Dati!$A$2:$A$761,$H17,Dati!$H$2:$H$761,$AL17)+SUMIFS(Dati!$L$2:$L$761,Dati!$H$2:$H$761,$H17,Dati!$A$2:$A$761,$AL17),"-") | DA17: =IF(AND($H17<>"",$AM17<>"",$H17<>$AM17,IFERROR(VLOOKUP($H17,areaCercaPuntiClassificaSquadra,3,FALSE),-1)=IFERROR(VLOOKUP($AM17,areaCercaPuntiClassificaSquadra,3,FALSE),-2)),SUMIFS(Dati!$E$2:$E$761,Dati!$A$2:$A$761,$H17,Dati!$H$2:$H$761,$AM17)+SUMIFS(Dati!$L$2:$L$761,Dati!$H$2:$H$761,$H17,Dati!$A$2:$A$761,$AM17),"-") | DB17: =IF(AND($H17<>"",$AN17<>"",$H17<>$AN17,IFERROR(VLOOKUP($H17,areaCercaPuntiClassificaSquadra,3,FALSE),-1)=IFERROR(VLOOKUP($AN17,areaCercaPuntiClassificaSquadra,3,FALSE),-2)),SUMIFS(Dati!$E$2:$E$761,Dati!$A$2:$A$761,$H17,Dati!$H$2:$H$761,$AN17)+SUMIFS(Dati!$L$2:$L$761,Dati!$H$2:$H$761,$H17,Dati!$A$2:$A$761,$AN17),"-") | DC17: =IF(AND($H17<>"",$AO17<>"",$H17<>$AO17,IFERROR(VLOOKUP($H17,areaCercaPuntiClassificaSquadra,3,FALSE),-1)=IFERROR(VLOOKUP($AO17,areaCercaPuntiClassificaSquadra,3,FALSE),-2)),SUMIFS(Dati!$E$2:$E$761,Dati!$A$2:$A$761,$H17,Dati!$H$2:$H$761,$AO17)+SUMIFS(Dati!$L$2:$L$761,Dati!$H$2:$H$761,$H17,Dati!$A$2:$A$761,$AO17),"-") | DD17: =IF(AND($H17<>"",$AP17<>"",$H17<>$AP17,IFERROR(VLOOKUP($H17,areaCercaPuntiClassificaSquadra,3,FALSE),-1)=IFERROR(VLOOKUP($AP17,areaCercaPuntiClassificaSquadra,3,FALSE),-2)),SUMIFS(Dati!$E$2:$E$761,Dati!$A$2:$A$761,$H17,Dati!$H$2:$H$761,$AP17)+SUMIFS(Dati!$L$2:$L$761,Dati!$H$2:$H$761,$H17,Dati!$A$2:$A$761,$AP17),"-") | DE17: =IF(AND($H17<>"",$AQ17<>"",$H17<>$AQ17,IFERROR(VLOOKUP($H17,areaCercaPuntiClassificaSquadra,3,FALSE),-1)=IFERROR(VLOOKUP($AQ17,areaCercaPuntiClassificaSquadra,3,FALSE),-2)),SUMIFS(Dati!$E$2:$E$761,Dati!$A$2:$A$761,$H17,Dati!$H$2:$H$761,$AQ17)+SUMIFS(Dati!$L$2:$L$761,Dati!$H$2:$H$761,$H17,Dati!$A$2:$A$761,$AQ17),"-") | DF17: =IF(AND($H17<>"",$AR17<>"",$H17<>$AR17,IFERROR(VLOOKUP($H17,areaCercaPuntiClassificaSquadra,3,FALSE),-1)=IFERROR(VLOOKUP($AR17,areaCercaPuntiClassificaSquadra,3,FALSE),-2)),SUMIFS(Dati!$E$2:$E$761,Dati!$A$2:$A$761,$H17,Dati!$H$2:$H$761,$AR17)+SUMIFS(Dati!$L$2:$L$761,Dati!$H$2:$H$761,$H17,Dati!$A$2:$A$761,$AR17),"-") | DH17: =$C17 | DI17: =IF(AND($H17<>"",$Y17<>"",$H17<>$Y17,IFERROR(VLOOKUP($H17,areaCercaPuntiClassificaSquadra,3,FALSE),-1)=IFERROR(VLOOKUP($Y17,areaCercaPuntiClassificaSquadra,3,FALSE),-2)),SUMIFS(Dati!$F$2:$F$761,Dati!$A$2:$A$761,$H17,Dati!$H$2:$H$761,$Y17)+SUMIFS(Dati!$M$2:$M$761,Dati!$H$2:$H$761,$H17,Dati!$A$2:$A$761,$Y17),"-") | DJ17: =IF(AND($H17<>"",$Z17<>"",$H17<>$Z17,IFERROR(VLOOKUP($H17,areaCercaPuntiClassificaSquadra,3,FALSE),-1)=IFERROR(VLOOKUP($Z17,areaCercaPuntiClassificaSquadra,3,FALSE),-2)),SUMIFS(Dati!$F$2:$F$761,Dati!$A$2:$A$761,$H17,Dati!$H$2:$H$761,$Z17)+SUMIFS(Dati!$M$2:$M$761,Dati!$H$2:$H$761,$H17,Dati!$A$2:$A$761,$Z17),"-") | DK17: =IF(AND($H17<>"",$AA17<>"",$H17<>$AA17,IFERROR(VLOOKUP($H17,areaCercaPuntiClassificaSquadra,3,FALSE),-1)=IFERROR(VLOOKUP($AA17,areaCercaPuntiClassificaSquadra,3,FALSE),-2)),SUMIFS(Dati!$F$2:$F$761,Dati!$A$2:$A$761,$H17,Dati!$H$2:$H$761,$AA17)+SUMIFS(Dati!$M$2:$M$761,Dati!$H$2:$H$761,$H17,Dati!$A$2:$A$761,$AA17),"-") | DL17: =IF(AND($H17<>"",$AB17<>"",$H17<>$AB17,IFERROR(VLOOKUP($H17,areaCercaPuntiClassificaSquadra,3,FALSE),-1)=IFERROR(VLOOKUP($AB17,areaCercaPuntiClassificaSquadra,3,FALSE),-2)),SUMIFS(Dati!$F$2:$F$761,Dati!$A$2:$A$761,$H17,Dati!$H$2:$H$761,$AB17)+SUMIFS(Dati!$M$2:$M$761,Dati!$H$2:$H$761,$H17,Dati!$A$2:$A$761,$AB17),"-") | DM17: =IF(AND($H17<>"",$AC17<>"",$H17<>$AC17,IFERROR(VLOOKUP($H17,areaCercaPuntiClassificaSquadra,3,FALSE),-1)=IFERROR(VLOOKUP($AC17,areaCercaPuntiClassificaSquadra,3,FALSE),-2)),SUMIFS(Dati!$F$2:$F$761,Dati!$A$2:$A$761,$H17,Dati!$H$2:$H$761,$AC17)+SUMIFS(Dati!$M$2:$M$761,Dati!$H$2:$H$761,$H17,Dati!$A$2:$A$761,$AC17),"-") | DN17: =IF(AND($H17<>"",$AD17<>"",$H17<>$AD17,IFERROR(VLOOKUP($H17,areaCercaPuntiClassificaSquadra,3,FALSE),-1)=IFERROR(VLOOKUP($AD17,areaCercaPuntiClassificaSquadra,3,FALSE),-2)),SUMIFS(Dati!$F$2:$F$761,Dati!$A$2:$A$761,$H17,Dati!$H$2:$H$761,$AD17)+SUMIFS(Dati!$M$2:$M$761,Dati!$H$2:$H$761,$H17,Dati!$A$2:$A$761,$AD17),"-") | DO17: =IF(AND($H17<>"",$AE17<>"",$H17<>$AE17,IFERROR(VLOOKUP($H17,areaCercaPuntiClassificaSquadra,3,FALSE),-1)=IFERROR(VLOOKUP($AE17,areaCercaPuntiClassificaSquadra,3,FALSE),-2)),SUMIFS(Dati!$F$2:$F$761,Dati!$A$2:$A$761,$H17,Dati!$H$2:$H$761,$AE17)+SUMIFS(Dati!$M$2:$M$761,Dati!$H$2:$H$761,$H17,Dati!$A$2:$A$761,$AE17),"-") | DP17: =IF(AND($H17<>"",$AF17<>"",$H17<>$AF17,IFERROR(VLOOKUP($H17,areaCercaPuntiClassificaSquadra,3,FALSE),-1)=IFERROR(VLOOKUP($AF17,areaCercaPuntiClassificaSquadra,3,FALSE),-2)),SUMIFS(Dati!$F$2:$F$761,Dati!$A$2:$A$761,$H17,Dati!$H$2:$H$761,$AF17)+SUMIFS(Dati!$M$2:$M$761,Dati!$H$2:$H$761,$H17,Dati!$A$2:$A$761,$AF17),"-") | DQ17: =IF(AND($H17<>"",$AG17<>"",$H17<>$AG17,IFERROR(VLOOKUP($H17,areaCercaPuntiClassificaSquadra,3,FALSE),-1)=IFERROR(VLOOKUP($AG17,areaCercaPuntiClassificaSquadra,3,FALSE),-2)),SUMIFS(Dati!$F$2:$F$761,Dati!$A$2:$A$761,$H17,Dati!$H$2:$H$761,$AG17)+SUMIFS(Dati!$M$2:$M$761,Dati!$H$2:$H$761,$H17,Dati!$A$2:$A$761,$AG17),"-") | DR17: =IF(AND($H17<>"",$AH17<>"",$H17<>$AH17,IFERROR(VLOOKUP($H17,areaCercaPuntiClassificaSquadra,3,FALSE),-1)=IFERROR(VLOOKUP($AH17,areaCercaPuntiClassificaSquadra,3,FALSE),-2)),SUMIFS(Dati!$F$2:$F$761,Dati!$A$2:$A$761,$H17,Dati!$H$2:$H$761,$AH17)+SUMIFS(Dati!$M$2:$M$761,Dati!$H$2:$H$761,$H17,Dati!$A$2:$A$761,$AH17),"-") | DS17: =IF(AND($H17<>"",$AI17<>"",$H17<>$AI17,IFERROR(VLOOKUP($H17,areaCercaPuntiClassificaSquadra,3,FALSE),-1)=IFERROR(VLOOKUP($AI17,areaCercaPuntiClassificaSquadra,3,FALSE),-2)),SUMIFS(Dati!$F$2:$F$761,Dati!$A$2:$A$761,$H17,Dati!$H$2:$H$761,$AI17)+SUMIFS(Dati!$M$2:$M$761,Dati!$H$2:$H$761,$H17,Dati!$A$2:$A$761,$AI17),"-") | DT17: =IF(AND($H17<>"",$AJ17<>"",$H17<>$AJ17,IFERROR(VLOOKUP($H17,areaCercaPuntiClassificaSquadra,3,FALSE),-1)=IFERROR(VLOOKUP($AJ17,areaCercaPuntiClassificaSquadra,3,FALSE),-2)),SUMIFS(Dati!$F$2:$F$761,Dati!$A$2:$A$761,$H17,Dati!$H$2:$H$761,$AJ17)+SUMIFS(Dati!$M$2:$M$761,Dati!$H$2:$H$761,$H17,Dati!$A$2:$A$761,$AJ17),"-") | DU17: =IF(AND($H17<>"",$AK17<>"",$H17<>$AK17,IFERROR(VLOOKUP($H17,areaCercaPuntiClassificaSquadra,3,FALSE),-1)=IFERROR(VLOOKUP($AK17,areaCercaPuntiClassificaSquadra,3,FALSE),-2)),SUMIFS(Dati!$F$2:$F$761,Dati!$A$2:$A$761,$H17,Dati!$H$2:$H$761,$AK17)+SUMIFS(Dati!$M$2:$M$761,Dati!$H$2:$H$761,$H17,Dati!$A$2:$A$761,$AK17),"-") | DV17: =IF(AND($H17<>"",$AL17<>"",$H17<>$AL17,IFERROR(VLOOKUP($H17,areaCercaPuntiClassificaSquadra,3,FALSE),-1)=IFERROR(VLOOKUP($AL17,areaCercaPuntiClassificaSquadra,3,FALSE),-2)),SUMIFS(Dati!$F$2:$F$761,Dati!$A$2:$A$761,$H17,Dati!$H$2:$H$761,$AL17)+SUMIFS(Dati!$M$2:$M$761,Dati!$H$2:$H$761,$H17,Dati!$A$2:$A$761,$AL17),"-") | DW17: =IF(AND($H17<>"",$AM17<>"",$H17<>$AM17,IFERROR(VLOOKUP($H17,areaCercaPuntiClassificaSquadra,3,FALSE),-1)=IFERROR(VLOOKUP($AM17,areaCercaPuntiClassificaSquadra,3,FALSE),-2)),SUMIFS(Dati!$F$2:$F$761,Dati!$A$2:$A$761,$H17,Dati!$H$2:$H$761,$AM17)+SUMIFS(Dati!$M$2:$M$761,Dati!$H$2:$H$761,$H17,Dati!$A$2:$A$761,$AM17),"-") | DX17: =IF(AND($H17<>"",$AN17<>"",$H17<>$AN17,IFERROR(VLOOKUP($H17,areaCercaPuntiClassificaSquadra,3,FALSE),-1)=IFERROR(VLOOKUP($AN17,areaCercaPuntiClassificaSquadra,3,FALSE),-2)),SUMIFS(Dati!$F$2:$F$761,Dati!$A$2:$A$761,$H17,Dati!$H$2:$H$761,$AN17)+SUMIFS(Dati!$M$2:$M$761,Dati!$H$2:$H$761,$H17,Dati!$A$2:$A$761,$AN17),"-") | DY17: =IF(AND($H17<>"",$AO17<>"",$H17<>$AO17,IFERROR(VLOOKUP($H17,areaCercaPuntiClassificaSquadra,3,FALSE),-1)=IFERROR(VLOOKUP($AO17,areaCercaPuntiClassificaSquadra,3,FALSE),-2)),SUMIFS(Dati!$F$2:$F$761,Dati!$A$2:$A$761,$H17,Dati!$H$2:$H$761,$AO17)+SUMIFS(Dati!$M$2:$M$761,Dati!$H$2:$H$761,$H17,Dati!$A$2:$A$761,$AO17),"-") | DZ17: =IF(AND($H17<>"",$AP17<>"",$H17<>$AP17,IFERROR(VLOOKUP($H17,areaCercaPuntiClassificaSquadra,3,FALSE),-1)=IFERROR(VLOOKUP($AP17,areaCercaPuntiClassificaSquadra,3,FALSE),-2)),SUMIFS(Dati!$F$2:$F$761,Dati!$A$2:$A$761,$H17,Dati!$H$2:$H$761,$AP17)+SUMIFS(Dati!$M$2:$M$761,Dati!$H$2:$H$761,$H17,Dati!$A$2:$A$761,$AP17),"-") | EA17: =IF(AND($H17<>"",$AQ17<>"",$H17<>$AQ17,IFERROR(VLOOKUP($H17,areaCercaPuntiClassificaSquadra,3,FALSE),-1)=IFERROR(VLOOKUP($AQ17,areaCercaPuntiClassificaSquadra,3,FALSE),-2)),SUMIFS(Dati!$F$2:$F$761,Dati!$A$2:$A$761,$H17,Dati!$H$2:$H$761,$AQ17)+SUMIFS(Dati!$M$2:$M$761,Dati!$H$2:$H$761,$H17,Dati!$A$2:$A$761,$AQ17),"-") | EB17: =IF(AND($H17<>"",$AR17<>"",$H17<>$AR17,IFERROR(VLOOKUP($H17,areaCercaPuntiClassificaSquadra,3,FALSE),-1)=IFERROR(VLOOKUP($AR17,areaCercaPuntiClassificaSquadra,3,FALSE),-2)),SUMIFS(Dati!$F$2:$F$761,Dati!$A$2:$A$761,$H17,Dati!$H$2:$H$761,$AR17)+SUMIFS(Dati!$M$2:$M$761,Dati!$H$2:$H$761,$H17,Dati!$A$2:$A$761,$AR17),"-") | ED17: =IF($C17="","",SUM(AU17:BN17))
B18: A05 | C18: Ermellini Eleganti-Ermelliniopoli EU | E18: A | G18: =IF($C18="","",$E18&(COUNTIFS(I$14:I$93,">"&I18,E$14:E$93,"="&E18,C$14:C$93,"<>")+COUNTIFS(I$14:I$93,"="&I18,H$14:H$93,"<="&H18,E$14:E$93,"="&E18,C$14:C$93,"<>"))) | H18: =IF($C18="","",IFERROR(LEFT($C18,FIND("-",$C18)-1),$C18)) | I18: =TEXT(1000000000+J18,"|0000000000|")&TEXT(SUM(AU18:BN18),"0000000000|")&IF(SUM(DI18:EB18)=0,"0000000000|",TEXT(ROUND(SUM(CM18:DF18)/SUM(DI18:EB18),4)*100000,"0000000000|"))&IF(P18=0,"0000000000|",TEXT(ROUND(O18/P18,4)*100000,"0000000000|")) | J18: =L18*constPuntiVittoria+M18*constPuntiSconfitta+N18*constPuntiForfait+IF(D18="",0,D18) | K18: =SUM(L18:N18) | L18: =IF($H18="",0,SUMIF(Dati!$A$2:$A$761,$H18,Dati!$B$2:$B$761)+SUMIF(Dati!$H$2:$H$761,$H18,Dati!$I$2:$I$761)) | M18: =IF($H18="",0,SUMIF(Dati!$A$2:$A$761,$H18,Dati!$D$2:$D$761)+SUMIF(Dati!$H$2:$H$761,$H18,Dati!$K$2:$K$761)) | N18: =IF($H18="",0,SUMIF(Dati!$A$2:$A$761,$H18,Dati!$C$2:$C$761)+SUMIF(Dati!$H$2:$H$761,$H18,Dati!$J$2:$J$761)) | O18: =IF($H18="",0,SUMIF(Dati!$A$2:$A$761,$H18,Dati!$E$2:$E$761)+SUMIF(Dati!$H$2:$H$761,$H18,Dati!$L$2:$L$761)) | P18: =IF($H18="",0,SUMIF(Dati!$A$2:$A$761,$H18,Dati!$F$2:$F$761)+SUMIF(Dati!$H$2:$H$761,$H18,Dati!$M$2:$M$761)) | Q18: =IF($H18="",0,SUMIF(Dati!$A$2:$A$761,$H18,Dati!$G$2:$G$761)+SUMIF(Dati!$H$2:$H$761,$H18,Dati!$N$2:$N$761)) | R18: =IF(K18=0,0,ROUND(O18/K18,2)) | S18: =IF(K18=0,0,ROUND(P18/K18,2)) | T18: =IF(K18=0,0,ROUND(Q18/K18,2)) | U18: =IF(COUNTIFS($E$14:$E$93,$E18,$J$14:$J$93,$J18,$C$14:$C$93,"<>")<=1,"-",SUM(AU18:BN18)&"-"&SUM(BQ18:CJ18)) | V18: =IF(COUNTIFS($E$14:$E$93,$E18,$J$14:$J$93,$J18,$C$14:$C$93,"<>",$ED$14:$ED$93,$ED18)<=1,"-",IF(SUM(DI18:EB18)=0,0,ROUND(SUM(CM18:DF18)/SUM(DI18:EB18),3))) | W18: =IF(COUNTIFS($E$14:$E$93,$E18,$J$14:$J$93,$J18,$C$14:$C$93,"<>",$ED$14:$ED$93,$ED18,$V$14:$V$93,$V18)<=1,"-",IF(P18=0,0,ROUND(O18/P18,3))) | X18: =IF($C18="","",$E18&"#"&COUNTIFS($E$14:$E18,$E18,$C$14:$C18,"<>")) | Y18: =IFERROR(INDEX($H$14:$H$93,MATCH($E18&"#1",$X$14:$X$93,0)),"") | Z18: =IFERROR(INDEX($H$14:$H$93,MATCH($E18&"#2",$X$14:$X$93,0)),"") | AA18: =IFERROR(INDEX($H$14:$H$93,MATCH($E18&"#3",$X$14:$X$93,0)),"") | AB18: =IFERROR(INDEX($H$14:$H$93,MATCH($E18&"#4",$X$14:$X$93,0)),"") | AC18: =IFERROR(INDEX($H$14:$H$93,MATCH($E18&"#5",$X$14:$X$93,0)),"") | AD18: =IFERROR(INDEX($H$14:$H$93,MATCH($E18&"#6",$X$14:$X$93,0)),"") | AE18: =IFERROR(INDEX($H$14:$H$93,MATCH($E18&"#7",$X$14:$X$93,0)),"") | AF18: =IFERROR(INDEX($H$14:$H$93,MATCH($E18&"#8",$X$14:$X$93,0)),"") | AG18: =IFERROR(INDEX($H$14:$H$93,MATCH($E18&"#9",$X$14:$X$93,0)),"") | AH18: =IFERROR(INDEX($H$14:$H$93,MATCH($E18&"#10",$X$14:$X$93,0)),"") | AI18: =IFERROR(INDEX($H$14:$H$93,MATCH($E18&"#11",$X$14:$X$93,0)),"") | AJ18: =IFERROR(INDEX($H$14:$H$93,MATCH($E18&"#12",$X$14:$X$93,0)),"") | AK18: =IFERROR(INDEX($H$14:$H$93,MATCH($E18&"#13",$X$14:$X$93,0)),"") | AL18: =IFERROR(INDEX($H$14:$H$93,MATCH($E18&"#14",$X$14:$X$93,0)),"") | AM18: =IFERROR(INDEX($H$14:$H$93,MATCH($E18&"#15",$X$14:$X$93,0)),"") | AN18: =IFERROR(INDEX($H$14:$H$93,MATCH($E18&"#16",$X$14:$X$93,0)),"") | AO18: =IFERROR(INDEX($H$14:$H$93,MATCH($E18&"#17",$X$14:$X$93,0)),"") | AP18: =IFERROR(INDEX($H$14:$H$93,MATCH($E18&"#18",$X$14:$X$93,0)),"") | AQ18: =IFERROR(INDEX($H$14:$H$93,MATCH($E18&"#19",$X$14:$X$93,0)),"") | AR18: =IFERROR(INDEX($H$14:$H$93,MATCH($E18&"#20",$X$14:$X$93,0)),"") | AT18: =$C18 | AU18: =IF(AND($H18<>"",$Y18<>"",$H18<>$Y18,IFERROR(VLOOKUP($H18,areaCercaPuntiClassificaSquadra,3,FALSE),-1)=IFERROR(VLOOKUP($Y18,areaCercaPuntiClassificaSquadra,3,FALSE),-2)),SUMIFS(Dati!$B$2:$B$761,Dati!$A$2:$A$761,$H18,Dati!$H$2:$H$761,$Y18)+SUMIFS(Dati!$I$2:$I$761,Dati!$H$2:$H$761,$H18,Dati!$A$2:$A$761,$Y18),"-") | AV18: =IF(AND($H18<>"",$Z18<>"",$H18<>$Z18,IFERROR(VLOOKUP($H18,areaCercaPuntiClassificaSquadra,3,FALSE),-1)=IFERROR(VLOOKUP($Z18,areaCercaPuntiClassificaSquadra,3,FALSE),-2)),SUMIFS(Dati!$B$2:$B$761,Dati!$A$2:$A$761,$H18,Dati!$H$2:$H$761,$Z18)+SUMIFS(Dati!$I$2:$I$761,Dati!$H$2:$H$761,$H18,Dati!$A$2:$A$761,$Z18),"-") | AW18: =IF(AND($H18<>"",$AA18<>"",$H18<>$AA18,IFERROR(VLOOKUP($H18,areaCercaPuntiClassificaSquadra,3,FALSE),-1)=IFERROR(VLOOKUP($AA18,areaCercaPuntiClassificaSquadra,3,FALSE),-2)),SUMIFS(Dati!$B$2:$B$761,Dati!$A$2:$A$761,$H18,Dati!$H$2:$H$761,$AA18)+SUMIFS(Dati!$I$2:$I$761,Dati!$H$2:$H$761,$H18,Dati!$A$2:$A$761,$AA18),"-") | AX18: =IF(AND($H18<>"",$AB18<>"",$H18<>$AB18,IFERROR(VLOOKUP($H18,areaCercaPuntiClassificaSquadra,3,FALSE),-1)=IFERROR(VLOOKUP($AB18,areaCercaPuntiClassificaSquadra,3,FALSE),-2)),SUMIFS(Dati!$B$2:$B$761,Dati!$A$2:$A$761,$H18,Dati!$H$2:$H$761,$AB18)+SUMIFS(Dati!$I$2:$I$761,Dati!$H$2:$H$761,$H18,Dati!$A$2:$A$761,$AB18),"-") | AY18: =IF(AND($H18<>"",$AC18<>"",$H18<>$AC18,IFERROR(VLOOKUP($H18,areaCercaPuntiClassificaSquadra,3,FALSE),-1)=IFERROR(VLOOKUP($AC18,areaCercaPuntiClassificaSquadra,3,FALSE),-2)),SUMIFS(Dati!$B$2:$B$761,Dati!$A$2:$A$761,$H18,Dati!$H$2:$H$761,$AC18)+SUMIFS(Dati!$I$2:$I$761,Dati!$H$2:$H$761,$H18,Dati!$A$2:$A$761,$AC18),"-") | AZ18: =IF(AND($H18<>"",$AD18<>"",$H18<>$AD18,IFERROR(VLOOKUP($H18,areaCercaPuntiClassificaSquadra,3,FALSE),-1)=IFERROR(VLOOKUP($AD18,areaCercaPuntiClassificaSquadra,3,FALSE),-2)),SUMIFS(Dati!$B$2:$B$761,Dati!$A$2:$A$761,$H18,Dati!$H$2:$H$761,$AD18)+SUMIFS(Dati!$I$2:$I$761,Dati!$H$2:$H$761,$H18,Dati!$A$2:$A$761,$AD18),"-") | BA18: =IF(AND($H18<>"",$AE18<>"",$H18<>$AE18,IFERROR(VLOOKUP($H18,areaCercaPuntiClassificaSquadra,3,FALSE),-1)=IFERROR(VLOOKUP($AE18,areaCercaPuntiClassificaSquadra,3,FALSE),-2)),SUMIFS(Dati!$B$2:$B$761,Dati!$A$2:$A$761,$H18,Dati!$H$2:$H$761,$AE18)+SUMIFS(Dati!$I$2:$I$761,Dati!$H$2:$H$761,$H18,Dati!$A$2:$A$761,$AE18),"-") | BB18: =IF(AND($H18<>"",$AF18<>"",$H18<>$AF18,IFERROR(VLOOKUP($H18,areaCercaPuntiClassificaSquadra,3,FALSE),-1)=IFERROR(VLOOKUP($AF18,areaCercaPuntiClassificaSquadra,3,FALSE),-2)),SUMIFS(Dati!$B$2:$B$761,Dati!$A$2:$A$761,$H18,Dati!$H$2:$H$761,$AF18)+SUMIFS(Dati!$I$2:$I$761,Dati!$H$2:$H$761,$H18,Dati!$A$2:$A$761,$AF18),"-") | BC18: =IF(AND($H18<>"",$AG18<>"",$H18<>$AG18,IFERROR(VLOOKUP($H18,areaCercaPuntiClassificaSquadra,3,FALSE),-1)=IFERROR(VLOOKUP($AG18,areaCercaPuntiClassificaSquadra,3,FALSE),-2)),SUMIFS(Dati!$B$2:$B$761,Dati!$A$2:$A$761,$H18,Dati!$H$2:$H$761,$AG18)+SUMIFS(Dati!$I$2:$I$761,Dati!$H$2:$H$761,$H18,Dati!$A$2:$A$761,$AG18),"-") | BD18: =IF(AND($H18<>"",$AH18<>"",$H18<>$AH18,IFERROR(VLOOKUP($H18,areaCercaPuntiClassificaSquadra,3,FALSE),-1)=IFERROR(VLOOKUP($AH18,areaCercaPuntiClassificaSquadra,3,FALSE),-2)),SUMIFS(Dati!$B$2:$B$761,Dati!$A$2:$A$761,$H18,Dati!$H$2:$H$761,$AH18)+SUMIFS(Dati!$I$2:$I$761,Dati!$H$2:$H$761,$H18,Dati!$A$2:$A$761,$AH18),"-") | BE18: =IF(AND($H18<>"",$AI18<>"",$H18<>$AI18,IFERROR(VLOOKUP($H18,areaCercaPuntiClassificaSquadra,3,FALSE),-1)=IFERROR(VLOOKUP($AI18,areaCercaPuntiClassificaSquadra,3,FALSE),-2)),SUMIFS(Dati!$B$2:$B$761,Dati!$A$2:$A$761,$H18,Dati!$H$2:$H$761,$AI18)+SUMIFS(Dati!$I$2:$I$761,Dati!$H$2:$H$761,$H18,Dati!$A$2:$A$761,$AI18),"-") | BF18: =IF(AND($H18<>"",$AJ18<>"",$H18<>$AJ18,IFERROR(VLOOKUP($H18,areaCercaPuntiClassificaSquadra,3,FALSE),-1)=IFERROR(VLOOKUP($AJ18,areaCercaPuntiClassificaSquadra,3,FALSE),-2)),SUMIFS(Dati!$B$2:$B$761,Dati!$A$2:$A$761,$H18,Dati!$H$2:$H$761,$AJ18)+SUMIFS(Dati!$I$2:$I$761,Dati!$H$2:$H$761,$H18,Dati!$A$2:$A$761,$AJ18),"-") | BG18: =IF(AND($H18<>"",$AK18<>"",$H18<>$AK18,IFERROR(VLOOKUP($H18,areaCercaPuntiClassificaSquadra,3,FALSE),-1)=IFERROR(VLOOKUP($AK18,areaCercaPuntiClassificaSquadra,3,FALSE),-2)),SUMIFS(Dati!$B$2:$B$761,Dati!$A$2:$A$761,$H18,Dati!$H$2:$H$761,$AK18)+SUMIFS(Dati!$I$2:$I$761,Dati!$H$2:$H$761,$H18,Dati!$A$2:$A$761,$AK18),"-") | BH18: =IF(AND($H18<>"",$AL18<>"",$H18<>$AL18,IFERROR(VLOOKUP($H18,areaCercaPuntiClassificaSquadra,3,FALSE),-1)=IFERROR(VLOOKUP($AL18,areaCercaPuntiClassificaSquadra,3,FALSE),-2)),SUMIFS(Dati!$B$2:$B$761,Dati!$A$2:$A$761,$H18,Dati!$H$2:$H$761,$AL18)+SUMIFS(Dati!$I$2:$I$761,Dati!$H$2:$H$761,$H18,Dati!$A$2:$A$761,$AL18),"-") | BI18: =IF(AND($H18<>"",$AM18<>"",$H18<>$AM18,IFERROR(VLOOKUP($H18,areaCercaPuntiClassificaSquadra,3,FALSE),-1)=IFERROR(VLOOKUP($AM18,areaCercaPuntiClassificaSquadra,3,FALSE),-2)),SUMIFS(Dati!$B$2:$B$761,Dati!$A$2:$A$761,$H18,Dati!$H$2:$H$761,$AM18)+SUMIFS(Dati!$I$2:$I$761,Dati!$H$2:$H$761,$H18,Dati!$A$2:$A$761,$AM18),"-") | BJ18: =IF(AND($H18<>"",$AN18<>"",$H18<>$AN18,IFERROR(VLOOKUP($H18,areaCercaPuntiClassificaSquadra,3,FALSE),-1)=IFERROR(VLOOKUP($AN18,areaCercaPuntiClassificaSquadra,3,FALSE),-2)),SUMIFS(Dati!$B$2:$B$761,Dati!$A$2:$A$761,$H18,Dati!$H$2:$H$761,$AN18)+SUMIFS(Dati!$I$2:$I$761,Dati!$H$2:$H$761,$H18,Dati!$A$2:$A$761,$AN18),"-") | BK18: =IF(AND($H18<>"",$AO18<>"",$H18<>$AO18,IFERROR(VLOOKUP($H18,areaCercaPuntiClassificaSquadra,3,FALSE),-1)=IFERROR(VLOOKUP($AO18,areaCercaPuntiClassificaSquadra,3,FALSE),-2)),SUMIFS(Dati!$B$2:$B$761,Dati!$A$2:$A$761,$H18,Dati!$H$2:$H$761,$AO18)+SUMIFS(Dati!$I$2:$I$761,Dati!$H$2:$H$761,$H18,Dati!$A$2:$A$761,$AO18),"-") | BL18: =IF(AND($H18<>"",$AP18<>"",$H18<>$AP18,IFERROR(VLOOKUP($H18,areaCercaPuntiClassificaSquadra,3,FALSE),-1)=IFERROR(VLOOKUP($AP18,areaCercaPuntiClassificaSquadra,3,FALSE),-2)),SUMIFS(Dati!$B$2:$B$761,Dati!$A$2:$A$761,$H18,Dati!$H$2:$H$761,$AP18)+SUMIFS(Dati!$I$2:$I$761,Dati!$H$2:$H$761,$H18,Dati!$A$2:$A$761,$AP18),"-") | BM18: =IF(AND($H18<>"",$AQ18<>"",$H18<>$AQ18,IFERROR(VLOOKUP($H18,areaCercaPuntiClassificaSquadra,3,FALSE),-1)=IFERROR(VLOOKUP($AQ18,areaCercaPuntiClassificaSquadra,3,FALSE),-2)),SUMIFS(Dati!$B$2:$B$761,Dati!$A$2:$A$761,$H18,Dati!$H$2:$H$761,$AQ18)+SUMIFS(Dati!$I$2:$I$761,Dati!$H$2:$H$761,$H18,Dati!$A$2:$A$761,$AQ18),"-") | BN18: =IF(AND($H18<>"",$AR18<>"",$H18<>$AR18,IFERROR(VLOOKUP($H18,areaCercaPuntiClassificaSquadra,3,FALSE),-1)=IFERROR(VLOOKUP($AR18,areaCercaPuntiClassificaSquadra,3,FALSE),-2)),SUMIFS(Dati!$B$2:$B$761,Dati!$A$2:$A$761,$H18,Dati!$H$2:$H$761,$AR18)+SUMIFS(Dati!$I$2:$I$761,Dati!$H$2:$H$761,$H18,Dati!$A$2:$A$761,$AR18),"-") | BP18: =$C18 | BQ18: =IF(AND($H18<>"",$Y18<>"",$H18<>$Y18,IFERROR(VLOOKUP($H18,areaCercaPuntiClassificaSquadra,3,FALSE),-1)=IFERROR(VLOOKUP($Y18,areaCercaPuntiClassificaSquadra,3,FALSE),-2)),SUMIFS(Dati!$D$2:$D$761,Dati!$A$2:$A$761,$H18,Dati!$H$2:$H$761,$Y18)+SUMIFS(Dati!$K$2:$K$761,Dati!$H$2:$H$761,$H18,Dati!$A$2:$A$761,$Y18)+SUMIFS(Dati!$C$2:$C$761,Dati!$A$2:$A$761,$H18,Dati!$H$2:$H$761,$Y18)+SUMIFS(Dati!$J$2:$J$761,Dati!$H$2:$H$761,$H18,Dati!$A$2:$A$761,$Y18),"-") | BR18: =IF(AND($H18<>"",$Z18<>"",$H18<>$Z18,IFERROR(VLOOKUP($H18,areaCercaPuntiClassificaSquadra,3,FALSE),-1)=IFERROR(VLOOKUP($Z18,areaCercaPuntiClassificaSquadra,3,FALSE),-2)),SUMIFS(Dati!$D$2:$D$761,Dati!$A$2:$A$761,$H18,Dati!$H$2:$H$761,$Z18)+SUMIFS(Dati!$K$2:$K$761,Dati!$H$2:$H$761,$H18,Dati!$A$2:$A$761,$Z18)+SUMIFS(Dati!$C$2:$C$761,Dati!$A$2:$A$761,$H18,Dati!$H$2:$H$761,$Z18)+SUMIFS(Dati!$J$2:$J$761,Dati!$H$2:$H$761,$H18,Dati!$A$2:$A$761,$Z18),"-") | BS18: =IF(AND($H18<>"",$AA18<>"",$H18<>$AA18,IFERROR(VLOOKUP($H18,areaCercaPuntiClassificaSquadra,3,FALSE),-1)=IFERROR(VLOOKUP($AA18,areaCercaPuntiClassificaSquadra,3,FALSE),-2)),SUMIFS(Dati!$D$2:$D$761,Dati!$A$2:$A$761,$H18,Dati!$H$2:$H$761,$AA18)+SUMIFS(Dati!$K$2:$K$761,Dati!$H$2:$H$761,$H18,Dati!$A$2:$A$761,$AA18)+SUMIFS(Dati!$C$2:$C$761,Dati!$A$2:$A$761,$H18,Dati!$H$2:$H$761,$AA18)+SUMIFS(Dati!$J$2:$J$761,Dati!$H$2:$H$761,$H18,Dati!$A$2:$A$761,$AA18),"-") | BT18: =IF(AND($H18<>"",$AB18<>"",$H18<>$AB18,IFERROR(VLOOKUP($H18,areaCercaPuntiClassificaSquadra,3,FALSE),-1)=IFERROR(VLOOKUP($AB18,areaCercaPuntiClassificaSquadra,3,FALSE),-2)),SUMIFS(Dati!$D$2:$D$761,Dati!$A$2:$A$761,$H18,Dati!$H$2:$H$761,$AB18)+SUMIFS(Dati!$K$2:$K$761,Dati!$H$2:$H$761,$H18,Dati!$A$2:$A$761,$AB18)+SUMIFS(Dati!$C$2:$C$761,Dati!$A$2:$A$761,$H18,Dati!$H$2:$H$761,$AB18)+SUMIFS(Dati!$J$2:$J$761,Dati!$H$2:$H$761,$H18,Dati!$A$2:$A$761,$AB18),"-") | BU18: =IF(AND($H18<>"",$AC18<>"",$H18<>$AC18,IFERROR(VLOOKUP($H18,areaCercaPuntiClassificaSquadra,3,FALSE),-1)=IFERROR(VLOOKUP($AC18,areaCercaPuntiClassificaSquadra,3,FALSE),-2)),SUMIFS(Dati!$D$2:$D$761,Dati!$A$2:$A$761,$H18,Dati!$H$2:$H$761,$AC18)+SUMIFS(Dati!$K$2:$K$761,Dati!$H$2:$H$761,$H18,Dati!$A$2:$A$761,$AC18)+SUMIFS(Dati!$C$2:$C$761,Dati!$A$2:$A$761,$H18,Dati!$H$2:$H$761,$AC18)+SUMIFS(Dati!$J$2:$J$761,Dati!$H$2:$H$761,$H18,Dati!$A$2:$A$761,$AC18),"-") | BV18: =IF(AND($H18<>"",$AD18<>"",$H18<>$AD18,IFERROR(VLOOKUP($H18,areaCercaPuntiClassificaSquadra,3,FALSE),-1)=IFERROR(VLOOKUP($AD18,areaCercaPuntiClassificaSquadra,3,FALSE),-2)),SUMIFS(Dati!$D$2:$D$761,Dati!$A$2:$A$761,$H18,Dati!$H$2:$H$761,$AD18)+SUMIFS(Dati!$K$2:$K$761,Dati!$H$2:$H$761,$H18,Dati!$A$2:$A$761,$AD18)+SUMIFS(Dati!$C$2:$C$761,Dati!$A$2:$A$761,$H18,Dati!$H$2:$H$761,$AD18)+SUMIFS(Dati!$J$2:$J$761,Dati!$H$2:$H$761,$H18,Dati!$A$2:$A$761,$AD18),"-") | BW18: =IF(AND($H18<>"",$AE18<>"",$H18<>$AE18,IFERROR(VLOOKUP($H18,areaCercaPuntiClassificaSquadra,3,FALSE),-1)=IFERROR(VLOOKUP($AE18,areaCercaPuntiClassificaSquadra,3,FALSE),-2)),SUMIFS(Dati!$D$2:$D$761,Dati!$A$2:$A$761,$H18,Dati!$H$2:$H$761,$AE18)+SUMIFS(Dati!$K$2:$K$761,Dati!$H$2:$H$761,$H18,Dati!$A$2:$A$761,$AE18)+SUMIFS(Dati!$C$2:$C$761,Dati!$A$2:$A$761,$H18,Dati!$H$2:$H$761,$AE18)+SUMIFS(Dati!$J$2:$J$761,Dati!$H$2:$H$761,$H18,Dati!$A$2:$A$761,$AE18),"-") | BX18: =IF(AND($H18<>"",$AF18<>"",$H18<>$AF18,IFERROR(VLOOKUP($H18,areaCercaPuntiClassificaSquadra,3,FALSE),-1)=IFERROR(VLOOKUP($AF18,areaCercaPuntiClassificaSquadra,3,FALSE),-2)),SUMIFS(Dati!$D$2:$D$761,Dati!$A$2:$A$761,$H18,Dati!$H$2:$H$761,$AF18)+SUMIFS(Dati!$K$2:$K$761,Dati!$H$2:$H$761,$H18,Dati!$A$2:$A$761,$AF18)+SUMIFS(Dati!$C$2:$C$761,Dati!$A$2:$A$761,$H18,Dati!$H$2:$H$761,$AF18)+SUMIFS(Dati!$J$2:$J$761,Dati!$H$2:$H$761,$H18,Dati!$A$2:$A$761,$AF18),"-") | BY18: =IF(AND($H18<>"",$AG18<>"",$H18<>$AG18,IFERROR(VLOOKUP($H18,areaCercaPuntiClassificaSquadra,3,FALSE),-1)=IFERROR(VLOOKUP($AG18,areaCercaPuntiClassificaSquadra,3,FALSE),-2)),SUMIFS(Dati!$D$2:$D$761,Dati!$A$2:$A$761,$H18,Dati!$H$2:$H$761,$AG18)+SUMIFS(Dati!$K$2:$K$761,Dati!$H$2:$H$761,$H18,Dati!$A$2:$A$761,$AG18)+SUMIFS(Dati!$C$2:$C$761,Dati!$A$2:$A$761,$H18,Dati!$H$2:$H$761,$AG18)+SUMIFS(Dati!$J$2:$J$761,Dati!$H$2:$H$761,$H18,Dati!$A$2:$A$761,$AG18),"-") | BZ18: =IF(AND($H18<>"",$AH18<>"",$H18<>$AH18,IFERROR(VLOOKUP($H18,areaCercaPuntiClassificaSquadra,3,FALSE),-1)=IFERROR(VLOOKUP($AH18,areaCercaPuntiClassificaSquadra,3,FALSE),-2)),SUMIFS(Dati!$D$2:$D$761,Dati!$A$2:$A$761,$H18,Dati!$H$2:$H$761,$AH18)+SUMIFS(Dati!$K$2:$K$761,Dati!$H$2:$H$761,$H18,Dati!$A$2:$A$761,$AH18)+SUMIFS(Dati!$C$2:$C$761,Dati!$A$2:$A$761,$H18,Dati!$H$2:$H$761,$AH18)+SUMIFS(Dati!$J$2:$J$761,Dati!$H$2:$H$761,$H18,Dati!$A$2:$A$761,$AH18),"-") | CA18: =IF(AND($H18<>"",$AI18<>"",$H18<>$AI18,IFERROR(VLOOKUP($H18,areaCercaPuntiClassificaSquadra,3,FALSE),-1)=IFERROR(VLOOKUP($AI18,areaCercaPuntiClassificaSquadra,3,FALSE),-2)),SUMIFS(Dati!$D$2:$D$761,Dati!$A$2:$A$761,$H18,Dati!$H$2:$H$761,$AI18)+SUMIFS(Dati!$K$2:$K$761,Dati!$H$2:$H$761,$H18,Dati!$A$2:$A$761,$AI18)+SUMIFS(Dati!$C$2:$C$761,Dati!$A$2:$A$761,$H18,Dati!$H$2:$H$761,$AI18)+SUMIFS(Dati!$J$2:$J$761,Dati!$H$2:$H$761,$H18,Dati!$A$2:$A$761,$AI18),"-") | CB18: =IF(AND($H18<>"",$AJ18<>"",$H18<>$AJ18,IFERROR(VLOOKUP($H18,areaCercaPuntiClassificaSquadra,3,FALSE),-1)=IFERROR(VLOOKUP($AJ18,areaCercaPuntiClassificaSquadra,3,FALSE),-2)),SUMIFS(Dati!$D$2:$D$761,Dati!$A$2:$A$761,$H18,Dati!$H$2:$H$761,$AJ18)+SUMIFS(Dati!$K$2:$K$761,Dati!$H$2:$H$761,$H18,Dati!$A$2:$A$761,$AJ18)+SUMIFS(Dati!$C$2:$C$761,Dati!$A$2:$A$761,$H18,Dati!$H$2:$H$761,$AJ18)+SUMIFS(Dati!$J$2:$J$761,Dati!$H$2:$H$761,$H18,Dati!$A$2:$A$761,$AJ18),"-") | CC18: =IF(AND($H18<>"",$AK18<>"",$H18<>$AK18,IFERROR(VLOOKUP($H18,areaCercaPuntiClassificaSquadra,3,FALSE),-1)=IFERROR(VLOOKUP($AK18,areaCercaPuntiClassificaSquadra,3,FALSE),-2)),SUMIFS(Dati!$D$2:$D$761,Dati!$A$2:$A$761,$H18,Dati!$H$2:$H$761,$AK18)+SUMIFS(Dati!$K$2:$K$761,Dati!$H$2:$H$761,$H18,Dati!$A$2:$A$761,$AK18)+SUMIFS(Dati!$C$2:$C$761,Dati!$A$2:$A$761,$H18,Dati!$H$2:$H$761,$AK18)+SUMIFS(Dati!$J$2:$J$761,Dati!$H$2:$H$761,$H18,Dati!$A$2:$A$761,$AK18),"-") | CD18: =IF(AND($H18<>"",$AL18<>"",$H18<>$AL18,IFERROR(VLOOKUP($H18,areaCercaPuntiClassificaSquadra,3,FALSE),-1)=IFERROR(VLOOKUP($AL18,areaCercaPuntiClassificaSquadra,3,FALSE),-2)),SUMIFS(Dati!$D$2:$D$761,Dati!$A$2:$A$761,$H18,Dati!$H$2:$H$761,$AL18)+SUMIFS(Dati!$K$2:$K$761,Dati!$H$2:$H$761,$H18,Dati!$A$2:$A$761,$AL18)+SUMIFS(Dati!$C$2:$C$761,Dati!$A$2:$A$761,$H18,Dati!$H$2:$H$761,$AL18)+SUMIFS(Dati!$J$2:$J$761,Dati!$H$2:$H$761,$H18,Dati!$A$2:$A$761,$AL18),"-") | CE18: =IF(AND($H18<>"",$AM18<>"",$H18<>$AM18,IFERROR(VLOOKUP($H18,areaCercaPuntiClassificaSquadra,3,FALSE),-1)=IFERROR(VLOOKUP($AM18,areaCercaPuntiClassificaSquadra,3,FALSE),-2)),SUMIFS(Dati!$D$2:$D$761,Dati!$A$2:$A$761,$H18,Dati!$H$2:$H$761,$AM18)+SUMIFS(Dati!$K$2:$K$761,Dati!$H$2:$H$761,$H18,Dati!$A$2:$A$761,$AM18)+SUMIFS(Dati!$C$2:$C$761,Dati!$A$2:$A$761,$H18,Dati!$H$2:$H$761,$AM18)+SUMIFS(Dati!$J$2:$J$761,Dati!$H$2:$H$761,$H18,Dati!$A$2:$A$761,$AM18),"-") | CF18: =IF(AND($H18<>"",$AN18<>"",$H18<>$AN18,IFERROR(VLOOKUP($H18,areaCercaPuntiClassificaSquadra,3,FALSE),-1)=IFERROR(VLOOKUP($AN18,areaCercaPuntiClassificaSquadra,3,FALSE),-2)),SUMIFS(Dati!$D$2:$D$761,Dati!$A$2:$A$761,$H18,Dati!$H$2:$H$761,$AN18)+SUMIFS(Dati!$K$2:$K$761,Dati!$H$2:$H$761,$H18,Dati!$A$2:$A$761,$AN18)+SUMIFS(Dati!$C$2:$C$761,Dati!$A$2:$A$761,$H18,Dati!$H$2:$H$761,$AN18)+SUMIFS(Dati!$J$2:$J$761,Dati!$H$2:$H$761,$H18,Dati!$A$2:$A$761,$AN18),"-") | CG18: =IF(AND($H18<>"",$AO18<>"",$H18<>$AO18,IFERROR(VLOOKUP($H18,areaCercaPuntiClassificaSquadra,3,FALSE),-1)=IFERROR(VLOOKUP($AO18,areaCercaPuntiClassificaSquadra,3,FALSE),-2)),SUMIFS(Dati!$D$2:$D$761,Dati!$A$2:$A$761,$H18,Dati!$H$2:$H$761,$AO18)+SUMIFS(Dati!$K$2:$K$761,Dati!$H$2:$H$761,$H18,Dati!$A$2:$A$761,$AO18)+SUMIFS(Dati!$C$2:$C$761,Dati!$A$2:$A$761,$H18,Dati!$H$2:$H$761,$AO18)+SUMIFS(Dati!$J$2:$J$761,Dati!$H$2:$H$761,$H18,Dati!$A$2:$A$761,$AO18),"-") | CH18: =IF(AND($H18<>"",$AP18<>"",$H18<>$AP18,IFERROR(VLOOKUP($H18,areaCercaPuntiClassificaSquadra,3,FALSE),-1)=IFERROR(VLOOKUP($AP18,areaCercaPuntiClassificaSquadra,3,FALSE),-2)),SUMIFS(Dati!$D$2:$D$761,Dati!$A$2:$A$761,$H18,Dati!$H$2:$H$761,$AP18)+SUMIFS(Dati!$K$2:$K$761,Dati!$H$2:$H$761,$H18,Dati!$A$2:$A$761,$AP18)+SUMIFS(Dati!$C$2:$C$761,Dati!$A$2:$A$761,$H18,Dati!$H$2:$H$761,$AP18)+SUMIFS(Dati!$J$2:$J$761,Dati!$H$2:$H$761,$H18,Dati!$A$2:$A$761,$AP18),"-") | CI18: =IF(AND($H18<>"",$AQ18<>"",$H18<>$AQ18,IFERROR(VLOOKUP($H18,areaCercaPuntiClassificaSquadra,3,FALSE),-1)=IFERROR(VLOOKUP($AQ18,areaCercaPuntiClassificaSquadra,3,FALSE),-2)),SUMIFS(Dati!$D$2:$D$761,Dati!$A$2:$A$761,$H18,Dati!$H$2:$H$761,$AQ18)+SUMIFS(Dati!$K$2:$K$761,Dati!$H$2:$H$761,$H18,Dati!$A$2:$A$761,$AQ18)+SUMIFS(Dati!$C$2:$C$761,Dati!$A$2:$A$761,$H18,Dati!$H$2:$H$761,$AQ18)+SUMIFS(Dati!$J$2:$J$761,Dati!$H$2:$H$761,$H18,Dati!$A$2:$A$761,$AQ18),"-") | CJ18: =IF(AND($H18<>"",$AR18<>"",$H18<>$AR18,IFERROR(VLOOKUP($H18,areaCercaPuntiClassificaSquadra,3,FALSE),-1)=IFERROR(VLOOKUP($AR18,areaCercaPuntiClassificaSquadra,3,FALSE),-2)),SUMIFS(Dati!$D$2:$D$761,Dati!$A$2:$A$761,$H18,Dati!$H$2:$H$761,$AR18)+SUMIFS(Dati!$K$2:$K$761,Dati!$H$2:$H$761,$H18,Dati!$A$2:$A$761,$AR18)+SUMIFS(Dati!$C$2:$C$761,Dati!$A$2:$A$761,$H18,Dati!$H$2:$H$761,$AR18)+SUMIFS(Dati!$J$2:$J$761,Dati!$H$2:$H$761,$H18,Dati!$A$2:$A$761,$AR18),"-") | CL18: =$C18 | CM18: =IF(AND($H18<>"",$Y18<>"",$H18<>$Y18,IFERROR(VLOOKUP($H18,areaCercaPuntiClassificaSquadra,3,FALSE),-1)=IFERROR(VLOOKUP($Y18,areaCercaPuntiClassificaSquadra,3,FALSE),-2)),SUMIFS(Dati!$E$2:$E$761,Dati!$A$2:$A$761,$H18,Dati!$H$2:$H$761,$Y18)+SUMIFS(Dati!$L$2:$L$761,Dati!$H$2:$H$761,$H18,Dati!$A$2:$A$761,$Y18),"-") | CN18: =IF(AND($H18<>"",$Z18<>"",$H18<>$Z18,IFERROR(VLOOKUP($H18,areaCercaPuntiClassificaSquadra,3,FALSE),-1)=IFERROR(VLOOKUP($Z18,areaCercaPuntiClassificaSquadra,3,FALSE),-2)),SUMIFS(Dati!$E$2:$E$761,Dati!$A$2:$A$761,$H18,Dati!$H$2:$H$761,$Z18)+SUMIFS(Dati!$L$2:$L$761,Dati!$H$2:$H$761,$H18,Dati!$A$2:$A$761,$Z18),"-") | CO18: =IF(AND($H18<>"",$AA18<>"",$H18<>$AA18,IFERROR(VLOOKUP($H18,areaCercaPuntiClassificaSquadra,3,FALSE),-1)=IFERROR(VLOOKUP($AA18,areaCercaPuntiClassificaSquadra,3,FALSE),-2)),SUMIFS(Dati!$E$2:$E$761,Dati!$A$2:$A$761,$H18,Dati!$H$2:$H$761,$AA18)+SUMIFS(Dati!$L$2:$L$761,Dati!$H$2:$H$761,$H18,Dati!$A$2:$A$761,$AA18),"-") | CP18: =IF(AND($H18<>"",$AB18<>"",$H18<>$AB18,IFERROR(VLOOKUP($H18,areaCercaPuntiClassificaSquadra,3,FALSE),-1)=IFERROR(VLOOKUP($AB18,areaCercaPuntiClassificaSquadra,3,FALSE),-2)),SUMIFS(Dati!$E$2:$E$761,Dati!$A$2:$A$761,$H18,Dati!$H$2:$H$761,$AB18)+SUMIFS(Dati!$L$2:$L$761,Dati!$H$2:$H$761,$H18,Dati!$A$2:$A$761,$AB18),"-") | CQ18: =IF(AND($H18<>"",$AC18<>"",$H18<>$AC18,IFERROR(VLOOKUP($H18,areaCercaPuntiClassificaSquadra,3,FALSE),-1)=IFERROR(VLOOKUP($AC18,areaCercaPuntiClassificaSquadra,3,FALSE),-2)),SUMIFS(Dati!$E$2:$E$761,Dati!$A$2:$A$761,$H18,Dati!$H$2:$H$761,$AC18)+SUMIFS(Dati!$L$2:$L$761,Dati!$H$2:$H$761,$H18,Dati!$A$2:$A$761,$AC18),"-") | CR18: =IF(AND($H18<>"",$AD18<>"",$H18<>$AD18,IFERROR(VLOOKUP($H18,areaCercaPuntiClassificaSquadra,3,FALSE),-1)=IFERROR(VLOOKUP($AD18,areaCercaPuntiClassificaSquadra,3,FALSE),-2)),SUMIFS(Dati!$E$2:$E$761,Dati!$A$2:$A$761,$H18,Dati!$H$2:$H$761,$AD18)+SUMIFS(Dati!$L$2:$L$761,Dati!$H$2:$H$761,$H18,Dati!$A$2:$A$761,$AD18),"-") | CS18: =IF(AND($H18<>"",$AE18<>"",$H18<>$AE18,IFERROR(VLOOKUP($H18,areaCercaPuntiClassificaSquadra,3,FALSE),-1)=IFERROR(VLOOKUP($AE18,areaCercaPuntiClassificaSquadra,3,FALSE),-2)),SUMIFS(Dati!$E$2:$E$761,Dati!$A$2:$A$761,$H18,Dati!$H$2:$H$761,$AE18)+SUMIFS(Dati!$L$2:$L$761,Dati!$H$2:$H$761,$H18,Dati!$A$2:$A$761,$AE18),"-") | CT18: =IF(AND($H18<>"",$AF18<>"",$H18<>$AF18,IFERROR(VLOOKUP($H18,areaCercaPuntiClassificaSquadra,3,FALSE),-1)=IFERROR(VLOOKUP($AF18,areaCercaPuntiClassificaSquadra,3,FALSE),-2)),SUMIFS(Dati!$E$2:$E$761,Dati!$A$2:$A$761,$H18,Dati!$H$2:$H$761,$AF18)+SUMIFS(Dati!$L$2:$L$761,Dati!$H$2:$H$761,$H18,Dati!$A$2:$A$761,$AF18),"-") | CU18: =IF(AND($H18<>"",$AG18<>"",$H18<>$AG18,IFERROR(VLOOKUP($H18,areaCercaPuntiClassificaSquadra,3,FALSE),-1)=IFERROR(VLOOKUP($AG18,areaCercaPuntiClassificaSquadra,3,FALSE),-2)),SUMIFS(Dati!$E$2:$E$761,Dati!$A$2:$A$761,$H18,Dati!$H$2:$H$761,$AG18)+SUMIFS(Dati!$L$2:$L$761,Dati!$H$2:$H$761,$H18,Dati!$A$2:$A$761,$AG18),"-") | CV18: =IF(AND($H18<>"",$AH18<>"",$H18<>$AH18,IFERROR(VLOOKUP($H18,areaCercaPuntiClassificaSquadra,3,FALSE),-1)=IFERROR(VLOOKUP($AH18,areaCercaPuntiClassificaSquadra,3,FALSE),-2)),SUMIFS(Dati!$E$2:$E$761,Dati!$A$2:$A$761,$H18,Dati!$H$2:$H$761,$AH18)+SUMIFS(Dati!$L$2:$L$761,Dati!$H$2:$H$761,$H18,Dati!$A$2:$A$761,$AH18),"-") | CW18: =IF(AND($H18<>"",$AI18<>"",$H18<>$AI18,IFERROR(VLOOKUP($H18,areaCercaPuntiClassificaSquadra,3,FALSE),-1)=IFERROR(VLOOKUP($AI18,areaCercaPuntiClassificaSquadra,3,FALSE),-2)),SUMIFS(Dati!$E$2:$E$761,Dati!$A$2:$A$761,$H18,Dati!$H$2:$H$761,$AI18)+SUMIFS(Dati!$L$2:$L$761,Dati!$H$2:$H$761,$H18,Dati!$A$2:$A$761,$AI18),"-") | CX18: =IF(AND($H18<>"",$AJ18<>"",$H18<>$AJ18,IFERROR(VLOOKUP($H18,areaCercaPuntiClassificaSquadra,3,FALSE),-1)=IFERROR(VLOOKUP($AJ18,areaCercaPuntiClassificaSquadra,3,FALSE),-2)),SUMIFS(Dati!$E$2:$E$761,Dati!$A$2:$A$761,$H18,Dati!$H$2:$H$761,$AJ18)+SUMIFS(Dati!$L$2:$L$761,Dati!$H$2:$H$761,$H18,Dati!$A$2:$A$761,$AJ18),"-") | CY18: =IF(AND($H18<>"",$AK18<>"",$H18<>$AK18,IFERROR(VLOOKUP($H18,areaCercaPuntiClassificaSquadra,3,FALSE),-1)=IFERROR(VLOOKUP($AK18,areaCercaPuntiClassificaSquadra,3,FALSE),-2)),SUMIFS(Dati!$E$2:$E$761,Dati!$A$2:$A$761,$H18,Dati!$H$2:$H$761,$AK18)+SUMIFS(Dati!$L$2:$L$761,Dati!$H$2:$H$761,$H18,Dati!$A$2:$A$761,$AK18),"-") | CZ18: =IF(AND($H18<>"",$AL18<>"",$H18<>$AL18,IFERROR(VLOOKUP($H18,areaCercaPuntiClassificaSquadra,3,FALSE),-1)=IFERROR(VLOOKUP($AL18,areaCercaPuntiClassificaSquadra,3,FALSE),-2)),SUMIFS(Dati!$E$2:$E$761,Dati!$A$2:$A$761,$H18,Dati!$H$2:$H$761,$AL18)+SUMIFS(Dati!$L$2:$L$761,Dati!$H$2:$H$761,$H18,Dati!$A$2:$A$761,$AL18),"-") | DA18: =IF(AND($H18<>"",$AM18<>"",$H18<>$AM18,IFERROR(VLOOKUP($H18,areaCercaPuntiClassificaSquadra,3,FALSE),-1)=IFERROR(VLOOKUP($AM18,areaCercaPuntiClassificaSquadra,3,FALSE),-2)),SUMIFS(Dati!$E$2:$E$761,Dati!$A$2:$A$761,$H18,Dati!$H$2:$H$761,$AM18)+SUMIFS(Dati!$L$2:$L$761,Dati!$H$2:$H$761,$H18,Dati!$A$2:$A$761,$AM18),"-") | DB18: =IF(AND($H18<>"",$AN18<>"",$H18<>$AN18,IFERROR(VLOOKUP($H18,areaCercaPuntiClassificaSquadra,3,FALSE),-1)=IFERROR(VLOOKUP($AN18,areaCercaPuntiClassificaSquadra,3,FALSE),-2)),SUMIFS(Dati!$E$2:$E$761,Dati!$A$2:$A$761,$H18,Dati!$H$2:$H$761,$AN18)+SUMIFS(Dati!$L$2:$L$761,Dati!$H$2:$H$761,$H18,Dati!$A$2:$A$761,$AN18),"-") | DC18: =IF(AND($H18<>"",$AO18<>"",$H18<>$AO18,IFERROR(VLOOKUP($H18,areaCercaPuntiClassificaSquadra,3,FALSE),-1)=IFERROR(VLOOKUP($AO18,areaCercaPuntiClassificaSquadra,3,FALSE),-2)),SUMIFS(Dati!$E$2:$E$761,Dati!$A$2:$A$761,$H18,Dati!$H$2:$H$761,$AO18)+SUMIFS(Dati!$L$2:$L$761,Dati!$H$2:$H$761,$H18,Dati!$A$2:$A$761,$AO18),"-") | DD18: =IF(AND($H18<>"",$AP18<>"",$H18<>$AP18,IFERROR(VLOOKUP($H18,areaCercaPuntiClassificaSquadra,3,FALSE),-1)=IFERROR(VLOOKUP($AP18,areaCercaPuntiClassificaSquadra,3,FALSE),-2)),SUMIFS(Dati!$E$2:$E$761,Dati!$A$2:$A$761,$H18,Dati!$H$2:$H$761,$AP18)+SUMIFS(Dati!$L$2:$L$761,Dati!$H$2:$H$761,$H18,Dati!$A$2:$A$761,$AP18),"-") | DE18: =IF(AND($H18<>"",$AQ18<>"",$H18<>$AQ18,IFERROR(VLOOKUP($H18,areaCercaPuntiClassificaSquadra,3,FALSE),-1)=IFERROR(VLOOKUP($AQ18,areaCercaPuntiClassificaSquadra,3,FALSE),-2)),SUMIFS(Dati!$E$2:$E$761,Dati!$A$2:$A$761,$H18,Dati!$H$2:$H$761,$AQ18)+SUMIFS(Dati!$L$2:$L$761,Dati!$H$2:$H$761,$H18,Dati!$A$2:$A$761,$AQ18),"-") | DF18: =IF(AND($H18<>"",$AR18<>"",$H18<>$AR18,IFERROR(VLOOKUP($H18,areaCercaPuntiClassificaSquadra,3,FALSE),-1)=IFERROR(VLOOKUP($AR18,areaCercaPuntiClassificaSquadra,3,FALSE),-2)),SUMIFS(Dati!$E$2:$E$761,Dati!$A$2:$A$761,$H18,Dati!$H$2:$H$761,$AR18)+SUMIFS(Dati!$L$2:$L$761,Dati!$H$2:$H$761,$H18,Dati!$A$2:$A$761,$AR18),"-") | DH18: =$C18 | DI18: =IF(AND($H18<>"",$Y18<>"",$H18<>$Y18,IFERROR(VLOOKUP($H18,areaCercaPuntiClassificaSquadra,3,FALSE),-1)=IFERROR(VLOOKUP($Y18,areaCercaPuntiClassificaSquadra,3,FALSE),-2)),SUMIFS(Dati!$F$2:$F$761,Dati!$A$2:$A$761,$H18,Dati!$H$2:$H$761,$Y18)+SUMIFS(Dati!$M$2:$M$761,Dati!$H$2:$H$761,$H18,Dati!$A$2:$A$761,$Y18),"-") | DJ18: =IF(AND($H18<>"",$Z18<>"",$H18<>$Z18,IFERROR(VLOOKUP($H18,areaCercaPuntiClassificaSquadra,3,FALSE),-1)=IFERROR(VLOOKUP($Z18,areaCercaPuntiClassificaSquadra,3,FALSE),-2)),SUMIFS(Dati!$F$2:$F$761,Dati!$A$2:$A$761,$H18,Dati!$H$2:$H$761,$Z18)+SUMIFS(Dati!$M$2:$M$761,Dati!$H$2:$H$761,$H18,Dati!$A$2:$A$761,$Z18),"-") | DK18: =IF(AND($H18<>"",$AA18<>"",$H18<>$AA18,IFERROR(VLOOKUP($H18,areaCercaPuntiClassificaSquadra,3,FALSE),-1)=IFERROR(VLOOKUP($AA18,areaCercaPuntiClassificaSquadra,3,FALSE),-2)),SUMIFS(Dati!$F$2:$F$761,Dati!$A$2:$A$761,$H18,Dati!$H$2:$H$761,$AA18)+SUMIFS(Dati!$M$2:$M$761,Dati!$H$2:$H$761,$H18,Dati!$A$2:$A$761,$AA18),"-") | DL18: =IF(AND($H18<>"",$AB18<>"",$H18<>$AB18,IFERROR(VLOOKUP($H18,areaCercaPuntiClassificaSquadra,3,FALSE),-1)=IFERROR(VLOOKUP($AB18,areaCercaPuntiClassificaSquadra,3,FALSE),-2)),SUMIFS(Dati!$F$2:$F$761,Dati!$A$2:$A$761,$H18,Dati!$H$2:$H$761,$AB18)+SUMIFS(Dati!$M$2:$M$761,Dati!$H$2:$H$761,$H18,Dati!$A$2:$A$761,$AB18),"-") | DM18: =IF(AND($H18<>"",$AC18<>"",$H18<>$AC18,IFERROR(VLOOKUP($H18,areaCercaPuntiClassificaSquadra,3,FALSE),-1)=IFERROR(VLOOKUP($AC18,areaCercaPuntiClassificaSquadra,3,FALSE),-2)),SUMIFS(Dati!$F$2:$F$761,Dati!$A$2:$A$761,$H18,Dati!$H$2:$H$761,$AC18)+SUMIFS(Dati!$M$2:$M$761,Dati!$H$2:$H$761,$H18,Dati!$A$2:$A$761,$AC18),"-") | DN18: =IF(AND($H18<>"",$AD18<>"",$H18<>$AD18,IFERROR(VLOOKUP($H18,areaCercaPuntiClassificaSquadra,3,FALSE),-1)=IFERROR(VLOOKUP($AD18,areaCercaPuntiClassificaSquadra,3,FALSE),-2)),SUMIFS(Dati!$F$2:$F$761,Dati!$A$2:$A$761,$H18,Dati!$H$2:$H$761,$AD18)+SUMIFS(Dati!$M$2:$M$761,Dati!$H$2:$H$761,$H18,Dati!$A$2:$A$761,$AD18),"-") | DO18: =IF(AND($H18<>"",$AE18<>"",$H18<>$AE18,IFERROR(VLOOKUP($H18,areaCercaPuntiClassificaSquadra,3,FALSE),-1)=IFERROR(VLOOKUP($AE18,areaCercaPuntiClassificaSquadra,3,FALSE),-2)),SUMIFS(Dati!$F$2:$F$761,Dati!$A$2:$A$761,$H18,Dati!$H$2:$H$761,$AE18)+SUMIFS(Dati!$M$2:$M$761,Dati!$H$2:$H$761,$H18,Dati!$A$2:$A$761,$AE18),"-") | DP18: =IF(AND($H18<>"",$AF18<>"",$H18<>$AF18,IFERROR(VLOOKUP($H18,areaCercaPuntiClassificaSquadra,3,FALSE),-1)=IFERROR(VLOOKUP($AF18,areaCercaPuntiClassificaSquadra,3,FALSE),-2)),SUMIFS(Dati!$F$2:$F$761,Dati!$A$2:$A$761,$H18,Dati!$H$2:$H$761,$AF18)+SUMIFS(Dati!$M$2:$M$761,Dati!$H$2:$H$761,$H18,Dati!$A$2:$A$761,$AF18),"-") | DQ18: =IF(AND($H18<>"",$AG18<>"",$H18<>$AG18,IFERROR(VLOOKUP($H18,areaCercaPuntiClassificaSquadra,3,FALSE),-1)=IFERROR(VLOOKUP($AG18,areaCercaPuntiClassificaSquadra,3,FALSE),-2)),SUMIFS(Dati!$F$2:$F$761,Dati!$A$2:$A$761,$H18,Dati!$H$2:$H$761,$AG18)+SUMIFS(Dati!$M$2:$M$761,Dati!$H$2:$H$761,$H18,Dati!$A$2:$A$761,$AG18),"-") | DR18: =IF(AND($H18<>"",$AH18<>"",$H18<>$AH18,IFERROR(VLOOKUP($H18,areaCercaPuntiClassificaSquadra,3,FALSE),-1)=IFERROR(VLOOKUP($AH18,areaCercaPuntiClassificaSquadra,3,FALSE),-2)),SUMIFS(Dati!$F$2:$F$761,Dati!$A$2:$A$761,$H18,Dati!$H$2:$H$761,$AH18)+SUMIFS(Dati!$M$2:$M$761,Dati!$H$2:$H$761,$H18,Dati!$A$2:$A$761,$AH18),"-") | DS18: =IF(AND($H18<>"",$AI18<>"",$H18<>$AI18,IFERROR(VLOOKUP($H18,areaCercaPuntiClassificaSquadra,3,FALSE),-1)=IFERROR(VLOOKUP($AI18,areaCercaPuntiClassificaSquadra,3,FALSE),-2)),SUMIFS(Dati!$F$2:$F$761,Dati!$A$2:$A$761,$H18,Dati!$H$2:$H$761,$AI18)+SUMIFS(Dati!$M$2:$M$761,Dati!$H$2:$H$761,$H18,Dati!$A$2:$A$761,$AI18),"-") | DT18: =IF(AND($H18<>"",$AJ18<>"",$H18<>$AJ18,IFERROR(VLOOKUP($H18,areaCercaPuntiClassificaSquadra,3,FALSE),-1)=IFERROR(VLOOKUP($AJ18,areaCercaPuntiClassificaSquadra,3,FALSE),-2)),SUMIFS(Dati!$F$2:$F$761,Dati!$A$2:$A$761,$H18,Dati!$H$2:$H$761,$AJ18)+SUMIFS(Dati!$M$2:$M$761,Dati!$H$2:$H$761,$H18,Dati!$A$2:$A$761,$AJ18),"-") | DU18: =IF(AND($H18<>"",$AK18<>"",$H18<>$AK18,IFERROR(VLOOKUP($H18,areaCercaPuntiClassificaSquadra,3,FALSE),-1)=IFERROR(VLOOKUP($AK18,areaCercaPuntiClassificaSquadra,3,FALSE),-2)),SUMIFS(Dati!$F$2:$F$761,Dati!$A$2:$A$761,$H18,Dati!$H$2:$H$761,$AK18)+SUMIFS(Dati!$M$2:$M$761,Dati!$H$2:$H$761,$H18,Dati!$A$2:$A$761,$AK18),"-") | DV18: =IF(AND($H18<>"",$AL18<>"",$H18<>$AL18,IFERROR(VLOOKUP($H18,areaCercaPuntiClassificaSquadra,3,FALSE),-1)=IFERROR(VLOOKUP($AL18,areaCercaPuntiClassificaSquadra,3,FALSE),-2)),SUMIFS(Dati!$F$2:$F$761,Dati!$A$2:$A$761,$H18,Dati!$H$2:$H$761,$AL18)+SUMIFS(Dati!$M$2:$M$761,Dati!$H$2:$H$761,$H18,Dati!$A$2:$A$761,$AL18),"-") | DW18: =IF(AND($H18<>"",$AM18<>"",$H18<>$AM18,IFERROR(VLOOKUP($H18,areaCercaPuntiClassificaSquadra,3,FALSE),-1)=IFERROR(VLOOKUP($AM18,areaCercaPuntiClassificaSquadra,3,FALSE),-2)),SUMIFS(Dati!$F$2:$F$761,Dati!$A$2:$A$761,$H18,Dati!$H$2:$H$761,$AM18)+SUMIFS(Dati!$M$2:$M$761,Dati!$H$2:$H$761,$H18,Dati!$A$2:$A$761,$AM18),"-") | DX18: =IF(AND($H18<>"",$AN18<>"",$H18<>$AN18,IFERROR(VLOOKUP($H18,areaCercaPuntiClassificaSquadra,3,FALSE),-1)=IFERROR(VLOOKUP($AN18,areaCercaPuntiClassificaSquadra,3,FALSE),-2)),SUMIFS(Dati!$F$2:$F$761,Dati!$A$2:$A$761,$H18,Dati!$H$2:$H$761,$AN18)+SUMIFS(Dati!$M$2:$M$761,Dati!$H$2:$H$761,$H18,Dati!$A$2:$A$761,$AN18),"-") | DY18: =IF(AND($H18<>"",$AO18<>"",$H18<>$AO18,IFERROR(VLOOKUP($H18,areaCercaPuntiClassificaSquadra,3,FALSE),-1)=IFERROR(VLOOKUP($AO18,areaCercaPuntiClassificaSquadra,3,FALSE),-2)),SUMIFS(Dati!$F$2:$F$761,Dati!$A$2:$A$761,$H18,Dati!$H$2:$H$761,$AO18)+SUMIFS(Dati!$M$2:$M$761,Dati!$H$2:$H$761,$H18,Dati!$A$2:$A$761,$AO18),"-") | DZ18: =IF(AND($H18<>"",$AP18<>"",$H18<>$AP18,IFERROR(VLOOKUP($H18,areaCercaPuntiClassificaSquadra,3,FALSE),-1)=IFERROR(VLOOKUP($AP18,areaCercaPuntiClassificaSquadra,3,FALSE),-2)),SUMIFS(Dati!$F$2:$F$761,Dati!$A$2:$A$761,$H18,Dati!$H$2:$H$761,$AP18)+SUMIFS(Dati!$M$2:$M$761,Dati!$H$2:$H$761,$H18,Dati!$A$2:$A$761,$AP18),"-") | EA18: =IF(AND($H18<>"",$AQ18<>"",$H18<>$AQ18,IFERROR(VLOOKUP($H18,areaCercaPuntiClassificaSquadra,3,FALSE),-1)=IFERROR(VLOOKUP($AQ18,areaCercaPuntiClassificaSquadra,3,FALSE),-2)),SUMIFS(Dati!$F$2:$F$761,Dati!$A$2:$A$761,$H18,Dati!$H$2:$H$761,$AQ18)+SUMIFS(Dati!$M$2:$M$761,Dati!$H$2:$H$761,$H18,Dati!$A$2:$A$761,$AQ18),"-") | EB18: =IF(AND($H18<>"",$AR18<>"",$H18<>$AR18,IFERROR(VLOOKUP($H18,areaCercaPuntiClassificaSquadra,3,FALSE),-1)=IFERROR(VLOOKUP($AR18,areaCercaPuntiClassificaSquadra,3,FALSE),-2)),SUMIFS(Dati!$F$2:$F$761,Dati!$A$2:$A$761,$H18,Dati!$H$2:$H$761,$AR18)+SUMIFS(Dati!$M$2:$M$761,Dati!$H$2:$H$761,$H18,Dati!$A$2:$A$761,$AR18),"-") | ED18: =IF($C18="","",SUM(AU18:BN18))
B19: A06 | C19: Falchi Feroci-Falchiopoli FA | E19: A | G19: =IF($C19="","",$E19&(COUNTIFS(I$14:I$93,">"&I19,E$14:E$93,"="&E19,C$14:C$93,"<>")+COUNTIFS(I$14:I$93,"="&I19,H$14:H$93,"<="&H19,E$14:E$93,"="&E19,C$14:C$93,"<>"))) | H19: =IF($C19="","",IFERROR(LEFT($C19,FIND("-",$C19)-1),$C19)) | I19: =TEXT(1000000000+J19,"|0000000000|")&TEXT(SUM(AU19:BN19),"0000000000|")&IF(SUM(DI19:EB19)=0,"0000000000|",TEXT(ROUND(SUM(CM19:DF19)/SUM(DI19:EB19),4)*100000,"0000000000|"))&IF(P19=0,"0000000000|",TEXT(ROUND(O19/P19,4)*100000,"0000000000|")) | J19: =L19*constPuntiVittoria+M19*constPuntiSconfitta+N19*constPuntiForfait+IF(D19="",0,D19) | K19: =SUM(L19:N19) | L19: =IF($H19="",0,SUMIF(Dati!$A$2:$A$761,$H19,Dati!$B$2:$B$761)+SUMIF(Dati!$H$2:$H$761,$H19,Dati!$I$2:$I$761)) | M19: =IF($H19="",0,SUMIF(Dati!$A$2:$A$761,$H19,Dati!$D$2:$D$761)+SUMIF(Dati!$H$2:$H$761,$H19,Dati!$K$2:$K$761)) | N19: =IF($H19="",0,SUMIF(Dati!$A$2:$A$761,$H19,Dati!$C$2:$C$761)+SUMIF(Dati!$H$2:$H$761,$H19,Dati!$J$2:$J$761)) | O19: =IF($H19="",0,SUMIF(Dati!$A$2:$A$761,$H19,Dati!$E$2:$E$761)+SUMIF(Dati!$H$2:$H$761,$H19,Dati!$L$2:$L$761)) | P19: =IF($H19="",0,SUMIF(Dati!$A$2:$A$761,$H19,Dati!$F$2:$F$761)+SUMIF(Dati!$H$2:$H$761,$H19,Dati!$M$2:$M$761)) | Q19: =IF($H19="",0,SUMIF(Dati!$A$2:$A$761,$H19,Dati!$G$2:$G$761)+SUMIF(Dati!$H$2:$H$761,$H19,Dati!$N$2:$N$761)) | R19: =IF(K19=0,0,ROUND(O19/K19,2)) | S19: =IF(K19=0,0,ROUND(P19/K19,2)) | T19: =IF(K19=0,0,ROUND(Q19/K19,2)) | U19: =IF(COUNTIFS($E$14:$E$93,$E19,$J$14:$J$93,$J19,$C$14:$C$93,"<>")<=1,"-",SUM(AU19:BN19)&"-"&SUM(BQ19:CJ19)) | V19: =IF(COUNTIFS($E$14:$E$93,$E19,$J$14:$J$93,$J19,$C$14:$C$93,"<>",$ED$14:$ED$93,$ED19)<=1,"-",IF(SUM(DI19:EB19)=0,0,ROUND(SUM(CM19:DF19)/SUM(DI19:EB19),3))) | W19: =IF(COUNTIFS($E$14:$E$93,$E19,$J$14:$J$93,$J19,$C$14:$C$93,"<>",$ED$14:$ED$93,$ED19,$V$14:$V$93,$V19)<=1,"-",IF(P19=0,0,ROUND(O19/P19,3))) | X19: =IF($C19="","",$E19&"#"&COUNTIFS($E$14:$E19,$E19,$C$14:$C19,"<>")) | Y19: =IFERROR(INDEX($H$14:$H$93,MATCH($E19&"#1",$X$14:$X$93,0)),"") | Z19: =IFERROR(INDEX($H$14:$H$93,MATCH($E19&"#2",$X$14:$X$93,0)),"") | AA19: =IFERROR(INDEX($H$14:$H$93,MATCH($E19&"#3",$X$14:$X$93,0)),"") | AB19: =IFERROR(INDEX($H$14:$H$93,MATCH($E19&"#4",$X$14:$X$93,0)),"") | AC19: =IFERROR(INDEX($H$14:$H$93,MATCH($E19&"#5",$X$14:$X$93,0)),"") | AD19: =IFERROR(INDEX($H$14:$H$93,MATCH($E19&"#6",$X$14:$X$93,0)),"") | AE19: =IFERROR(INDEX($H$14:$H$93,MATCH($E19&"#7",$X$14:$X$93,0)),"") | AF19: =IFERROR(INDEX($H$14:$H$93,MATCH($E19&"#8",$X$14:$X$93,0)),"") | AG19: =IFERROR(INDEX($H$14:$H$93,MATCH($E19&"#9",$X$14:$X$93,0)),"") | AH19: =IFERROR(INDEX($H$14:$H$93,MATCH($E19&"#10",$X$14:$X$93,0)),"") | AI19: =IFERROR(INDEX($H$14:$H$93,MATCH($E19&"#11",$X$14:$X$93,0)),"") | AJ19: =IFERROR(INDEX($H$14:$H$93,MATCH($E19&"#12",$X$14:$X$93,0)),"") | AK19: =IFERROR(INDEX($H$14:$H$93,MATCH($E19&"#13",$X$14:$X$93,0)),"") | AL19: =IFERROR(INDEX($H$14:$H$93,MATCH($E19&"#14",$X$14:$X$93,0)),"") | AM19: =IFERROR(INDEX($H$14:$H$93,MATCH($E19&"#15",$X$14:$X$93,0)),"") | AN19: =IFERROR(INDEX($H$14:$H$93,MATCH($E19&"#16",$X$14:$X$93,0)),"") | AO19: =IFERROR(INDEX($H$14:$H$93,MATCH($E19&"#17",$X$14:$X$93,0)),"") | AP19: =IFERROR(INDEX($H$14:$H$93,MATCH($E19&"#18",$X$14:$X$93,0)),"") | AQ19: =IFERROR(INDEX($H$14:$H$93,MATCH($E19&"#19",$X$14:$X$93,0)),"") | AR19: =IFERROR(INDEX($H$14:$H$93,MATCH($E19&"#20",$X$14:$X$93,0)),"") | AT19: =$C19 | AU19: =IF(AND($H19<>"",$Y19<>"",$H19<>$Y19,IFERROR(VLOOKUP($H19,areaCercaPuntiClassificaSquadra,3,FALSE),-1)=IFERROR(VLOOKUP($Y19,areaCercaPuntiClassificaSquadra,3,FALSE),-2)),SUMIFS(Dati!$B$2:$B$761,Dati!$A$2:$A$761,$H19,Dati!$H$2:$H$761,$Y19)+SUMIFS(Dati!$I$2:$I$761,Dati!$H$2:$H$761,$H19,Dati!$A$2:$A$761,$Y19),"-") | AV19: =IF(AND($H19<>"",$Z19<>"",$H19<>$Z19,IFERROR(VLOOKUP($H19,areaCercaPuntiClassificaSquadra,3,FALSE),-1)=IFERROR(VLOOKUP($Z19,areaCercaPuntiClassificaSquadra,3,FALSE),-2)),SUMIFS(Dati!$B$2:$B$761,Dati!$A$2:$A$761,$H19,Dati!$H$2:$H$761,$Z19)+SUMIFS(Dati!$I$2:$I$761,Dati!$H$2:$H$761,$H19,Dati!$A$2:$A$761,$Z19),"-") | AW19: =IF(AND($H19<>"",$AA19<>"",$H19<>$AA19,IFERROR(VLOOKUP($H19,areaCercaPuntiClassificaSquadra,3,FALSE),-1)=IFERROR(VLOOKUP($AA19,areaCercaPuntiClassificaSquadra,3,FALSE),-2)),SUMIFS(Dati!$B$2:$B$761,Dati!$A$2:$A$761,$H19,Dati!$H$2:$H$761,$AA19)+SUMIFS(Dati!$I$2:$I$761,Dati!$H$2:$H$761,$H19,Dati!$A$2:$A$761,$AA19),"-") | AX19: =IF(AND($H19<>"",$AB19<>"",$H19<>$AB19,IFERROR(VLOOKUP($H19,areaCercaPuntiClassificaSquadra,3,FALSE),-1)=IFERROR(VLOOKUP($AB19,areaCercaPuntiClassificaSquadra,3,FALSE),-2)),SUMIFS(Dati!$B$2:$B$761,Dati!$A$2:$A$761,$H19,Dati!$H$2:$H$761,$AB19)+SUMIFS(Dati!$I$2:$I$761,Dati!$H$2:$H$761,$H19,Dati!$A$2:$A$761,$AB19),"-") | AY19: =IF(AND($H19<>"",$AC19<>"",$H19<>$AC19,IFERROR(VLOOKUP($H19,areaCercaPuntiClassificaSquadra,3,FALSE),-1)=IFERROR(VLOOKUP($AC19,areaCercaPuntiClassificaSquadra,3,FALSE),-2)),SUMIFS(Dati!$B$2:$B$761,Dati!$A$2:$A$761,$H19,Dati!$H$2:$H$761,$AC19)+SUMIFS(Dati!$I$2:$I$761,Dati!$H$2:$H$761,$H19,Dati!$A$2:$A$761,$AC19),"-") | AZ19: =IF(AND($H19<>"",$AD19<>"",$H19<>$AD19,IFERROR(VLOOKUP($H19,areaCercaPuntiClassificaSquadra,3,FALSE),-1)=IFERROR(VLOOKUP($AD19,areaCercaPuntiClassificaSquadra,3,FALSE),-2)),SUMIFS(Dati!$B$2:$B$761,Dati!$A$2:$A$761,$H19,Dati!$H$2:$H$761,$AD19)+SUMIFS(Dati!$I$2:$I$761,Dati!$H$2:$H$761,$H19,Dati!$A$2:$A$761,$AD19),"-") | BA19: =IF(AND($H19<>"",$AE19<>"",$H19<>$AE19,IFERROR(VLOOKUP($H19,areaCercaPuntiClassificaSquadra,3,FALSE),-1)=IFERROR(VLOOKUP($AE19,areaCercaPuntiClassificaSquadra,3,FALSE),-2)),SUMIFS(Dati!$B$2:$B$761,Dati!$A$2:$A$761,$H19,Dati!$H$2:$H$761,$AE19)+SUMIFS(Dati!$I$2:$I$761,Dati!$H$2:$H$761,$H19,Dati!$A$2:$A$761,$AE19),"-") | BB19: =IF(AND($H19<>"",$AF19<>"",$H19<>$AF19,IFERROR(VLOOKUP($H19,areaCercaPuntiClassificaSquadra,3,FALSE),-1)=IFERROR(VLOOKUP($AF19,areaCercaPuntiClassificaSquadra,3,FALSE),-2)),SUMIFS(Dati!$B$2:$B$761,Dati!$A$2:$A$761,$H19,Dati!$H$2:$H$761,$AF19)+SUMIFS(Dati!$I$2:$I$761,Dati!$H$2:$H$761,$H19,Dati!$A$2:$A$761,$AF19),"-") | BC19: =IF(AND($H19<>"",$AG19<>"",$H19<>$AG19,IFERROR(VLOOKUP($H19,areaCercaPuntiClassificaSquadra,3,FALSE),-1)=IFERROR(VLOOKUP($AG19,areaCercaPuntiClassificaSquadra,3,FALSE),-2)),SUMIFS(Dati!$B$2:$B$761,Dati!$A$2:$A$761,$H19,Dati!$H$2:$H$761,$AG19)+SUMIFS(Dati!$I$2:$I$761,Dati!$H$2:$H$761,$H19,Dati!$A$2:$A$761,$AG19),"-") | BD19: =IF(AND($H19<>"",$AH19<>"",$H19<>$AH19,IFERROR(VLOOKUP($H19,areaCercaPuntiClassificaSquadra,3,FALSE),-1)=IFERROR(VLOOKUP($AH19,areaCercaPuntiClassificaSquadra,3,FALSE),-2)),SUMIFS(Dati!$B$2:$B$761,Dati!$A$2:$A$761,$H19,Dati!$H$2:$H$761,$AH19)+SUMIFS(Dati!$I$2:$I$761,Dati!$H$2:$H$761,$H19,Dati!$A$2:$A$761,$AH19),"-") | BE19: =IF(AND($H19<>"",$AI19<>"",$H19<>$AI19,IFERROR(VLOOKUP($H19,areaCercaPuntiClassificaSquadra,3,FALSE),-1)=IFERROR(VLOOKUP($AI19,areaCercaPuntiClassificaSquadra,3,FALSE),-2)),SUMIFS(Dati!$B$2:$B$761,Dati!$A$2:$A$761,$H19,Dati!$H$2:$H$761,$AI19)+SUMIFS(Dati!$I$2:$I$761,Dati!$H$2:$H$761,$H19,Dati!$A$2:$A$761,$AI19),"-") | BF19: =IF(AND($H19<>"",$AJ19<>"",$H19<>$AJ19,IFERROR(VLOOKUP($H19,areaCercaPuntiClassificaSquadra,3,FALSE),-1)=IFERROR(VLOOKUP($AJ19,areaCercaPuntiClassificaSquadra,3,FALSE),-2)),SUMIFS(Dati!$B$2:$B$761,Dati!$A$2:$A$761,$H19,Dati!$H$2:$H$761,$AJ19)+SUMIFS(Dati!$I$2:$I$761,Dati!$H$2:$H$761,$H19,Dati!$A$2:$A$761,$AJ19),"-") | BG19: =IF(AND($H19<>"",$AK19<>"",$H19<>$AK19,IFERROR(VLOOKUP($H19,areaCercaPuntiClassificaSquadra,3,FALSE),-1)=IFERROR(VLOOKUP($AK19,areaCercaPuntiClassificaSquadra,3,FALSE),-2)),SUMIFS(Dati!$B$2:$B$761,Dati!$A$2:$A$761,$H19,Dati!$H$2:$H$761,$AK19)+SUMIFS(Dati!$I$2:$I$761,Dati!$H$2:$H$761,$H19,Dati!$A$2:$A$761,$AK19),"-") | BH19: =IF(AND($H19<>"",$AL19<>"",$H19<>$AL19,IFERROR(VLOOKUP($H19,areaCercaPuntiClassificaSquadra,3,FALSE),-1)=IFERROR(VLOOKUP($AL19,areaCercaPuntiClassificaSquadra,3,FALSE),-2)),SUMIFS(Dati!$B$2:$B$761,Dati!$A$2:$A$761,$H19,Dati!$H$2:$H$761,$AL19)+SUMIFS(Dati!$I$2:$I$761,Dati!$H$2:$H$761,$H19,Dati!$A$2:$A$761,$AL19),"-") | BI19: =IF(AND($H19<>"",$AM19<>"",$H19<>$AM19,IFERROR(VLOOKUP($H19,areaCercaPuntiClassificaSquadra,3,FALSE),-1)=IFERROR(VLOOKUP($AM19,areaCercaPuntiClassificaSquadra,3,FALSE),-2)),SUMIFS(Dati!$B$2:$B$761,Dati!$A$2:$A$761,$H19,Dati!$H$2:$H$761,$AM19)+SUMIFS(Dati!$I$2:$I$761,Dati!$H$2:$H$761,$H19,Dati!$A$2:$A$761,$AM19),"-") | BJ19: =IF(AND($H19<>"",$AN19<>"",$H19<>$AN19,IFERROR(VLOOKUP($H19,areaCercaPuntiClassificaSquadra,3,FALSE),-1)=IFERROR(VLOOKUP($AN19,areaCercaPuntiClassificaSquadra,3,FALSE),-2)),SUMIFS(Dati!$B$2:$B$761,Dati!$A$2:$A$761,$H19,Dati!$H$2:$H$761,$AN19)+SUMIFS(Dati!$I$2:$I$761,Dati!$H$2:$H$761,$H19,Dati!$A$2:$A$761,$AN19),"-") | BK19: =IF(AND($H19<>"",$AO19<>"",$H19<>$AO19,IFERROR(VLOOKUP($H19,areaCercaPuntiClassificaSquadra,3,FALSE),-1)=IFERROR(VLOOKUP($AO19,areaCercaPuntiClassificaSquadra,3,FALSE),-2)),SUMIFS(Dati!$B$2:$B$761,Dati!$A$2:$A$761,$H19,Dati!$H$2:$H$761,$AO19)+SUMIFS(Dati!$I$2:$I$761,Dati!$H$2:$H$761,$H19,Dati!$A$2:$A$761,$AO19),"-") | BL19: =IF(AND($H19<>"",$AP19<>"",$H19<>$AP19,IFERROR(VLOOKUP($H19,areaCercaPuntiClassificaSquadra,3,FALSE),-1)=IFERROR(VLOOKUP($AP19,areaCercaPuntiClassificaSquadra,3,FALSE),-2)),SUMIFS(Dati!$B$2:$B$761,Dati!$A$2:$A$761,$H19,Dati!$H$2:$H$761,$AP19)+SUMIFS(Dati!$I$2:$I$761,Dati!$H$2:$H$761,$H19,Dati!$A$2:$A$761,$AP19),"-") | BM19: =IF(AND($H19<>"",$AQ19<>"",$H19<>$AQ19,IFERROR(VLOOKUP($H19,areaCercaPuntiClassificaSquadra,3,FALSE),-1)=IFERROR(VLOOKUP($AQ19,areaCercaPuntiClassificaSquadra,3,FALSE),-2)),SUMIFS(Dati!$B$2:$B$761,Dati!$A$2:$A$761,$H19,Dati!$H$2:$H$761,$AQ19)+SUMIFS(Dati!$I$2:$I$761,Dati!$H$2:$H$761,$H19,Dati!$A$2:$A$761,$AQ19),"-") | BN19: =IF(AND($H19<>"",$AR19<>"",$H19<>$AR19,IFERROR(VLOOKUP($H19,areaCercaPuntiClassificaSquadra,3,FALSE),-1)=IFERROR(VLOOKUP($AR19,areaCercaPuntiClassificaSquadra,3,FALSE),-2)),SUMIFS(Dati!$B$2:$B$761,Dati!$A$2:$A$761,$H19,Dati!$H$2:$H$761,$AR19)+SUMIFS(Dati!$I$2:$I$761,Dati!$H$2:$H$761,$H19,Dati!$A$2:$A$761,$AR19),"-") | BP19: =$C19 | BQ19: =IF(AND($H19<>"",$Y19<>"",$H19<>$Y19,IFERROR(VLOOKUP($H19,areaCercaPuntiClassificaSquadra,3,FALSE),-1)=IFERROR(VLOOKUP($Y19,areaCercaPuntiClassificaSquadra,3,FALSE),-2)),SUMIFS(Dati!$D$2:$D$761,Dati!$A$2:$A$761,$H19,Dati!$H$2:$H$761,$Y19)+SUMIFS(Dati!$K$2:$K$761,Dati!$H$2:$H$761,$H19,Dati!$A$2:$A$761,$Y19)+SUMIFS(Dati!$C$2:$C$761,Dati!$A$2:$A$761,$H19,Dati!$H$2:$H$761,$Y19)+SUMIFS(Dati!$J$2:$J$761,Dati!$H$2:$H$761,$H19,Dati!$A$2:$A$761,$Y19),"-") | BR19: =IF(AND($H19<>"",$Z19<>"",$H19<>$Z19,IFERROR(VLOOKUP($H19,areaCercaPuntiClassificaSquadra,3,FALSE),-1)=IFERROR(VLOOKUP($Z19,areaCercaPuntiClassificaSquadra,3,FALSE),-2)),SUMIFS(Dati!$D$2:$D$761,Dati!$A$2:$A$761,$H19,Dati!$H$2:$H$761,$Z19)+SUMIFS(Dati!$K$2:$K$761,Dati!$H$2:$H$761,$H19,Dati!$A$2:$A$761,$Z19)+SUMIFS(Dati!$C$2:$C$761,Dati!$A$2:$A$761,$H19,Dati!$H$2:$H$761,$Z19)+SUMIFS(Dati!$J$2:$J$761,Dati!$H$2:$H$761,$H19,Dati!$A$2:$A$761,$Z19),"-") | BS19: =IF(AND($H19<>"",$AA19<>"",$H19<>$AA19,IFERROR(VLOOKUP($H19,areaCercaPuntiClassificaSquadra,3,FALSE),-1)=IFERROR(VLOOKUP($AA19,areaCercaPuntiClassificaSquadra,3,FALSE),-2)),SUMIFS(Dati!$D$2:$D$761,Dati!$A$2:$A$761,$H19,Dati!$H$2:$H$761,$AA19)+SUMIFS(Dati!$K$2:$K$761,Dati!$H$2:$H$761,$H19,Dati!$A$2:$A$761,$AA19)+SUMIFS(Dati!$C$2:$C$761,Dati!$A$2:$A$761,$H19,Dati!$H$2:$H$761,$AA19)+SUMIFS(Dati!$J$2:$J$761,Dati!$H$2:$H$761,$H19,Dati!$A$2:$A$761,$AA19),"-") | BT19: =IF(AND($H19<>"",$AB19<>"",$H19<>$AB19,IFERROR(VLOOKUP($H19,areaCercaPuntiClassificaSquadra,3,FALSE),-1)=IFERROR(VLOOKUP($AB19,areaCercaPuntiClassificaSquadra,3,FALSE),-2)),SUMIFS(Dati!$D$2:$D$761,Dati!$A$2:$A$761,$H19,Dati!$H$2:$H$761,$AB19)+SUMIFS(Dati!$K$2:$K$761,Dati!$H$2:$H$761,$H19,Dati!$A$2:$A$761,$AB19)+SUMIFS(Dati!$C$2:$C$761,Dati!$A$2:$A$761,$H19,Dati!$H$2:$H$761,$AB19)+SUMIFS(Dati!$J$2:$J$761,Dati!$H$2:$H$761,$H19,Dati!$A$2:$A$761,$AB19),"-") | BU19: =IF(AND($H19<>"",$AC19<>"",$H19<>$AC19,IFERROR(VLOOKUP($H19,areaCercaPuntiClassificaSquadra,3,FALSE),-1)=IFERROR(VLOOKUP($AC19,areaCercaPuntiClassificaSquadra,3,FALSE),-2)),SUMIFS(Dati!$D$2:$D$761,Dati!$A$2:$A$761,$H19,Dati!$H$2:$H$761,$AC19)+SUMIFS(Dati!$K$2:$K$761,Dati!$H$2:$H$761,$H19,Dati!$A$2:$A$761,$AC19)+SUMIFS(Dati!$C$2:$C$761,Dati!$A$2:$A$761,$H19,Dati!$H$2:$H$761,$AC19)+SUMIFS(Dati!$J$2:$J$761,Dati!$H$2:$H$761,$H19,Dati!$A$2:$A$761,$AC19),"-") | BV19: =IF(AND($H19<>"",$AD19<>"",$H19<>$AD19,IFERROR(VLOOKUP($H19,areaCercaPuntiClassificaSquadra,3,FALSE),-1)=IFERROR(VLOOKUP($AD19,areaCercaPuntiClassificaSquadra,3,FALSE),-2)),SUMIFS(Dati!$D$2:$D$761,Dati!$A$2:$A$761,$H19,Dati!$H$2:$H$761,$AD19)+SUMIFS(Dati!$K$2:$K$761,Dati!$H$2:$H$761,$H19,Dati!$A$2:$A$761,$AD19)+SUMIFS(Dati!$C$2:$C$761,Dati!$A$2:$A$761,$H19,Dati!$H$2:$H$761,$AD19)+SUMIFS(Dati!$J$2:$J$761,Dati!$H$2:$H$761,$H19,Dati!$A$2:$A$761,$AD19),"-") | BW19: =IF(AND($H19<>"",$AE19<>"",$H19<>$AE19,IFERROR(VLOOKUP($H19,areaCercaPuntiClassificaSquadra,3,FALSE),-1)=IFERROR(VLOOKUP($AE19,areaCercaPuntiClassificaSquadra,3,FALSE),-2)),SUMIFS(Dati!$D$2:$D$761,Dati!$A$2:$A$761,$H19,Dati!$H$2:$H$761,$AE19)+SUMIFS(Dati!$K$2:$K$761,Dati!$H$2:$H$761,$H19,Dati!$A$2:$A$761,$AE19)+SUMIFS(Dati!$C$2:$C$761,Dati!$A$2:$A$761,$H19,Dati!$H$2:$H$761,$AE19)+SUMIFS(Dati!$J$2:$J$761,Dati!$H$2:$H$761,$H19,Dati!$A$2:$A$761,$AE19),"-") | BX19: =IF(AND($H19<>"",$AF19<>"",$H19<>$AF19,IFERROR(VLOOKUP($H19,areaCercaPuntiClassificaSquadra,3,FALSE),-1)=IFERROR(VLOOKUP($AF19,areaCercaPuntiClassificaSquadra,3,FALSE),-2)),SUMIFS(Dati!$D$2:$D$761,Dati!$A$2:$A$761,$H19,Dati!$H$2:$H$761,$AF19)+SUMIFS(Dati!$K$2:$K$761,Dati!$H$2:$H$761,$H19,Dati!$A$2:$A$761,$AF19)+SUMIFS(Dati!$C$2:$C$761,Dati!$A$2:$A$761,$H19,Dati!$H$2:$H$761,$AF19)+SUMIFS(Dati!$J$2:$J$761,Dati!$H$2:$H$761,$H19,Dati!$A$2:$A$761,$AF19),"-") | BY19: =IF(AND($H19<>"",$AG19<>"",$H19<>$AG19,IFERROR(VLOOKUP($H19,areaCercaPuntiClassificaSquadra,3,FALSE),-1)=IFERROR(VLOOKUP($AG19,areaCercaPuntiClassificaSquadra,3,FALSE),-2)),SUMIFS(Dati!$D$2:$D$761,Dati!$A$2:$A$761,$H19,Dati!$H$2:$H$761,$AG19)+SUMIFS(Dati!$K$2:$K$761,Dati!$H$2:$H$761,$H19,Dati!$A$2:$A$761,$AG19)+SUMIFS(Dati!$C$2:$C$761,Dati!$A$2:$A$761,$H19,Dati!$H$2:$H$761,$AG19)+SUMIFS(Dati!$J$2:$J$761,Dati!$H$2:$H$761,$H19,Dati!$A$2:$A$761,$AG19),"-") | BZ19: =IF(AND($H19<>"",$AH19<>"",$H19<>$AH19,IFERROR(VLOOKUP($H19,areaCercaPuntiClassificaSquadra,3,FALSE),-1)=IFERROR(VLOOKUP($AH19,areaCercaPuntiClassificaSquadra,3,FALSE),-2)),SUMIFS(Dati!$D$2:$D$761,Dati!$A$2:$A$761,$H19,Dati!$H$2:$H$761,$AH19)+SUMIFS(Dati!$K$2:$K$761,Dati!$H$2:$H$761,$H19,Dati!$A$2:$A$761,$AH19)+SUMIFS(Dati!$C$2:$C$761,Dati!$A$2:$A$761,$H19,Dati!$H$2:$H$761,$AH19)+SUMIFS(Dati!$J$2:$J$761,Dati!$H$2:$H$761,$H19,Dati!$A$2:$A$761,$AH19),"-") | CA19: =IF(AND($H19<>"",$AI19<>"",$H19<>$AI19,IFERROR(VLOOKUP($H19,areaCercaPuntiClassificaSquadra,3,FALSE),-1)=IFERROR(VLOOKUP($AI19,areaCercaPuntiClassificaSquadra,3,FALSE),-2)),SUMIFS(Dati!$D$2:$D$761,Dati!$A$2:$A$761,$H19,Dati!$H$2:$H$761,$AI19)+SUMIFS(Dati!$K$2:$K$761,Dati!$H$2:$H$761,$H19,Dati!$A$2:$A$761,$AI19)+SUMIFS(Dati!$C$2:$C$761,Dati!$A$2:$A$761,$H19,Dati!$H$2:$H$761,$AI19)+SUMIFS(Dati!$J$2:$J$761,Dati!$H$2:$H$761,$H19,Dati!$A$2:$A$761,$AI19),"-") | CB19: =IF(AND($H19<>"",$AJ19<>"",$H19<>$AJ19,IFERROR(VLOOKUP($H19,areaCercaPuntiClassificaSquadra,3,FALSE),-1)=IFERROR(VLOOKUP($AJ19,areaCercaPuntiClassificaSquadra,3,FALSE),-2)),SUMIFS(Dati!$D$2:$D$761,Dati!$A$2:$A$761,$H19,Dati!$H$2:$H$761,$AJ19)+SUMIFS(Dati!$K$2:$K$761,Dati!$H$2:$H$761,$H19,Dati!$A$2:$A$761,$AJ19)+SUMIFS(Dati!$C$2:$C$761,Dati!$A$2:$A$761,$H19,Dati!$H$2:$H$761,$AJ19)+SUMIFS(Dati!$J$2:$J$761,Dati!$H$2:$H$761,$H19,Dati!$A$2:$A$761,$AJ19),"-") | CC19: =IF(AND($H19<>"",$AK19<>"",$H19<>$AK19,IFERROR(VLOOKUP($H19,areaCercaPuntiClassificaSquadra,3,FALSE),-1)=IFERROR(VLOOKUP($AK19,areaCercaPuntiClassificaSquadra,3,FALSE),-2)),SUMIFS(Dati!$D$2:$D$761,Dati!$A$2:$A$761,$H19,Dati!$H$2:$H$761,$AK19)+SUMIFS(Dati!$K$2:$K$761,Dati!$H$2:$H$761,$H19,Dati!$A$2:$A$761,$AK19)+SUMIFS(Dati!$C$2:$C$761,Dati!$A$2:$A$761,$H19,Dati!$H$2:$H$761,$AK19)+SUMIFS(Dati!$J$2:$J$761,Dati!$H$2:$H$761,$H19,Dati!$A$2:$A$761,$AK19),"-") | CD19: =IF(AND($H19<>"",$AL19<>"",$H19<>$AL19,IFERROR(VLOOKUP($H19,areaCercaPuntiClassificaSquadra,3,FALSE),-1)=IFERROR(VLOOKUP($AL19,areaCercaPuntiClassificaSquadra,3,FALSE),-2)),SUMIFS(Dati!$D$2:$D$761,Dati!$A$2:$A$761,$H19,Dati!$H$2:$H$761,$AL19)+SUMIFS(Dati!$K$2:$K$761,Dati!$H$2:$H$761,$H19,Dati!$A$2:$A$761,$AL19)+SUMIFS(Dati!$C$2:$C$761,Dati!$A$2:$A$761,$H19,Dati!$H$2:$H$761,$AL19)+SUMIFS(Dati!$J$2:$J$761,Dati!$H$2:$H$761,$H19,Dati!$A$2:$A$761,$AL19),"-") | CE19: =IF(AND($H19<>"",$AM19<>"",$H19<>$AM19,IFERROR(VLOOKUP($H19,areaCercaPuntiClassificaSquadra,3,FALSE),-1)=IFERROR(VLOOKUP($AM19,areaCercaPuntiClassificaSquadra,3,FALSE),-2)),SUMIFS(Dati!$D$2:$D$761,Dati!$A$2:$A$761,$H19,Dati!$H$2:$H$761,$AM19)+SUMIFS(Dati!$K$2:$K$761,Dati!$H$2:$H$761,$H19,Dati!$A$2:$A$761,$AM19)+SUMIFS(Dati!$C$2:$C$761,Dati!$A$2:$A$761,$H19,Dati!$H$2:$H$761,$AM19)+SUMIFS(Dati!$J$2:$J$761,Dati!$H$2:$H$761,$H19,Dati!$A$2:$A$761,$AM19),"-") | CF19: =IF(AND($H19<>"",$AN19<>"",$H19<>$AN19,IFERROR(VLOOKUP($H19,areaCercaPuntiClassificaSquadra,3,FALSE),-1)=IFERROR(VLOOKUP($AN19,areaCercaPuntiClassificaSquadra,3,FALSE),-2)),SUMIFS(Dati!$D$2:$D$761,Dati!$A$2:$A$761,$H19,Dati!$H$2:$H$761,$AN19)+SUMIFS(Dati!$K$2:$K$761,Dati!$H$2:$H$761,$H19,Dati!$A$2:$A$761,$AN19)+SUMIFS(Dati!$C$2:$C$761,Dati!$A$2:$A$761,$H19,Dati!$H$2:$H$761,$AN19)+SUMIFS(Dati!$J$2:$J$761,Dati!$H$2:$H$761,$H19,Dati!$A$2:$A$761,$AN19),"-") | CG19: =IF(AND($H19<>"",$AO19<>"",$H19<>$AO19,IFERROR(VLOOKUP($H19,areaCercaPuntiClassificaSquadra,3,FALSE),-1)=IFERROR(VLOOKUP($AO19,areaCercaPuntiClassificaSquadra,3,FALSE),-2)),SUMIFS(Dati!$D$2:$D$761,Dati!$A$2:$A$761,$H19,Dati!$H$2:$H$761,$AO19)+SUMIFS(Dati!$K$2:$K$761,Dati!$H$2:$H$761,$H19,Dati!$A$2:$A$761,$AO19)+SUMIFS(Dati!$C$2:$C$761,Dati!$A$2:$A$761,$H19,Dati!$H$2:$H$761,$AO19)+SUMIFS(Dati!$J$2:$J$761,Dati!$H$2:$H$761,$H19,Dati!$A$2:$A$761,$AO19),"-") | CH19: =IF(AND($H19<>"",$AP19<>"",$H19<>$AP19,IFERROR(VLOOKUP($H19,areaCercaPuntiClassificaSquadra,3,FALSE),-1)=IFERROR(VLOOKUP($AP19,areaCercaPuntiClassificaSquadra,3,FALSE),-2)),SUMIFS(Dati!$D$2:$D$761,Dati!$A$2:$A$761,$H19,Dati!$H$2:$H$761,$AP19)+SUMIFS(Dati!$K$2:$K$761,Dati!$H$2:$H$761,$H19,Dati!$A$2:$A$761,$AP19)+SUMIFS(Dati!$C$2:$C$761,Dati!$A$2:$A$761,$H19,Dati!$H$2:$H$761,$AP19)+SUMIFS(Dati!$J$2:$J$761,Dati!$H$2:$H$761,$H19,Dati!$A$2:$A$761,$AP19),"-") | CI19: =IF(AND($H19<>"",$AQ19<>"",$H19<>$AQ19,IFERROR(VLOOKUP($H19,areaCercaPuntiClassificaSquadra,3,FALSE),-1)=IFERROR(VLOOKUP($AQ19,areaCercaPuntiClassificaSquadra,3,FALSE),-2)),SUMIFS(Dati!$D$2:$D$761,Dati!$A$2:$A$761,$H19,Dati!$H$2:$H$761,$AQ19)+SUMIFS(Dati!$K$2:$K$761,Dati!$H$2:$H$761,$H19,Dati!$A$2:$A$761,$AQ19)+SUMIFS(Dati!$C$2:$C$761,Dati!$A$2:$A$761,$H19,Dati!$H$2:$H$761,$AQ19)+SUMIFS(Dati!$J$2:$J$761,Dati!$H$2:$H$761,$H19,Dati!$A$2:$A$761,$AQ19),"-") | CJ19: =IF(AND($H19<>"",$AR19<>"",$H19<>$AR19,IFERROR(VLOOKUP($H19,areaCercaPuntiClassificaSquadra,3,FALSE),-1)=IFERROR(VLOOKUP($AR19,areaCercaPuntiClassificaSquadra,3,FALSE),-2)),SUMIFS(Dati!$D$2:$D$761,Dati!$A$2:$A$761,$H19,Dati!$H$2:$H$761,$AR19)+SUMIFS(Dati!$K$2:$K$761,Dati!$H$2:$H$761,$H19,Dati!$A$2:$A$761,$AR19)+SUMIFS(Dati!$C$2:$C$761,Dati!$A$2:$A$761,$H19,Dati!$H$2:$H$761,$AR19)+SUMIFS(Dati!$J$2:$J$761,Dati!$H$2:$H$761,$H19,Dati!$A$2:$A$761,$AR19),"-") | CL19: =$C19 | CM19: =IF(AND($H19<>"",$Y19<>"",$H19<>$Y19,IFERROR(VLOOKUP($H19,areaCercaPuntiClassificaSquadra,3,FALSE),-1)=IFERROR(VLOOKUP($Y19,areaCercaPuntiClassificaSquadra,3,FALSE),-2)),SUMIFS(Dati!$E$2:$E$761,Dati!$A$2:$A$761,$H19,Dati!$H$2:$H$761,$Y19)+SUMIFS(Dati!$L$2:$L$761,Dati!$H$2:$H$761,$H19,Dati!$A$2:$A$761,$Y19),"-") | CN19: =IF(AND($H19<>"",$Z19<>"",$H19<>$Z19,IFERROR(VLOOKUP($H19,areaCercaPuntiClassificaSquadra,3,FALSE),-1)=IFERROR(VLOOKUP($Z19,areaCercaPuntiClassificaSquadra,3,FALSE),-2)),SUMIFS(Dati!$E$2:$E$761,Dati!$A$2:$A$761,$H19,Dati!$H$2:$H$761,$Z19)+SUMIFS(Dati!$L$2:$L$761,Dati!$H$2:$H$761,$H19,Dati!$A$2:$A$761,$Z19),"-") | CO19: =IF(AND($H19<>"",$AA19<>"",$H19<>$AA19,IFERROR(VLOOKUP($H19,areaCercaPuntiClassificaSquadra,3,FALSE),-1)=IFERROR(VLOOKUP($AA19,areaCercaPuntiClassificaSquadra,3,FALSE),-2)),SUMIFS(Dati!$E$2:$E$761,Dati!$A$2:$A$761,$H19,Dati!$H$2:$H$761,$AA19)+SUMIFS(Dati!$L$2:$L$761,Dati!$H$2:$H$761,$H19,Dati!$A$2:$A$761,$AA19),"-") | CP19: =IF(AND($H19<>"",$AB19<>"",$H19<>$AB19,IFERROR(VLOOKUP($H19,areaCercaPuntiClassificaSquadra,3,FALSE),-1)=IFERROR(VLOOKUP($AB19,areaCercaPuntiClassificaSquadra,3,FALSE),-2)),SUMIFS(Dati!$E$2:$E$761,Dati!$A$2:$A$761,$H19,Dati!$H$2:$H$761,$AB19)+SUMIFS(Dati!$L$2:$L$761,Dati!$H$2:$H$761,$H19,Dati!$A$2:$A$761,$AB19),"-") | CQ19: =IF(AND($H19<>"",$AC19<>"",$H19<>$AC19,IFERROR(VLOOKUP($H19,areaCercaPuntiClassificaSquadra,3,FALSE),-1)=IFERROR(VLOOKUP($AC19,areaCercaPuntiClassificaSquadra,3,FALSE),-2)),SUMIFS(Dati!$E$2:$E$761,Dati!$A$2:$A$761,$H19,Dati!$H$2:$H$761,$AC19)+SUMIFS(Dati!$L$2:$L$761,Dati!$H$2:$H$761,$H19,Dati!$A$2:$A$761,$AC19),"-") | CR19: =IF(AND($H19<>"",$AD19<>"",$H19<>$AD19,IFERROR(VLOOKUP($H19,areaCercaPuntiClassificaSquadra,3,FALSE),-1)=IFERROR(VLOOKUP($AD19,areaCercaPuntiClassificaSquadra,3,FALSE),-2)),SUMIFS(Dati!$E$2:$E$761,Dati!$A$2:$A$761,$H19,Dati!$H$2:$H$761,$AD19)+SUMIFS(Dati!$L$2:$L$761,Dati!$H$2:$H$761,$H19,Dati!$A$2:$A$761,$AD19),"-") | CS19: =IF(AND($H19<>"",$AE19<>"",$H19<>$AE19,IFERROR(VLOOKUP($H19,areaCercaPuntiClassificaSquadra,3,FALSE),-1)=IFERROR(VLOOKUP($AE19,areaCercaPuntiClassificaSquadra,3,FALSE),-2)),SUMIFS(Dati!$E$2:$E$761,Dati!$A$2:$A$761,$H19,Dati!$H$2:$H$761,$AE19)+SUMIFS(Dati!$L$2:$L$761,Dati!$H$2:$H$761,$H19,Dati!$A$2:$A$761,$AE19),"-") | CT19: =IF(AND($H19<>"",$AF19<>"",$H19<>$AF19,IFERROR(VLOOKUP($H19,areaCercaPuntiClassificaSquadra,3,FALSE),-1)=IFERROR(VLOOKUP($AF19,areaCercaPuntiClassificaSquadra,3,FALSE),-2)),SUMIFS(Dati!$E$2:$E$761,Dati!$A$2:$A$761,$H19,Dati!$H$2:$H$761,$AF19)+SUMIFS(Dati!$L$2:$L$761,Dati!$H$2:$H$761,$H19,Dati!$A$2:$A$761,$AF19),"-") | CU19: =IF(AND($H19<>"",$AG19<>"",$H19<>$AG19,IFERROR(VLOOKUP($H19,areaCercaPuntiClassificaSquadra,3,FALSE),-1)=IFERROR(VLOOKUP($AG19,areaCercaPuntiClassificaSquadra,3,FALSE),-2)),SUMIFS(Dati!$E$2:$E$761,Dati!$A$2:$A$761,$H19,Dati!$H$2:$H$761,$AG19)+SUMIFS(Dati!$L$2:$L$761,Dati!$H$2:$H$761,$H19,Dati!$A$2:$A$761,$AG19),"-") | CV19: =IF(AND($H19<>"",$AH19<>"",$H19<>$AH19,IFERROR(VLOOKUP($H19,areaCercaPuntiClassificaSquadra,3,FALSE),-1)=IFERROR(VLOOKUP($AH19,areaCercaPuntiClassificaSquadra,3,FALSE),-2)),SUMIFS(Dati!$E$2:$E$761,Dati!$A$2:$A$761,$H19,Dati!$H$2:$H$761,$AH19)+SUMIFS(Dati!$L$2:$L$761,Dati!$H$2:$H$761,$H19,Dati!$A$2:$A$761,$AH19),"-") | CW19: =IF(AND($H19<>"",$AI19<>"",$H19<>$AI19,IFERROR(VLOOKUP($H19,areaCercaPuntiClassificaSquadra,3,FALSE),-1)=IFERROR(VLOOKUP($AI19,areaCercaPuntiClassificaSquadra,3,FALSE),-2)),SUMIFS(Dati!$E$2:$E$761,Dati!$A$2:$A$761,$H19,Dati!$H$2:$H$761,$AI19)+SUMIFS(Dati!$L$2:$L$761,Dati!$H$2:$H$761,$H19,Dati!$A$2:$A$761,$AI19),"-") | CX19: =IF(AND($H19<>"",$AJ19<>"",$H19<>$AJ19,IFERROR(VLOOKUP($H19,areaCercaPuntiClassificaSquadra,3,FALSE),-1)=IFERROR(VLOOKUP($AJ19,areaCercaPuntiClassificaSquadra,3,FALSE),-2)),SUMIFS(Dati!$E$2:$E$761,Dati!$A$2:$A$761,$H19,Dati!$H$2:$H$761,$AJ19)+SUMIFS(Dati!$L$2:$L$761,Dati!$H$2:$H$761,$H19,Dati!$A$2:$A$761,$AJ19),"-") | CY19: =IF(AND($H19<>"",$AK19<>"",$H19<>$AK19,IFERROR(VLOOKUP($H19,areaCercaPuntiClassificaSquadra,3,FALSE),-1)=IFERROR(VLOOKUP($AK19,areaCercaPuntiClassificaSquadra,3,FALSE),-2)),SUMIFS(Dati!$E$2:$E$761,Dati!$A$2:$A$761,$H19,Dati!$H$2:$H$761,$AK19)+SUMIFS(Dati!$L$2:$L$761,Dati!$H$2:$H$761,$H19,Dati!$A$2:$A$761,$AK19),"-") | CZ19: =IF(AND($H19<>"",$AL19<>"",$H19<>$AL19,IFERROR(VLOOKUP($H19,areaCercaPuntiClassificaSquadra,3,FALSE),-1)=IFERROR(VLOOKUP($AL19,areaCercaPuntiClassificaSquadra,3,FALSE),-2)),SUMIFS(Dati!$E$2:$E$761,Dati!$A$2:$A$761,$H19,Dati!$H$2:$H$761,$AL19)+SUMIFS(Dati!$L$2:$L$761,Dati!$H$2:$H$761,$H19,Dati!$A$2:$A$761,$AL19),"-") | DA19: =IF(AND($H19<>"",$AM19<>"",$H19<>$AM19,IFERROR(VLOOKUP($H19,areaCercaPuntiClassificaSquadra,3,FALSE),-1)=IFERROR(VLOOKUP($AM19,areaCercaPuntiClassificaSquadra,3,FALSE),-2)),SUMIFS(Dati!$E$2:$E$761,Dati!$A$2:$A$761,$H19,Dati!$H$2:$H$761,$AM19)+SUMIFS(Dati!$L$2:$L$761,Dati!$H$2:$H$761,$H19,Dati!$A$2:$A$761,$AM19),"-") | DB19: =IF(AND($H19<>"",$AN19<>"",$H19<>$AN19,IFERROR(VLOOKUP($H19,areaCercaPuntiClassificaSquadra,3,FALSE),-1)=IFERROR(VLOOKUP($AN19,areaCercaPuntiClassificaSquadra,3,FALSE),-2)),SUMIFS(Dati!$E$2:$E$761,Dati!$A$2:$A$761,$H19,Dati!$H$2:$H$761,$AN19)+SUMIFS(Dati!$L$2:$L$761,Dati!$H$2:$H$761,$H19,Dati!$A$2:$A$761,$AN19),"-") | DC19: =IF(AND($H19<>"",$AO19<>"",$H19<>$AO19,IFERROR(VLOOKUP($H19,areaCercaPuntiClassificaSquadra,3,FALSE),-1)=IFERROR(VLOOKUP($AO19,areaCercaPuntiClassificaSquadra,3,FALSE),-2)),SUMIFS(Dati!$E$2:$E$761,Dati!$A$2:$A$761,$H19,Dati!$H$2:$H$761,$AO19)+SUMIFS(Dati!$L$2:$L$761,Dati!$H$2:$H$761,$H19,Dati!$A$2:$A$761,$AO19),"-") | DD19: =IF(AND($H19<>"",$AP19<>"",$H19<>$AP19,IFERROR(VLOOKUP($H19,areaCercaPuntiClassificaSquadra,3,FALSE),-1)=IFERROR(VLOOKUP($AP19,areaCercaPuntiClassificaSquadra,3,FALSE),-2)),SUMIFS(Dati!$E$2:$E$761,Dati!$A$2:$A$761,$H19,Dati!$H$2:$H$761,$AP19)+SUMIFS(Dati!$L$2:$L$761,Dati!$H$2:$H$761,$H19,Dati!$A$2:$A$761,$AP19),"-") | DE19: =IF(AND($H19<>"",$AQ19<>"",$H19<>$AQ19,IFERROR(VLOOKUP($H19,areaCercaPuntiClassificaSquadra,3,FALSE),-1)=IFERROR(VLOOKUP($AQ19,areaCercaPuntiClassificaSquadra,3,FALSE),-2)),SUMIFS(Dati!$E$2:$E$761,Dati!$A$2:$A$761,$H19,Dati!$H$2:$H$761,$AQ19)+SUMIFS(Dati!$L$2:$L$761,Dati!$H$2:$H$761,$H19,Dati!$A$2:$A$761,$AQ19),"-") | DF19: =IF(AND($H19<>"",$AR19<>"",$H19<>$AR19,IFERROR(VLOOKUP($H19,areaCercaPuntiClassificaSquadra,3,FALSE),-1)=IFERROR(VLOOKUP($AR19,areaCercaPuntiClassificaSquadra,3,FALSE),-2)),SUMIFS(Dati!$E$2:$E$761,Dati!$A$2:$A$761,$H19,Dati!$H$2:$H$761,$AR19)+SUMIFS(Dati!$L$2:$L$761,Dati!$H$2:$H$761,$H19,Dati!$A$2:$A$761,$AR19),"-") | DH19: =$C19 | DI19: =IF(AND($H19<>"",$Y19<>"",$H19<>$Y19,IFERROR(VLOOKUP($H19,areaCercaPuntiClassificaSquadra,3,FALSE),-1)=IFERROR(VLOOKUP($Y19,areaCercaPuntiClassificaSquadra,3,FALSE),-2)),SUMIFS(Dati!$F$2:$F$761,Dati!$A$2:$A$761,$H19,Dati!$H$2:$H$761,$Y19)+SUMIFS(Dati!$M$2:$M$761,Dati!$H$2:$H$761,$H19,Dati!$A$2:$A$761,$Y19),"-") | DJ19: =IF(AND($H19<>"",$Z19<>"",$H19<>$Z19,IFERROR(VLOOKUP($H19,areaCercaPuntiClassificaSquadra,3,FALSE),-1)=IFERROR(VLOOKUP($Z19,areaCercaPuntiClassificaSquadra,3,FALSE),-2)),SUMIFS(Dati!$F$2:$F$761,Dati!$A$2:$A$761,$H19,Dati!$H$2:$H$761,$Z19)+SUMIFS(Dati!$M$2:$M$761,Dati!$H$2:$H$761,$H19,Dati!$A$2:$A$761,$Z19),"-") | DK19: =IF(AND($H19<>"",$AA19<>"",$H19<>$AA19,IFERROR(VLOOKUP($H19,areaCercaPuntiClassificaSquadra,3,FALSE),-1)=IFERROR(VLOOKUP($AA19,areaCercaPuntiClassificaSquadra,3,FALSE),-2)),SUMIFS(Dati!$F$2:$F$761,Dati!$A$2:$A$761,$H19,Dati!$H$2:$H$761,$AA19)+SUMIFS(Dati!$M$2:$M$761,Dati!$H$2:$H$761,$H19,Dati!$A$2:$A$761,$AA19),"-") | DL19: =IF(AND($H19<>"",$AB19<>"",$H19<>$AB19,IFERROR(VLOOKUP($H19,areaCercaPuntiClassificaSquadra,3,FALSE),-1)=IFERROR(VLOOKUP($AB19,areaCercaPuntiClassificaSquadra,3,FALSE),-2)),SUMIFS(Dati!$F$2:$F$761,Dati!$A$2:$A$761,$H19,Dati!$H$2:$H$761,$AB19)+SUMIFS(Dati!$M$2:$M$761,Dati!$H$2:$H$761,$H19,Dati!$A$2:$A$761,$AB19),"-") | DM19: =IF(AND($H19<>"",$AC19<>"",$H19<>$AC19,IFERROR(VLOOKUP($H19,areaCercaPuntiClassificaSquadra,3,FALSE),-1)=IFERROR(VLOOKUP($AC19,areaCercaPuntiClassificaSquadra,3,FALSE),-2)),SUMIFS(Dati!$F$2:$F$761,Dati!$A$2:$A$761,$H19,Dati!$H$2:$H$761,$AC19)+SUMIFS(Dati!$M$2:$M$761,Dati!$H$2:$H$761,$H19,Dati!$A$2:$A$761,$AC19),"-") | DN19: =IF(AND($H19<>"",$AD19<>"",$H19<>$AD19,IFERROR(VLOOKUP($H19,areaCercaPuntiClassificaSquadra,3,FALSE),-1)=IFERROR(VLOOKUP($AD19,areaCercaPuntiClassificaSquadra,3,FALSE),-2)),SUMIFS(Dati!$F$2:$F$761,Dati!$A$2:$A$761,$H19,Dati!$H$2:$H$761,$AD19)+SUMIFS(Dati!$M$2:$M$761,Dati!$H$2:$H$761,$H19,Dati!$A$2:$A$761,$AD19),"-") | DO19: =IF(AND($H19<>"",$AE19<>"",$H19<>$AE19,IFERROR(VLOOKUP($H19,areaCercaPuntiClassificaSquadra,3,FALSE),-1)=IFERROR(VLOOKUP($AE19,areaCercaPuntiClassificaSquadra,3,FALSE),-2)),SUMIFS(Dati!$F$2:$F$761,Dati!$A$2:$A$761,$H19,Dati!$H$2:$H$761,$AE19)+SUMIFS(Dati!$M$2:$M$761,Dati!$H$2:$H$761,$H19,Dati!$A$2:$A$761,$AE19),"-") | DP19: =IF(AND($H19<>"",$AF19<>"",$H19<>$AF19,IFERROR(VLOOKUP($H19,areaCercaPuntiClassificaSquadra,3,FALSE),-1)=IFERROR(VLOOKUP($AF19,areaCercaPuntiClassificaSquadra,3,FALSE),-2)),SUMIFS(Dati!$F$2:$F$761,Dati!$A$2:$A$761,$H19,Dati!$H$2:$H$761,$AF19)+SUMIFS(Dati!$M$2:$M$761,Dati!$H$2:$H$761,$H19,Dati!$A$2:$A$761,$AF19),"-") | DQ19: =IF(AND($H19<>"",$AG19<>"",$H19<>$AG19,IFERROR(VLOOKUP($H19,areaCercaPuntiClassificaSquadra,3,FALSE),-1)=IFERROR(VLOOKUP($AG19,areaCercaPuntiClassificaSquadra,3,FALSE),-2)),SUMIFS(Dati!$F$2:$F$761,Dati!$A$2:$A$761,$H19,Dati!$H$2:$H$761,$AG19)+SUMIFS(Dati!$M$2:$M$761,Dati!$H$2:$H$761,$H19,Dati!$A$2:$A$761,$AG19),"-") | DR19: =IF(AND($H19<>"",$AH19<>"",$H19<>$AH19,IFERROR(VLOOKUP($H19,areaCercaPuntiClassificaSquadra,3,FALSE),-1)=IFERROR(VLOOKUP($AH19,areaCercaPuntiClassificaSquadra,3,FALSE),-2)),SUMIFS(Dati!$F$2:$F$761,Dati!$A$2:$A$761,$H19,Dati!$H$2:$H$761,$AH19)+SUMIFS(Dati!$M$2:$M$761,Dati!$H$2:$H$761,$H19,Dati!$A$2:$A$761,$AH19),"-") | DS19: =IF(AND($H19<>"",$AI19<>"",$H19<>$AI19,IFERROR(VLOOKUP($H19,areaCercaPuntiClassificaSquadra,3,FALSE),-1)=IFERROR(VLOOKUP($AI19,areaCercaPuntiClassificaSquadra,3,FALSE),-2)),SUMIFS(Dati!$F$2:$F$761,Dati!$A$2:$A$761,$H19,Dati!$H$2:$H$761,$AI19)+SUMIFS(Dati!$M$2:$M$761,Dati!$H$2:$H$761,$H19,Dati!$A$2:$A$761,$AI19),"-") | DT19: =IF(AND($H19<>"",$AJ19<>"",$H19<>$AJ19,IFERROR(VLOOKUP($H19,areaCercaPuntiClassificaSquadra,3,FALSE),-1)=IFERROR(VLOOKUP($AJ19,areaCercaPuntiClassificaSquadra,3,FALSE),-2)),SUMIFS(Dati!$F$2:$F$761,Dati!$A$2:$A$761,$H19,Dati!$H$2:$H$761,$AJ19)+SUMIFS(Dati!$M$2:$M$761,Dati!$H$2:$H$761,$H19,Dati!$A$2:$A$761,$AJ19),"-") | DU19: =IF(AND($H19<>"",$AK19<>"",$H19<>$AK19,IFERROR(VLOOKUP($H19,areaCercaPuntiClassificaSquadra,3,FALSE),-1)=IFERROR(VLOOKUP($AK19,areaCercaPuntiClassificaSquadra,3,FALSE),-2)),SUMIFS(Dati!$F$2:$F$761,Dati!$A$2:$A$761,$H19,Dati!$H$2:$H$761,$AK19)+SUMIFS(Dati!$M$2:$M$761,Dati!$H$2:$H$761,$H19,Dati!$A$2:$A$761,$AK19),"-") | DV19: =IF(AND($H19<>"",$AL19<>"",$H19<>$AL19,IFERROR(VLOOKUP($H19,areaCercaPuntiClassificaSquadra,3,FALSE),-1)=IFERROR(VLOOKUP($AL19,areaCercaPuntiClassificaSquadra,3,FALSE),-2)),SUMIFS(Dati!$F$2:$F$761,Dati!$A$2:$A$761,$H19,Dati!$H$2:$H$761,$AL19)+SUMIFS(Dati!$M$2:$M$761,Dati!$H$2:$H$761,$H19,Dati!$A$2:$A$761,$AL19),"-") | DW19: =IF(AND($H19<>"",$AM19<>"",$H19<>$AM19,IFERROR(VLOOKUP($H19,areaCercaPuntiClassificaSquadra,3,FALSE),-1)=IFERROR(VLOOKUP($AM19,areaCercaPuntiClassificaSquadra,3,FALSE),-2)),SUMIFS(Dati!$F$2:$F$761,Dati!$A$2:$A$761,$H19,Dati!$H$2:$H$761,$AM19)+SUMIFS(Dati!$M$2:$M$761,Dati!$H$2:$H$761,$H19,Dati!$A$2:$A$761,$AM19),"-") | DX19: =IF(AND($H19<>"",$AN19<>"",$H19<>$AN19,IFERROR(VLOOKUP($H19,areaCercaPuntiClassificaSquadra,3,FALSE),-1)=IFERROR(VLOOKUP($AN19,areaCercaPuntiClassificaSquadra,3,FALSE),-2)),SUMIFS(Dati!$F$2:$F$761,Dati!$A$2:$A$761,$H19,Dati!$H$2:$H$761,$AN19)+SUMIFS(Dati!$M$2:$M$761,Dati!$H$2:$H$761,$H19,Dati!$A$2:$A$761,$AN19),"-") | DY19: =IF(AND($H19<>"",$AO19<>"",$H19<>$AO19,IFERROR(VLOOKUP($H19,areaCercaPuntiClassificaSquadra,3,FALSE),-1)=IFERROR(VLOOKUP($AO19,areaCercaPuntiClassificaSquadra,3,FALSE),-2)),SUMIFS(Dati!$F$2:$F$761,Dati!$A$2:$A$761,$H19,Dati!$H$2:$H$761,$AO19)+SUMIFS(Dati!$M$2:$M$761,Dati!$H$2:$H$761,$H19,Dati!$A$2:$A$761,$AO19),"-") | DZ19: =IF(AND($H19<>"",$AP19<>"",$H19<>$AP19,IFERROR(VLOOKUP($H19,areaCercaPuntiClassificaSquadra,3,FALSE),-1)=IFERROR(VLOOKUP($AP19,areaCercaPuntiClassificaSquadra,3,FALSE),-2)),SUMIFS(Dati!$F$2:$F$761,Dati!$A$2:$A$761,$H19,Dati!$H$2:$H$761,$AP19)+SUMIFS(Dati!$M$2:$M$761,Dati!$H$2:$H$761,$H19,Dati!$A$2:$A$761,$AP19),"-") | EA19: =IF(AND($H19<>"",$AQ19<>"",$H19<>$AQ19,IFERROR(VLOOKUP($H19,areaCercaPuntiClassificaSquadra,3,FALSE),-1)=IFERROR(VLOOKUP($AQ19,areaCercaPuntiClassificaSquadra,3,FALSE),-2)),SUMIFS(Dati!$F$2:$F$761,Dati!$A$2:$A$761,$H19,Dati!$H$2:$H$761,$AQ19)+SUMIFS(Dati!$M$2:$M$761,Dati!$H$2:$H$761,$H19,Dati!$A$2:$A$761,$AQ19),"-") | EB19: =IF(AND($H19<>"",$AR19<>"",$H19<>$AR19,IFERROR(VLOOKUP($H19,areaCercaPuntiClassificaSquadra,3,FALSE),-1)=IFERROR(VLOOKUP($AR19,areaCercaPuntiClassificaSquadra,3,FALSE),-2)),SUMIFS(Dati!$F$2:$F$761,Dati!$A$2:$A$761,$H19,Dati!$H$2:$H$761,$AR19)+SUMIFS(Dati!$M$2:$M$761,Dati!$H$2:$H$761,$H19,Dati!$A$2:$A$761,$AR19),"-") | ED19: =IF($C19="","",SUM(AU19:BN19))
