Workbook

Sheet Campionato
A1: PARAMETRI | B1: Campionato | D1: Campionato Baskin Demo - ESEMPIO COMPILATO 64 Squadre | G1: Posizione | H1: Squadra | I1: Coefficiente | J1: Punti Classifica | K1: Partite Giocate | L1: Partite Vinte | M1: Partite Perse | N1: Partite Forfait | O1: Punti Fatti | P1: Punti Subiti | Q1: Differenza Punti | R1: Media Punti Fatti | S1: Media Punti Subiti | T1: Media Differenza Punti | U1: Record Scontri Diretti | V1: Quoziente Canestri Scontri Diretti | W1: Quoziente Canestri Totale | X1: Squadra | Y1: Vittorie Scontri Diretti | AG1: Squadra | AH1: Sconfitte & Forfait Scontri Diretti | AP1: Squadra | AQ1: Punti Fatti Scontri Diretti | AY1: Squadra | AZ1: Punti Subiti Scontri Diretti
B2: Link Logo 1
B3: Link Logo 2
B4: Gironi | D4: A-H
B5: Stagione | D5: 2026/2027
B6: Punti vittoria | D6: 3
B7: Punti sconfitta | D7: 1
B8: Punti forfait | D8: 0
B9: Punteggio forfait (vincente-perdente, separati da "-") | D9: 40-0
A11: SQUADRE | B11: # | C11: Squadra | D11: Eventuali Punti di Penalizzazione | E11: Girone | X11: Squadra | Y11: 1^ | Z11: 2^ | AA11: 3^ | AB11: 4^ | AC11: 5^ | AD11: 6^ | AE11: 7^ | AF11: 8^ | AG11: Squadra | AH11: 1^ | AI11: 2^ | AJ11: 3^ | AK11: 4^ | AL11: 5^ | AM11: 6^ | AN11: 7^ | AO11: 8^ | AP11: Squadra | AQ11: 1^ | AR11: 2^ | AS11: 3^ | AT11: 4^ | AU11: 5^ | AV11: 6^ | AW11: 7^ | AX11: 8^ | AY11: Squadra | AZ11: 1^ | BA11: 2^ | BB11: 3^ | BC11: 4^ | BD11: 5^ | BE11: 6^ | BF11: 7^ | BG11: 8^
B12: A01 | C12: Anaconde Arrabbiate-Anacondeopoli AE | E12: A | G12: =IF($C12="","",$E12&(COUNTIFS(I$12:I$75,">"&I12,E$12:E$75,"="&E12,C$12:C$75,"<>")+COUNTIFS(I$12:I$75,"="&I12,H$12:H$75,"<="&H12,E$12:E$75,"="&E12,C$12:C$75,"<>"))) -> A1 | H12: =IF($C12="","",IFERROR(LEFT($C12,FIND("-",$C12)-1),$C12)) -> Anaconde Arrabbiate | I12: =TEXT(1000000000+J12,"|0000000000|")&TEXT(SUM(Y12:AF12),"0000000000|")&IF(SUM(AZ12:BG12)=0,"0000000000|",TEXT(ROUND(SUM(AQ12:AX12)/SUM(AZ12:BG12),4)*100000,"0000000000|"))&IF(P12=0,"0000000000|",TEXT(ROUND(O12/P12,4)*100000,"0000000000|")) -> |1000000021|0000000000|0000000000|0000135660| | J12: =L12*constPuntiVittoria+M12*constPuntiSconfitta+N12*constPuntiForfait+IF(D12="",0,D12) -> 21 | K12: =SUM(L12:N12) -> 7 | L12: =IF($H12="",0,SUMIF('Calendario A'!$M$8:$M$110,$H12,'Calendario A'!$N$8:$N$110)+SUMIF('Calendario A'!$T$8:$T$110,$H12,'Calendario A'!$U$8:$U$110)) -> 7 | M12: =IF($H12="",0,SUMIF('Calendario A'!$M$8:$M$110,$H12,'Calendario A'!$P$8:$P$110)+SUMIF('Calendario A'!$T$8:$T$110,$H12,'Calendario A'!$W$8:$W$110)) -> 0 | N12: =IF($H12="",0,SUMIF('Calendario A'!$M$8:$M$110,$H12,'Calendario A'!$O$8:$O$110)+SUMIF('Calendario A'!$T$8:$T$110,$H12,'Calendario A'!$V$8:$V$110)) -> 0 | O12: =IF($H12="",0,SUMIF('Calendario A'!$M$8:$M$110,$H12,'Calendario A'!$Q$8:$Q$110)+SUMIF('Calendario A'!$T$8:$T$110,$H12,'Calendario A'!$X$8:$X$110)) -> 506 | P12: =IF($H12="",0,SUMIF('Calendario A'!$M$8:$M$110,$H12,'Calendario A'!$R$8:$R$110)+SUMIF('Calendario A'!$T$8:$T$110,$H12,'Calendario A'!$Y$8:$Y$110)) -> 373 | Q12: =IF($H12="",0,SUMIF('Calendario A'!$M$8:$M$110,$H12,'Calendario A'!$S$8:$S$110)+SUMIF('Calendario A'!$T$8:$T$110,$H12,'Calendario A'!$Z$8:$Z$110)) -> 133 | R12: =IF(K12=0,0,ROUND(O12/K12,2)) -> 72.29 | S12: =IF(K12=0,0,ROUND(P12/K12,2)) -> 53.29 | T12: =IF(K12=0,0,ROUND(Q12/K12,2)) -> 19 | U12: =IF(COUNT(Y12:AF12)=0,"-",SUM(Y12:AF12)&"-"&SUM(AH12:AO12)) -> - | V12: =IF(COUNT(Y12:AF12)=0,"-",IF(SUM(AZ12:BG12)=0,TEXT(0,"0.0000"),TEXT(ROUND(SUM(AQ12:AX12)/SUM(AZ12:BG12),4),"0.0000"))) -> - | W12: =IF(H12="","-",IF(P12=0,TEXT(0,"0.0000"),TEXT(ROUND(O12/P12,4),"0.0000"))) -> 1.3566 | X12: =$C12 -> Anaconde Arrabbiate-Anacondeopoli AE | Y12: =IF(AND($H12<>"",$H$12<>"",$H12<>$H$12,IFERROR(VLOOKUP($H12,areaCercaPuntiClassificaSquadra,3,FALSE()),-1)=IFERROR(VLOOKUP($H$12,areaCercaPuntiClassificaSquadra,3,FALSE()),-2)),SUMIFS('Calendario A'!$N$8:$N$110,'Calendario A'!$M$8:$M$110,$H12,'Calendario A'!$T$8:$T$110,$H$12)+SUMIFS('Calendario A'!$U$8:$U$110,'Calendario A'!$T$8:$T$110,$H12,'Calendario A'!$M$8:$M$110,$H$12),"-") -> - | Z12: =IF(AND($H12<>"",$H$13<>"",$H12<>$H$13,IFERROR(VLOOKUP($H12,areaCercaPuntiClassificaSquadra,3,FALSE()),-1)=IFERROR(VLOOKUP($H$13,areaCercaPuntiClassificaSquadra,3,FALSE()),-2)),SUMIFS('Calendario A'!$N$8:$N$110,'Calendario A'!$M$8:$M$110,$H12,'Calendario A'!$T$8:$T$110,$H$13)+SUMIFS('Calendario A'!$U$8:$U$110,'Calendario A'!$T$8:$T$110,$H12,'Calendario A'!$M$8:$M$110,$H$13),"-") -> - | AA12: =IF(AND($H12<>"",$H$14<>"",$H12<>$H$14,IFERROR(VLOOKUP($H12,areaCercaPuntiClassificaSquadra,3,FALSE()),-1)=IFERROR(VLOOKUP($H$14,areaCercaPuntiClassificaSquadra,3,FALSE()),-2)),SUMIFS('Calendario A'!$N$8:$N$110,'Calendario A'!$M$8:$M$110,$H12,'Calendario A'!$T$8:$T$110,$H$14)+SUMIFS('Calendario A'!$U$8:$U$110,'Calendario A'!$T$8:$T$110,$H12,'Calendario A'!$M$8:$M$110,$H$14),"-") -> - | AB12: =IF(AND($H12<>"",$H$15<>"",$H12<>$H$15,IFERROR(VLOOKUP($H12,areaCercaPuntiClassificaSquadra,3,FALSE()),-1)=IFERROR(VLOOKUP($H$15,areaCercaPuntiClassificaSquadra,3,FALSE()),-2)),SUMIFS('Calendario A'!$N$8:$N$110,'Calendario A'!$M$8:$M$110,$H12,'Calendario A'!$T$8:$T$110,$H$15)+SUMIFS('Calendario A'!$U$8:$U$110,'Calendario A'!$T$8:$T$110,$H12,'Calendario A'!$M$8:$M$110,$H$15),"-") -> - | AC12: =IF(AND($H12<>"",$H$16<>"",$H12<>$H$16,IFERROR(VLOOKUP($H12,areaCercaPuntiClassificaSquadra,3,FALSE()),-1)=IFERROR(VLOOKUP($H$16,areaCercaPuntiClassificaSquadra,3,FALSE()),-2)),SUMIFS('Calendario A'!$N$8:$N$110,'Calendario A'!$M$8:$M$110,$H12,'Calendario A'!$T$8:$T$110,$H$16)+SUMIFS('Calendario A'!$U$8:$U$110,'Calendario A'!$T$8:$T$110,$H12,'Calendario A'!$M$8:$M$110,$H$16),"-") -> - | AD12: =IF(AND($H12<>"",$H$17<>"",$H12<>$H$17,IFERROR(VLOOKUP($H12,areaCercaPuntiClassificaSquadra,3,FALSE()),-1)=IFERROR(VLOOKUP($H$17,areaCercaPuntiClassificaSquadra,3,FALSE()),-2)),SUMIFS('Calendario A'!$N$8:$N$110,'Calendario A'!$M$8:$M$110,$H12,'Calendario A'!$T$8:$T$110,$H$17)+SUMIFS('Calendario A'!$U$8:$U$110,'Calendario A'!$T$8:$T$110,$H12,'Calendario A'!$M$8:$M$110,$H$17),"-") -> - | AE12: =IF(AND($H12<>"",$H$18<>"",$H12<>$H$18,IFERROR(VLOOKUP($H12,areaCercaPuntiClassificaSquadra,3,FALSE()),-1)=IFERROR(VLOOKUP($H$18,areaCercaPuntiClassificaSquadra,3,FALSE()),-2)),SUMIFS('Calendario A'!$N$8:$N$110,'Calendario A'!$M$8:$M$110,$H12,'Calendario A'!$T$8:$T$110,$H$18)+SUMIFS('Calendario A'!$U$8:$U$110,'Calendario A'!$T$8:$T$110,$H12,'Calendario A'!$M$8:$M$110,$H$18),"-") -> - | AF12: =IF(AND($H12<>"",$H$19<>"",$H12<>$H$19,IFERROR(VLOOKUP($H12,areaCercaPuntiClassificaSquadra,3,FALSE()),-1)=IFERROR(VLOOKUP($H$19,areaCercaPuntiClassificaSquadra,3,FALSE()),-2)),SUMIFS('Calendario A'!$N$8:$N$110,'Calendario A'!$M$8:$M$110,$H12,'Calendario A'!$T$8:$T$110,$H$19)+SUMIFS('Calendario A'!$U$8:$U$110,'Calendario A'!$T$8:$T$110,$H12,'Calendario A'!$M$8:$M$110,$H$19),"-") -> - | AG12: =$C12 -> Anaconde Arrabbiate-Anacondeopoli AE | AH12: =IF(AND($H12<>"",$H$12<>"",$H12<>$H$12,IFERROR(VLOOKUP($H12,areaCercaPuntiClassificaSquadra,3,FALSE()),-1)=IFERROR(VLOOKUP($H$12,areaCercaPuntiClassificaSquadra,3,FALSE()),-2)),SUMIFS('Calendario A'!$P$8:$P$110,'Calendario A'!$M$8:$M$110,$H12,'Calendario A'!$T$8:$T$110,$H$12)+SUMIFS('Calendario A'!$W$8:$W$110,'Calendario A'!$T$8:$T$110,$H12,'Calendario A'!$M$8:$M$110,$H$12)+SUMIFS('Calendario A'!$O$8:$O$110,'Calendario A'!$M$8:$M$110,$H12,'Calendario A'!$T$8:$T$110,$H$12)+SUMIFS('Calendario A'!$V$8:$V$110,'Calendario A'!$T$8:$T$110,$H12,'Calendario A'!$M$8:$M$110,$H$12),"-") -> - | AI12: =IF(AND($H12<>"",$H$13<>"",$H12<>$H$13,IFERROR(VLOOKUP($H12,areaCercaPuntiClassificaSquadra,3,FALSE()),-1)=IFERROR(VLOOKUP($H$13,areaCercaPuntiClassificaSquadra,3,FALSE()),-2)),SUMIFS('Calendario A'!$P$8:$P$110,'Calendario A'!$M$8:$M$110,$H12,'Calendario A'!$T$8:$T$110,$H$13)+SUMIFS('Calendario A'!$W$8:$W$110,'Calendario A'!$T$8:$T$110,$H12,'Calendario A'!$M$8:$M$110,$H$13)+SUMIFS('Calendario A'!$O$8:$O$110,'Calendario A'!$M$8:$M$110,$H12,'Calendario A'!$T$8:$T$110,$H$13)+SUMIFS('Calendario A'!$V$8:$V$110,'Calendario A'!$T$8:$T$110,$H12,'Calendario A'!$M$8:$M$110,$H$13),"-") -> - | AJ12: =IF(AND($H12<>"",$H$14<>"",$H12<>$H$14,IFERROR(VLOOKUP($H12,areaCercaPuntiClassificaSquadra,3,FALSE()),-1)=IFERROR(VLOOKUP($H$14,areaCercaPuntiClassificaSquadra,3,FALSE()),-2)),SUMIFS('Calendario A'!$P$8:$P$110,'Calendario A'!$M$8:$M$110,$H12,'Calendario A'!$T$8:$T$110,$H$14)+SUMIFS('Calendario A'!$W$8:$W$110,'Calendario A'!$T$8:$T$110,$H12,'Calendario A'!$M$8:$M$110,$H$14)+SUMIFS('Calendario A'!$O$8:$O$110,'Calendario A'!$M$8:$M$110,$H12,'Calendario A'!$T$8:$T$110,$H$14)+SUMIFS('Calendario A'!$V$8:$V$110,'Calendario A'!$T$8:$T$110,$H12,'Calendario A'!$M$8:$M$110,$H$14),"-") -> - | AK12: =IF(AND($H12<>"",$H$15<>"",$H12<>$H$15,IFERROR(VLOOKUP($H12,areaCercaPuntiClassificaSquadra,3,FALSE()),-1)=IFERROR(VLOOKUP($H$15,areaCercaPuntiClassificaSquadra,3,FALSE()),-2)),SUMIFS('Calendario A'!$P$8:$P$110,'Calendario A'!$M$8:$M$110,$H12,'Calendario A'!$T$8:$T$110,$H$15)+SUMIFS('Calendario A'!$W$8:$W$110,'Calendario A'!$T$8:$T$110,$H12,'Calendario A'!$M$8:$M$110,$H$15)+SUMIFS('Calendario A'!$O$8:$O$110,'Calendario A'!$M$8:$M$110,$H12,'Calendario A'!$T$8:$T$110,$H$15)+SUMIFS('Calendario A'!$V$8:$V$110,'Calendario A'!$T$8:$T$110,$H12,'Calendario A'!$M$8:$M$110,$H$15),"-") -> - | AL12: =IF(AND($H12<>"",$H$16<>"",$H12<>$H$16,IFERROR(VLOOKUP($H12,areaCercaPuntiClassificaSquadra,3,FALSE()),-1)=IFERROR(VLOOKUP($H$16,areaCercaPuntiClassificaSquadra,3,FALSE()),-2)),SUMIFS('Calendario A'!$P$8:$P$110,'Calendario A'!$M$8:$M$110,$H12,'Calendario A'!$T$8:$T$110,$H$16)+SUMIFS('Calendario A'!$W$8:$W$110,'Calendario A'!$T$8:$T$110,$H12,'Calendario A'!$M$8:$M$110,$H$16)+SUMIFS('Calendario A'!$O$8:$O$110,'Calendario A'!$M$8:$M$110,$H12,'Calendario A'!$T$8:$T$110,$H$16)+SUMIFS('Calendario A'!$V$8:$V$110,'Calendario A'!$T$8:$T$110,$H12,'Calendario A'!$M$8:$M$110,$H$16),"-") -> - | AM12: =IF(AND($H12<>"",$H$17<>"",$H12<>$H$17,IFERROR(VLOOKUP($H12,areaCercaPuntiClassificaSquadra,3,FALSE()),-1)=IFERROR(VLOOKUP($H$17,areaCercaPuntiClassificaSquadra,3,FALSE()),-2)),SUMIFS('Calendario A'!$P$8:$P$110,'Calendario A'!$M$8:$M$110,$H12,'Calendario A'!$T$8:$T$110,$H$17)+SUMIFS('Calendario A'!$W$8:$W$110,'Calendario A'!$T$8:$T$110,$H12,'Calendario A'!$M$8:$M$110,$H$17)+SUMIFS('Calendario A'!$O$8:$O$110,'Calendario A'!$M$8:$M$110,$H12,'Calendario A'!$T$8:$T$110,$H$17)+SUMIFS('Calendario A'!$V$8:$V$110,'Calendario A'!$T$8:$T$110,$H12,'Calendario A'!$M$8:$M$110,$H$17),"-") -> - | AN12: =IF(AND($H12<>"",$H$18<>"",$H12<>$H$18,IFERROR(VLOOKUP($H12,areaCercaPuntiClassificaSquadra,3,FALSE()),-1)=IFERROR(VLOOKUP($H$18,areaCercaPuntiClassificaSquadra,3,FALSE()),-2)),SUMIFS('Calendario A'!$P$8:$P$110,'Calendario A'!$M$8:$M$110,$H12,'Calendario A'!$T$8:$T$110,$H$18)+SUMIFS('Calendario A'!$W$8:$W$110,'Calendario A'!$T$8:$T$110,$H12,'Calendario A'!$M$8:$M$110,$H$18)+SUMIFS('Calendario A'!$O$8:$O$110,'Calendario A'!$M$8:$M$110,$H12,'Calendario A'!$T$8:$T$110,$H$18)+SUMIFS('Calendario A'!$V$8:$V$110,'Calendario A'!$T$8:$T$110,$H12,'Calendario A'!$M$8:$M$110,$H$18),"-") -> - | AO12: =IF(AND($H12<>"",$H$19<>"",$H12<>$H$19,IFERROR(VLOOKUP($H12,areaCercaPuntiClassificaSquadra,3,FALSE()),-1)=IFERROR(VLOOKUP($H$19,areaCercaPuntiClassificaSquadra,3,FALSE()),-2)),SUMIFS('Calendario A'!$P$8:$P$110,'Calendario A'!$M$8:$M$110,$H12,'Calendario A'!$T$8:$T$110,$H$19)+SUMIFS('Calendario A'!$W$8:$W$110,'Calendario A'!$T$8:$T$110,$H12,'Calendario A'!$M$8:$M$110,$H$19)+SUMIFS('Calendario A'!$O$8:$O$110,'Calendario A'!$M$8:$M$110,$H12,'Calendario A'!$T$8:$T$110,$H$19)+SUMIFS('Calendario A'!$V$8:$V$110,'Calendario A'!$T$8:$T$110,$H12,'Calendario A'!$M$8:$M$110,$H$19),"-") -> - | AP12: =$C12 -> Anaconde Arrabbiate-Anacondeopoli AE | AQ12: =IF(AND($H12<>"",$H$12<>"",$H12<>$H$12,IFERROR(VLOOKUP($H12,areaCercaPuntiClassificaSquadra,3,FALSE()),-1)=IFERROR(VLOOKUP($H$12,areaCercaPuntiClassificaSquadra,3,FALSE()),-2)),SUMIFS('Calendario A'!$Q$8:$Q$110,'Calendario A'!$M$8:$M$110,$H12,'Calendario A'!$T$8:$T$110,$H$12)+SUMIFS('Calendario A'!$X$8:$X$110,'Calendario A'!$T$8:$T$110,$H12,'Calendario A'!$M$8:$M$110,$H$12),"-") -> - | AR12: =IF(AND($H12<>"",$H$13<>"",$H12<>$H$13,IFERROR(VLOOKUP($H12,areaCercaPuntiClassificaSquadra,3,FALSE()),-1)=IFERROR(VLOOKUP($H$13,areaCercaPuntiClassificaSquadra,3,FALSE()),-2)),SUMIFS('Calendario A'!$Q$8:$Q$110,'Calendario A'!$M$8:$M$110,$H12,'Calendario A'!$T$8:$T$110,$H$13)+SUMIFS('Calendario A'!$X$8:$X$110,'Calendario A'!$T$8:$T$110,$H12,'Calendario A'!$M$8:$M$110,$H$13),"-") -> - | AS12: =IF(AND($H12<>"",$H$14<>"",$H12<>$H$14,IFERROR(VLOOKUP($H12,areaCercaPuntiClassificaSquadra,3,FALSE()),-1)=IFERROR(VLOOKUP($H$14,areaCercaPuntiClassificaSquadra,3,FALSE()),-2)),SUMIFS('Calendario A'!$Q$8:$Q$110,'Calendario A'!$M$8:$M$110,$H12,'Calendario A'!$T$8:$T$110,$H$14)+SUMIFS('Calendario A'!$X$8:$X$110,'Calendario A'!$T$8:$T$110,$H12,'Calendario A'!$M$8:$M$110,$H$14),"-") -> - | AT12: =IF(AND($H12<>"",$H$15<>"",$H12<>$H$15,IFERROR(VLOOKUP($H12,areaCercaPuntiClassificaSquadra,3,FALSE()),-1)=IFERROR(VLOOKUP($H$15,areaCercaPuntiClassificaSquadra,3,FALSE()),-2)),SUMIFS('Calendario A'!$Q$8:$Q$110,'Calendario A'!$M$8:$M$110,$H12,'Calendario A'!$T$8:$T$110,$H$15)+SUMIFS('Calendario A'!$X$8:$X$110,'Calendario A'!$T$8:$T$110,$H12,'Calendario A'!$M$8:$M$110,$H$15),"-") -> - | AU12: =IF(AND($H12<>"",$H$16<>"",$H12<>$H$16,IFERROR(VLOOKUP($H12,areaCercaPuntiClassificaSquadra,3,FALSE()),-1)=IFERROR(VLOOKUP($H$16,areaCercaPuntiClassificaSquadra,3,FALSE()),-2)),SUMIFS('Calendario A'!$Q$8:$Q$110,'Calendario A'!$M$8:$M$110,$H12,'Calendario A'!$T$8:$T$110,$H$16)+SUMIFS('Calendario A'!$X$8:$X$110,'Calendario A'!$T$8:$T$110,$H12,'Calendario A'!$M$8:$M$110,$H$16),"-") -> - | AV12: =IF(AND($H12<>"",$H$17<>"",$H12<>$H$17,IFERROR(VLOOKUP($H12,areaCercaPuntiClassificaSquadra,3,FALSE()),-1)=IFERROR(VLOOKUP($H$17,areaCercaPuntiClassificaSquadra,3,FALSE()),-2)),SUMIFS('Calendario A'!$Q$8:$Q$110,'Calendario A'!$M$8:$M$110,$H12,'Calendario A'!$T$8:$T$110,$H$17)+SUMIFS('Calendario A'!$X$8:$X$110,'Calendario A'!$T$8:$T$110,$H12,'Calendario A'!$M$8:$M$110,$H$17),"-") -> - | AW12: =IF(AND($H12<>"",$H$18<>"",$H12<>$H$18,IFERROR(VLOOKUP($H12,areaCercaPuntiClassificaSquadra,3,FALSE()),-1)=IFERROR(VLOOKUP($H$18,areaCercaPuntiClassificaSquadra,3,FALSE()),-2)),SUMIFS('Calendario A'!$Q$8:$Q$110,'Calendario A'!$M$8:$M$110,$H12,'Calendario A'!$T$8:$T$110,$H$18)+SUMIFS('Calendario A'!$X$8:$X$110,'Calendario A'!$T$8:$T$110,$H12,'Calendario A'!$M$8:$M$110,$H$18),"-") -> - | AX12: =IF(AND($H12<>"",$H$19<>"",$H12<>$H$19,IFERROR(VLOOKUP($H12,areaCercaPuntiClassificaSquadra,3,FALSE()),-1)=IFERROR(VLOOKUP($H$19,areaCercaPuntiClassificaSquadra,3,FALSE()),-2)),SUMIFS('Calendario A'!$Q$8:$Q$110,'Calendario A'!$M$8:$M$110,$H12,'Calendario A'!$T$8:$T$110,$H$19)+SUMIFS('Calendario A'!$X$8:$X$110,'Calendario A'!$T$8:$T$110,$H12,'Calendario A'!$M$8:$M$110,$H$19),"-") -> - | AY12: =$C12 -> Anaconde Arrabbiate-Anacondeopoli AE | AZ12: =IF(AND($H12<>"",$H$12<>"",$H12<>$H$12,IFERROR(VLOOKUP($H12,areaCercaPuntiClassificaSquadra,3,FALSE()),-1)=IFERROR(VLOOKUP($H$12,areaCercaPuntiClassificaSquadra,3,FALSE()),-2)),SUMIFS('Calendario A'!$R$8:$R$110,'Calendario A'!$M$8:$M$110,$H12,'Calendario A'!$T$8:$T$110,$H$12)+SUMIFS('Calendario A'!$Y$8:$Y$110,'Calendario A'!$T$8:$T$110,$H12,'Calendario A'!$M$8:$M$110,$H$12),"-") -> - | BA12: =IF(AND($H12<>"",$H$13<>"",$H12<>$H$13,IFERROR(VLOOKUP($H12,areaCercaPuntiClassificaSquadra,3,FALSE()),-1)=IFERROR(VLOOKUP($H$13,areaCercaPuntiClassificaSquadra,3,FALSE()),-2)),SUMIFS('Calendario A'!$R$8:$R$110,'Calendario A'!$M$8:$M$110,$H12,'Calendario A'!$T$8:$T$110,$H$13)+SUMIFS('Calendario A'!$Y$8:$Y$110,'Calendario A'!$T$8:$T$110,$H12,'Calendario A'!$M$8:$M$110,$H$13),"-") -> - | BB12: =IF(AND($H12<>"",$H$14<>"",$H12<>$H$14,IFERROR(VLOOKUP($H12,areaCercaPuntiClassificaSquadra,3,FALSE()),-1)=IFERROR(VLOOKUP($H$14,areaCercaPuntiClassificaSquadra,3,FALSE()),-2)),SUMIFS('Calendario A'!$R$8:$R$110,'Calendario A'!$M$8:$M$110,$H12,'Calendario A'!$T$8:$T$110,$H$14)+SUMIFS('Calendario A'!$Y$8:$Y$110,'Calendario A'!$T$8:$T$110,$H12,'Calendario A'!$M$8:$M$110,$H$14),"-") -> - | BC12: =IF(AND($H12<>"",$H$15<>"",$H12<>$H$15,IFERROR(VLOOKUP($H12,areaCercaPuntiClassificaSquadra,3,FALSE()),-1)=IFERROR(VLOOKUP($H$15,areaCercaPuntiClassificaSquadra,3,FALSE()),-2)),SUMIFS('Calendario A'!$R$8:$R$110,'Calendario A'!$M$8:$M$110,$H12,'Calendario A'!$T$8:$T$110,$H$15)+SUMIFS('Calendario A'!$Y$8:$Y$110,'Calendario A'!$T$8:$T$110,$H12,'Calendario A'!$M$8:$M$110,$H$15),"-") -> - | BD12: =IF(AND($H12<>"",$H$16<>"",$H12<>$H$16,IFERROR(VLOOKUP($H12,areaCercaPuntiClassificaSquadra,3,FALSE()),-1)=IFERROR(VLOOKUP($H$16,areaCercaPuntiClassificaSquadra,3,FALSE()),-2)),SUMIFS('Calendario A'!$R$8:$R$110,'Calendario A'!$M$8:$M$110,$H12,'Calendario A'!$T$8:$T$110,$H$16)+SUMIFS('Calendario A'!$Y$8:$Y$110,'Calendario A'!$T$8:$T$110,$H12,'Calendario A'!$M$8:$M$110,$H$16),"-") -> - | BE12: =IF(AND($H12<>"",$H$17<>"",$H12<>$H$17,IFERROR(VLOOKUP($H12,areaCercaPuntiClassificaSquadra,3,FALSE()),-1)=IFERROR(VLOOKUP($H$17,areaCercaPuntiClassificaSquadra,3,FALSE()),-2)),SUMIFS('Calendario A'!$R$8:$R$110,'Calendario A'!$M$8:$M$110,$H12,'Calendario A'!$T$8:$T$110,$H$17)+SUMIFS('Calendario A'!$Y$8:$Y$110,'Calendario A'!$T$8:$T$110,$H12,'Calendario A'!$M$8:$M$110,$H$17),"-") -> - | BF12: =IF(AND($H12<>"",$H$18<>"",$H12<>$H$18,IFERROR(VLOOKUP($H12,areaCercaPuntiClassificaSquadra,3,FALSE()),-1)=IFERROR(VLOOKUP($H$18,areaCercaPuntiClassificaSquadra,3,FALSE()),-2)),SUMIFS('Calendario A'!$R$8:$R$110,'Calendario A'!$M$8:$M$110,$H12,'Calendario A'!$T$8:$T$110,$H$18)+SUMIFS('Calendario A'!$Y$8:$Y$110,'Calendario A'!$T$8:$T$110,$H12,'Calendario A'!$M$8:$M$110,$H$18),"-") -> - | BG12: =IF(AND($H12<>"",$H$19<>"",$H12<>$H$19,IFERROR(VLOOKUP($H12,areaCercaPuntiClassificaSquadra,3,FALSE()),-1)=IFERROR(VLOOKUP($H$19,areaCercaPuntiClassificaSquadra,3,FALSE()),-2)),SUMIFS('Calendario A'!$R$8:$R$110,'Calendario A'!$M$8:$M$110,$H12,'Calendario A'!$T$8:$T$110,$H$19)+SUMIFS('Calendario A'!$Y$8:$Y$110,'Calendario A'!$T$8:$T$110,$H12,'Calendario A'!$M$8:$M$110,$H$19),"-") -> -
B13: A02 | C13: Bufali Belligeranti-Bufaliopoli BI | E13: A | G13: =IF($C13="","",$E13&(COUNTIFS(I$12:I$75,">"&I13,E$12:E$75,"="&E13,C$12:C$75,"<>")+COUNTIFS(I$12:I$75,"="&I13,H$12:H$75,"<="&H13,E$12:E$75,"="&E13,C$12:C$75,"<>"))) -> A7 | H13: =IF($C13="","",IFERROR(LEFT($C13,FIND("-",$C13)-1),$C13)) -> Bufali Belligeranti | I13: =TEXT(1000000000+J13,"|0000000000|")&TEXT(SUM(Y13:AF13),"0000000000|")&IF(SUM(AZ13:BG13)=0,"0000000000|",TEXT(ROUND(SUM(AQ13:AX13)/SUM(AZ13:BG13),4)*100000,"0000000000|"))&IF(P13=0,"0000000000|",TEXT(ROUND(O13/P13,4)*100000,"0000000000|")) -> |1000000009|0000000001|0000154170|0000091310| | J13: =L13*constPuntiVittoria+M13*constPuntiSconfitta+N13*constPuntiForfait+IF(D13="",0,D13) -> 9 | K13: =SUM(L13:N13) -> 7 | L13: =IF($H13="",0,SUMIF('Calendario A'!$M$8:$M$110,$H13,'Calendario A'!$N$8:$N$110)+SUMIF('Calendario A'!$T$8:$T$110,$H13,'Calendario A'!$U$8:$U$110)) -> 1 | M13: =IF($H13="",0,SUMIF('Calendario A'!$M$8:$M$110,$H13,'Calendario A'!$P$8:$P$110)+SUMIF('Calendario A'!$T$8:$T$110,$H13,'Calendario A'!$W$8:$W$110)) -> 6 | N13: =IF($H13="",0,SUMIF('Calendario A'!$M$8:$M$110,$H13,'Calendario A'!$O$8:$O$110)+SUMIF('Calendario A'!$T$8:$T$110,$H13,'Calendario A'!$V$8:$V$110)) -> 0 | O13: =IF($H13="",0,SUMIF('Calendario A'!$M$8:$M$110,$H13,'Calendario A'!$Q$8:$Q$110)+SUMIF('Calendario A'!$T$8:$T$110,$H13,'Calendario A'!$X$8:$X$110)) -> 431 | P13: =IF($H13="",0,SUMIF('Calendario A'!$M$8:$M$110,$H13,'Calendario A'!$R$8:$R$110)+SUMIF('Calendario A'!$T$8:$T$110,$H13,'Calendario A'!$Y$8:$Y$110)) -> 472 | Q13: =IF($H13="",0,SUMIF('Calendario A'!$M$8:$M$110,$H13,'Calendario A'!$S$8:$S$110)+SUMIF('Calendario A'!$T$8:$T$110,$H13,'Calendario A'!$Z$8:$Z$110)) -> -41 | R13: =IF(K13=0,0,ROUND(O13/K13,2)) -> 61.57 | S13: =IF(K13=0,0,ROUND(P13/K13,2)) -> 67.43 | T13: =IF(K13=0,0,ROUND(Q13/K13,2)) -> -5.86 | U13: =IF(COUNT(Y13:AF13)=0,"-",SUM(Y13:AF13)&"-"&SUM(AH13:AO13)) -> 1-0 | V13: =IF(COUNT(Y13:AF13)=0,"-",IF(SUM(AZ13:BG13)=0,TEXT(0,"0.0000"),TEXT(ROUND(SUM(AQ13:AX13)/SUM(AZ13:BG13),4),"0.0000"))) -> 1.5417 | W13: =IF(H13="","-",IF(P13=0,TEXT(0,"0.0000"),TEXT(ROUND(O13/P13,4),"0.0000"))) -> 0.9131 | X13: =$C13 -> Bufali Belligeranti-Bufaliopoli BI | Y13: =IF(AND($H13<>"",$H$12<>"",$H13<>$H$12,IFERROR(VLOOKUP($H13,areaCercaPuntiClassificaSquadra,3,FALSE()),-1)=IFERROR(VLOOKUP($H$12,areaCercaPuntiClassificaSquadra,3,FALSE()),-2)),SUMIFS('Calendario A'!$N$8:$N$110,'Calendario A'!$M$8:$M$110,$H13,'Calendario A'!$T$8:$T$110,$H$12)+SUMIFS('Calendario A'!$U$8:$U$110,'Calendario A'!$T$8:$T$110,$H13,'Calendario A'!$M$8:$M$110,$H$12),"-") -> - | Z13: =IF(AND($H13<>"",$H$13<>"",$H13<>$H$13,IFERROR(VLOOKUP($H13,areaCercaPuntiClassificaSquadra,3,FALSE()),-1)=IFERROR(VLOOKUP($H$13,areaCercaPuntiClassificaSquadra,3,FALSE()),-2)),SUMIFS('Calendario A'!$N$8:$N$110,'Calendario A'!$M$8:$M$110,$H13,'Calendario A'!$T$8:$T$110,$H$13)+SUMIFS('Calendario A'!$U$8:$U$110,'Calendario A'!$T$8:$T$110,$H13,'Calendario A'!$M$8:$M$110,$H$13),"-") -> - | AA13: =IF(AND($H13<>"",$H$14<>"",$H13<>$H$14,IFERROR(VLOOKUP($H13,areaCercaPuntiClassificaSquadra,3,FALSE()),-1)=IFERROR(VLOOKUP($H$14,areaCercaPuntiClassificaSquadra,3,FALSE()),-2)),SUMIFS('Calendario A'!$N$8:$N$110,'Calendario A'!$M$8:$M$110,$H13,'Calendario A'!$T$8:$T$110,$H$14)+SUMIFS('Calendario A'!$U$8:$U$110,'Calendario A'!$T$8:$T$110,$H13,'Calendario A'!$M$8:$M$110,$H$14),"-") -> - | AB13: =IF(AND($H13<>"",$H$15<>"",$H13<>$H$15,IFERROR(VLOOKUP($H13,areaCercaPuntiClassificaSquadra,3,FALSE()),-1)=IFERROR(VLOOKUP($H$15,areaCercaPuntiClassificaSquadra,3,FALSE()),-2)),SUMIFS('Calendario A'!$N$8:$N$110,'Calendario A'!$M$8:$M$110,$H13,'Calendario A'!$T$8:$T$110,$H$15)+SUMIFS('Calendario A'!$U$8:$U$110,'Calendario A'!$T$8:$T$110,$H13,'Calendario A'!$M$8:$M$110,$H$15),"-") -> 1 | AC13: =IF(AND($H13<>"",$H$16<>"",$H13<>$H$16,IFERROR(VLOOKUP($H13,areaCercaPuntiClassificaSquadra,3,FALSE()),-1)=IFERROR(VLOOKUP($H$16,areaCercaPuntiClassificaSquadra,3,FALSE()),-2)),SUMIFS('Calendario A'!$N$8:$N$110,'Calendario A'!$M$8:$M$110,$H13,'Calendario A'!$T$8:$T$110,$H$16)+SUMIFS('Calendario A'!$U$8:$U$110,'Calendario A'!$T$8:$T$110,$H13,'Calendario A'!$M$8:$M$110,$H$16),"-") -> - | AD13: =IF(AND($H13<>"",$H$17<>"",$H13<>$H$17,IFERROR(VLOOKUP($H13,areaCercaPuntiClassificaSquadra,3,FALSE()),-1)=IFERROR(VLOOKUP($H$17,areaCercaPuntiClassificaSquadra,3,FALSE()),-2)),SUMIFS('Calendario A'!$N$8:$N$110,'Calendario A'!$M$8:$M$110,$H13,'Calendario A'!$T$8:$T$110,$H$17)+SUMIFS('Calendario A'!$U$8:$U$110,'Calendario A'!$T$8:$T$110,$H13,'Calendario A'!$M$8:$M$110,$H$17),"-") -> - | AE13: =IF(AND($H13<>"",$H$18<>"",$H13<>$H$18,IFERROR(VLOOKUP($H13,areaCercaPuntiClassificaSquadra,3,FALSE()),-1)=IFERROR(VLOOKUP($H$18,areaCercaPuntiClassificaSquadra,3,FALSE()),-2)),SUMIFS('Calendario A'!$N$8:$N$110,'Calendario A'!$M$8:$M$110,$H13,'Calendario A'!$T$8:$T$110,$H$18)+SUMIFS('Calendario A'!$U$8:$U$110,'Calendario A'!$T$8:$T$110,$H13,'Calendario A'!$M$8:$M$110,$H$18),"-") -> - | AF13: =IF(AND($H13<>"",$H$19<>"",$H13<>$H$19,IFERROR(VLOOKUP($H13,areaCercaPuntiClassificaSquadra,3,FALSE()),-1)=IFERROR(VLOOKUP($H$19,areaCercaPuntiClassificaSquadra,3,FALSE()),-2)),SUMIFS('Calendario A'!$N$8:$N$110,'Calendario A'!$M$8:$M$110,$H13,'Calendario A'!$T$8:$T$110,$H$19)+SUMIFS('Calendario A'!$U$8:$U$110,'Calendario A'!$T$8:$T$110,$H13,'Calendario A'!$M$8:$M$110,$H$19),"-") -> - | AG13: =$C13 -> Bufali Belligeranti-Bufaliopoli BI | AH13: =IF(AND($H13<>"",$H$12<>"",$H13<>$H$12,IFERROR(VLOOKUP($H13,areaCercaPuntiClassificaSquadra,3,FALSE()),-1)=IFERROR(VLOOKUP($H$12,areaCercaPuntiClassificaSquadra,3,FALSE()),-2)),SUMIFS('Calendario A'!$P$8:$P$110,'Calendario A'!$M$8:$M$110,$H13,'Calendario A'!$T$8:$T$110,$H$12)+SUMIFS('Calendario A'!$W$8:$W$110,'Calendario A'!$T$8:$T$110,$H13,'Calendario A'!$M$8:$M$110,$H$12)+SUMIFS('Calendario A'!$O$8:$O$110,'Calendario A'!$M$8:$M$110,$H13,'Calendario A'!$T$8:$T$110,$H$12)+SUMIFS('Calendario A'!$V$8:$V$110,'Calendario A'!$T$8:$T$110,$H13,'Calendario A'!$M$8:$M$110,$H$12),"-") -> - | AI13: =IF(AND($H13<>"",$H$13<>"",$H13<>$H$13,IFERROR(VLOOKUP($H13,areaCercaPuntiClassificaSquadra,3,FALSE()),-1)=IFERROR(VLOOKUP($H$13,areaCercaPuntiClassificaSquadra,3,FALSE()),-2)),SUMIFS('Calendario A'!$P$8:$P$110,'Calendario A'!$M$8:$M$110,$H13,'Calendario A'!$T$8:$T$110,$H$13)+SUMIFS('Calendario A'!$W$8:$W$110,'Calendario A'!$T$8:$T$110,$H13,'Calendario A'!$M$8:$M$110,$H$13)+SUMIFS('Calendario A'!$O$8:$O$110,'Calendario A'!$M$8:$M$110,$H13,'Calendario A'!$T$8:$T$110,$H$13)+SUMIFS('Calendario A'!$V$8:$V$110,'Calendario A'!$T$8:$T$110,$H13,'Calendario A'!$M$8:$M$110,$H$13),"-") -> - | AJ13: =IF(AND($H13<>"",$H$14<>"",$H13<>$H$14,IFERROR(VLOOKUP($H13,areaCercaPuntiClassificaSquadra,3,FALSE()),-1)=IFERROR(VLOOKUP($H$14,areaCercaPuntiClassificaSquadra,3,FALSE()),-2)),SUMIFS('Calendario A'!$P$8:$P$110,'Calendario A'!$M$8:$M$110,$H13,'Calendario A'!$T$8:$T$110,$H$14)+SUMIFS('Calendario A'!$W$8:$W$110,'Calendario A'!$T$8:$T$110,$H13,'Calendario A'!$M$8:$M$110,$H$14)+SUMIFS('Calendario A'!$O$8:$O$110,'Calendario A'!$M$8:$M$110,$H13,'Calendario A'!$T$8:$T$110,$H$14)+SUMIFS('Calendario A'!$V$8:$V$110,'Calendario A'!$T$8:$T$110,$H13,'Calendario A'!$M$8:$M$110,$H$14),"-") -> - | AK13: =IF(AND($H13<>"",$H$15<>"",$H13<>$H$15,IFERROR(VLOOKUP($H13,areaCercaPuntiClassificaSquadra,3,FALSE()),-1)=IFERROR(VLOOKUP($H$15,areaCercaPuntiClassificaSquadra,3,FALSE()),-2)),SUMIFS('Calendario A'!$P$8:$P$110,'Calendario A'!$M$8:$M$110,$H13,'Calendario A'!$T$8:$T$110,$H$15)+SUMIFS('Calendario A'!$W$8:$W$110,'Calendario A'!$T$8:$T$110,$H13,'Calendario A'!$M$8:$M$110,$H$15)+SUMIFS('Calendario A'!$O$8:$O$110,'Calendario A'!$M$8:$M$110,$H13,'Calendario A'!$T$8:$T$110,$H$15)+SUMIFS('Calendario A'!$V$8:$V$110,'Calendario A'!$T$8:$T$110,$H13,'Calendario A'!$M$8:$M$110,$H$15),"-") -> 0 | AL13: =IF(AND($H13<>"",$H$16<>"",$H13<>$H$16,IFERROR(VLOOKUP($H13,areaCercaPuntiClassificaSquadra,3,FALSE()),-1)=IFERROR(VLOOKUP($H$16,areaCercaPuntiClassificaSquadra,3,FALSE()),-2)),SUMIFS('Calendario A'!$P$8:$P$110,'Calendario A'!$M$8:$M$110,$H13,'Calendario A'!$T$8:$T$110,$H$16)+SUMIFS('Calendario A'!$W$8:$W$110,'Calendario A'!$T$8:$T$110,$H13,'Calendario A'!$M$8:$M$110,$H$16)+SUMIFS('Calendario A'!$O$8:$O$110,'Calendario A'!$M$8:$M$110,$H13,'Calendario A'!$T$8:$T$110,$H$16)+SUMIFS('Calendario A'!$V$8:$V$110,'Calendario A'!$T$8:$T$110,$H13,'Calendario A'!$M$8:$M$110,$H$16),"-") -> - | AM13: =IF(AND($H13<>"",$H$17<>"",$H13<>$H$17,IFERROR(VLOOKUP($H13,areaCercaPuntiClassificaSquadra,3,FALSE()),-1)=IFERROR(VLOOKUP($H$17,areaCercaPuntiClassificaSquadra,3,FALSE()),-2)),SUMIFS('Calendario A'!$P$8:$P$110,'Calendario A'!$M$8:$M$110,$H13,'Calendario A'!$T$8:$T$110,$H$17)+SUMIFS('Calendario A'!$W$8:$W$110,'Calendario A'!$T$8:$T$110,$H13,'Calendario A'!$M$8:$M$110,$H$17)+SUMIFS('Calendario A'!$O$8:$O$110,'Calendario A'!$M$8:$M$110,$H13,'Calendario A'!$T$8:$T$110,$H$17)+SUMIFS('Calendario A'!$V$8:$V$110,'Calendario A'!$T$8:$T$110,$H13,'Calendario A'!$M$8:$M$110,$H$17),"-") -> - | AN13: =IF(AND($H13<>"",$H$18<>"",$H13<>$H$18,IFERROR(VLOOKUP($H13,areaCercaPuntiClassificaSquadra,3,FALSE()),-1)=IFERROR(VLOOKUP($H$18,areaCercaPuntiClassificaSquadra,3,FALSE()),-2)),SUMIFS('Calendario A'!$P$8:$P$110,'Calendario A'!$M$8:$M$110,$H13,'Calendario A'!$T$8:$T$110,$H$18)+SUMIFS('Calendario A'!$W$8:$W$110,'Calendario A'!$T$8:$T$110,$H13,'Calendario A'!$M$8:$M$110,$H$18)+SUMIFS('Calendario A'!$O$8:$O$110,'Calendario A'!$M$8:$M$110,$H13,'Calendario A'!$T$8:$T$110,$H$18)+SUMIFS('Calendario A'!$V$8:$V$110,'Calendario A'!$T$8:$T$110,$H13,'Calendario A'!$M$8:$M$110,$H$18),"-") -> - | AO13: =IF(AND($H13<>"",$H$19<>"",$H13<>$H$19,IFERROR(VLOOKUP($H13,areaCercaPuntiClassificaSquadra,3,FALSE()),-1)=IFERROR(VLOOKUP($H$19,areaCercaPuntiClassificaSquadra,3,FALSE()),-2)),SUMIFS('Calendario A'!$P$8:$P$110,'Calendario A'!$M$8:$M$110,$H13,'Calendario A'!$T$8:$T$110,$H$19)+SUMIFS('Calendario A'!$W$8:$W$110,'Calendario A'!$T$8:$T$110,$H13,'Calendario A'!$M$8:$M$110,$H$19)+SUMIFS('Calendario A'!$O$8:$O$110,'Calendario A'!$M$8:$M$110,$H13,'Calendario A'!$T$8:$T$110,$H$19)+SUMIFS('Calendario A'!$V$8:$V$110,'Calendario A'!$T$8:$T$110,$H13,'Calendario A'!$M$8:$M$110,$H$19),"-") -> - | AP13: =$C13 -> Bufali Belligeranti-Bufaliopoli BI | AQ13: =IF(AND($H13<>"",$H$12<>"",$H13<>$H$12,IFERROR(VLOOKUP($H13,areaCercaPuntiClassificaSquadra,3,FALSE()),-1)=IFERROR(VLOOKUP($H$12,areaCercaPuntiClassificaSquadra,3,FALSE()),-2)),SUMIFS('Calendario A'!$Q$8:$Q$110,'Calendario A'!$M$8:$M$110,$H13,'Calendario A'!$T$8:$T$110,$H$12)+SUMIFS('Calendario A'!$X$8:$X$110,'Calendario A'!$T$8:$T$110,$H13,'Calendario A'!$M$8:$M$110,$H$12),"-") -> - | AR13: =IF(AND($H13<>"",$H$13<>"",$H13<>$H$13,IFERROR(VLOOKUP($H13,areaCercaPuntiClassificaSquadra,3,FALSE()),-1)=IFERROR(VLOOKUP($H$13,areaCercaPuntiClassificaSquadra,3,FALSE()),-2)),SUMIFS('Calendario A'!$Q$8:$Q$110,'Calendario A'!$M$8:$M$110,$H13,'Calendario A'!$T$8:$T$110,$H$13)+SUMIFS('Calendario A'!$X$8:$X$110,'Calendario A'!$T$8:$T$110,$H13,'Calendario A'!$M$8:$M$110,$H$13),"-") -> - | AS13: =IF(AND($H13<>"",$H$14<>"",$H13<>$H$14,IFERROR(VLOOKUP($H13,areaCercaPuntiClassificaSquadra,3,FALSE()),-1)=IFERROR(VLOOKUP($H$14,areaCercaPuntiClassificaSquadra,3,FALSE()),-2)),SUMIFS('Calendario A'!$Q$8:$Q$110,'Calendario A'!$M$8:$M$110,$H13,'Calendario A'!$T$8:$T$110,$H$14)+SUMIFS('Calendario A'!$X$8:$X$110,'Calendario A'!$T$8:$T$110,$H13,'Calendario A'!$M$8:$M$110,$H$14),"-") -> - | AT13: =IF(AND($H13<>"",$H$15<>"",$H13<>$H$15,IFERROR(VLOOKUP($H13,areaCercaPuntiClassificaSquadra,3,FALSE()),-1)=IFERROR(VLOOKUP($H$15,areaCercaPuntiClassificaSquadra,3,FALSE()),-2)),SUMIFS('Calendario A'!$Q$8:$Q$110,'Calendario A'!$M$8:$M$110,$H13,'Calendario A'!$T$8:$T$110,$H$15)+SUMIFS('Calendario A'!$X$8:$X$110,'Calendario A'!$T$8:$T$110,$H13,'Calendario A'!$M$8:$M$110,$H$15),"-") -> 74 | AU13: =IF(AND($H13<>"",$H$16<>"",$H13<>$H$16,IFERROR(VLOOKUP($H13,areaCercaPuntiClassificaSquadra,3,FALSE()),-1)=IFERROR(VLOOKUP($H$16,areaCercaPuntiClassificaSquadra,3,FALSE()),-2)),SUMIFS('Calendario A'!$Q$8:$Q$110,'Calendario A'!$M$8:$M$110,$H13,'Calendario A'!$T$8:$T$110,$H$16)+SUMIFS('Calendario A'!$X$8:$X$110,'Calendario A'!$T$8:$T$110,$H13,'Calendario A'!$M$8:$M$110,$H$16),"-") -> - | AV13: =IF(AND($H13<>"",$H$17<>"",$H13<>$H$17,IFERROR(VLOOKUP($H13,areaCercaPuntiClassificaSquadra,3,FALSE()),-1)=IFERROR(VLOOKUP($H$17,areaCercaPuntiClassificaSquadra,3,FALSE()),-2)),SUMIFS('Calendario A'!$Q$8:$Q$110,'Calendario A'!$M$8:$M$110,$H13,'Calendario A'!$T$8:$T$110,$H$17)+SUMIFS('Calendario A'!$X$8:$X$110,'Calendario A'!$T$8:$T$110,$H13,'Calendario A'!$M$8:$M$110,$H$17),"-") -> - | AW13: =IF(AND($H13<>"",$H$18<>"",$H13<>$H$18,IFERROR(VLOOKUP($H13,areaCercaPuntiClassificaSquadra,3,FALSE()),-1)=IFERROR(VLOOKUP($H$18,areaCercaPuntiClassificaSquadra,3,FALSE()),-2)),SUMIFS('Calendario A'!$Q$8:$Q$110,'Calendario A'!$M$8:$M$110,$H13,'Calendario A'!$T$8:$T$110,$H$18)+SUMIFS('Calendario A'!$X$8:$X$110,'Calendario A'!$T$8:$T$110,$H13,'Calendario A'!$M$8:$M$110,$H$18),"-") -> - | AX13: =IF(AND($H13<>"",$H$19<>"",$H13<>$H$19,IFERROR(VLOOKUP($H13,areaCercaPuntiClassificaSquadra,3,FALSE()),-1)=IFERROR(VLOOKUP($H$19,areaCercaPuntiClassificaSquadra,3,FALSE()),-2)),SUMIFS('Calendario A'!$Q$8:$Q$110,'Calendario A'!$M$8:$M$110,$H13,'Calendario A'!$T$8:$T$110,$H$19)+SUMIFS('Calendario A'!$X$8:$X$110,'Calendario A'!$T$8:$T$110,$H13,'Calendario A'!$M$8:$M$110,$H$19),"-") -> - | AY13: =$C13 -> Bufali Belligeranti-Bufaliopoli BI | AZ13: =IF(AND($H13<>"",$H$12<>"",$H13<>$H$12,IFERROR(VLOOKUP($H13,areaCercaPuntiClassificaSquadra,3,FALSE()),-1)=IFERROR(VLOOKUP($H$12,areaCercaPuntiClassificaSquadra,3,FALSE()),-2)),SUMIFS('Calendario A'!$R$8:$R$110,'Calendario A'!$M$8:$M$110,$H13,'Calendario A'!$T$8:$T$110,$H$12)+SUMIFS('Calendario A'!$Y$8:$Y$110,'Calendario A'!$T$8:$T$110,$H13,'Calendario A'!$M$8:$M$110,$H$12),"-") -> - | BA13: =IF(AND($H13<>"",$H$13<>"",$H13<>$H$13,IFERROR(VLOOKUP($H13,areaCercaPuntiClassificaSquadra,3,FALSE()),-1)=IFERROR(VLOOKUP($H$13,areaCercaPuntiClassificaSquadra,3,FALSE()),-2)),SUMIFS('Calendario A'!$R$8:$R$110,'Calendario A'!$M$8:$M$110,$H13,'Calendario A'!$T$8:$T$110,$H$13)+SUMIFS('Calendario A'!$Y$8:$Y$110,'Calendario A'!$T$8:$T$110,$H13,'Calendario A'!$M$8:$M$110,$H$13),"-") -> - | BB13: =IF(AND($H13<>"",$H$14<>"",$H13<>$H$14,IFERROR(VLOOKUP($H13,areaCercaPuntiClassificaSquadra,3,FALSE()),-1)=IFERROR(VLOOKUP($H$14,areaCercaPuntiClassificaSquadra,3,FALSE()),-2)),SUMIFS('Calendario A'!$R$8:$R$110,'Calendario A'!$M$8:$M$110,$H13,'Calendario A'!$T$8:$T$110,$H$14)+SUMIFS('Calendario A'!$Y$8:$Y$110,'Calendario A'!$T$8:$T$110,$H13,'Calendario A'!$M$8:$M$110,$H$14),"-") -> - | BC13: =IF(AND($H13<>"",$H$15<>"",$H13<>$H$15,IFERROR(VLOOKUP($H13,areaCercaPuntiClassificaSquadra,3,FALSE()),-1)=IFERROR(VLOOKUP($H$15,areaCercaPuntiClassificaSquadra,3,FALSE()),-2)),SUMIFS('Calendario A'!$R$8:$R$110,'Calendario A'!$M$8:$M$110,$H13,'Calendario A'!$T$8:$T$110,$H$15)+SUMIFS('Calendario A'!$Y$8:$Y$110,'Calendario A'!$T$8:$T$110,$H13,'Calendario A'!$M$8:$M$110,$H$15),"-") -> 48 | BD13: =IF(AND($H13<>"",$H$16<>"",$H13<>$H$16,IFERROR(VLOOKUP($H13,areaCercaPuntiClassificaSquadra,3,FALSE()),-1)=IFERROR(VLOOKUP($H$16,areaCercaPuntiClassificaSquadra,3,FALSE()),-2)),SUMIFS('Calendario A'!$R$8:$R$110,'Calendario A'!$M$8:$M$110,$H13,'Calendario A'!$T$8:$T$110,$H$16)+SUMIFS('Calendario A'!$Y$8:$Y$110,'Calendario A'!$T$8:$T$110,$H13,'Calendario A'!$M$8:$M$110,$H$16),"-") -> - | BE13: =IF(AND($H13<>"",$H$17<>"",$H13<>$H$17,IFERROR(VLOOKUP($H13,areaCercaPuntiClassificaSquadra,3,FALSE()),-1)=IFERROR(VLOOKUP($H$17,areaCercaPuntiClassificaSquadra,3,FALSE()),-2)),SUMIFS('Calendario A'!$R$8:$R$110,'Calendario A'!$M$8:$M$110,$H13,'Calendario A'!$T$8:$T$110,$H$17)+SUMIFS('Calendario A'!$Y$8:$Y$110,'Calendario A'!$T$8:$T$110,$H13,'Calendario A'!$M$8:$M$110,$H$17),"-") -> - | BF13: =IF(AND($H13<>"",$H$18<>"",$H13<>$H$18,IFERROR(VLOOKUP($H13,areaCercaPuntiClassificaSquadra,3,FALSE()),-1)=IFERROR(VLOOKUP($H$18,areaCercaPuntiClassificaSquadra,3,FALSE()),-2)),SUMIFS('Calendario A'!$R$8:$R$110,'Calendario A'!$M$8:$M$110,$H13,'Calendario A'!$T$8:$T$110,$H$18)+SUMIFS('Calendario A'!$Y$8:$Y$110,'Calendario A'!$T$8:$T$110,$H13,'Calendario A'!$M$8:$M$110,$H$18),"-") -> - | BG13: =IF(AND($H13<>"",$H$19<>"",$H13<>$H$19,IFERROR(VLOOKUP($H13,areaCercaPuntiClassificaSquadra,3,FALSE()),-1)=IFERROR(VLOOKUP($H$19,areaCercaPuntiClassificaSquadra,3,FALSE()),-2)),SUMIFS('Calendario A'!$R$8:$R$110,'Calendario A'!$M$8:$M$110,$H13,'Calendario A'!$T$8:$T$110,$H$19)+SUMIFS('Calendario A'!$Y$8:$Y$110,'Calendario A'!$T$8:$T$110,$H13,'Calendario A'!$M$8:$M$110,$H$19),"-") -> -
B14: A03 | C14: Cobra Coraggiosi-Cobraopoli CA | E14: A | G14: =IF($C14="","",$E14&(COUNTIFS(I$12:I$75,">"&I14,E$12:E$75,"="&E14,C$12:C$75,"<>")+COUNTIFS(I$12:I$75,"="&I14,H$12:H$75,"<="&H14,E$12:E$75,"="&E14,C$12:C$75,"<>"))) -> A6 | H14: =IF($C14="","",IFERROR(LEFT($C14,FIND("-",$C14)-1),$C14)) -> Cobra Coraggiosi | I14: =TEXT(1000000000+J14,"|0000000000|")&TEXT(SUM(Y14:AF14),"0000000000|")&IF(SUM(AZ14:BG14)=0,"0000000000|",TEXT(ROUND(SUM(AQ14:AX14)/SUM(AZ14:BG14),4)*100000,"0000000000|"))&IF(P14=0,"0000000000|",TEXT(ROUND(O14/P14,4)*100000,"0000000000|")) -> |1000000013|0000000000|0000086210|0000096690| | J14: =L14*constPuntiVittoria+M14*constPuntiSconfitta+N14*constPuntiForfait+IF(D14="",0,D14) -> 13 | K14: =SUM(L14:N14) -> 7 | L14: =IF($H14="",0,SUMIF('Calendario A'!$M$8:$M$110,$H14,'Calendario A'!$N$8:$N$110)+SUMIF('Calendario A'!$T$8:$T$110,$H14,'Calendario A'!$U$8:$U$110)) -> 3 | M14: =IF($H14="",0,SUMIF('Calendario A'!$M$8:$M$110,$H14,'Calendario A'!$P$8:$P$110)+SUMIF('Calendario A'!$T$8:$T$110,$H14,'Calendario A'!$W$8:$W$110)) -> 4 | N14: =IF($H14="",0,SUMIF('Calendario A'!$M$8:$M$110,$H14,'Calendario A'!$O$8:$O$110)+SUMIF('Calendario A'!$T$8:$T$110,$H14,'Calendario A'!$V$8:$V$110)) -> 0 | O14: =IF($H14="",0,SUMIF('Calendario A'!$M$8:$M$110,$H14,'Calendario A'!$Q$8:$Q$110)+SUMIF('Calendario A'!$T$8:$T$110,$H14,'Calendario A'!$X$8:$X$110)) -> 409 | P14: =IF($H14="",0,SUMIF('Calendario A'!$M$8:$M$110,$H14,'Calendario A'!$R$8:$R$110)+SUMIF('Calendario A'!$T$8:$T$110,$H14,'Calendario A'!$Y$8:$Y$110)) -> 423 | Q14: =IF($H14="",0,SUMIF('Calendario A'!$M$8:$M$110,$H14,'Calendario A'!$S$8:$S$110)+SUMIF('Calendario A'!$T$8:$T$110,$H14,'Calendario A'!$Z$8:$Z$110)) -> -14 | R14: =IF(K14=0,0,ROUND(O14/K14,2)) -> 58.43 | S14: =IF(K14=0,0,ROUND(P14/K14,2)) -> 60.43 | T14: =IF(K14=0,0,ROUND(Q14/K14,2)) -> -2 | U14: =IF(COUNT(Y14:AF14)=0,"-",SUM(Y14:AF14)&"-"&SUM(AH14:AO14)) -> 0-1 | V14: =IF(COUNT(Y14:AF14)=0,"-",IF(SUM(AZ14:BG14)=0,TEXT(0,"0.0000"),TEXT(ROUND(SUM(AQ14:AX14)/SUM(AZ14:BG14),4),"0.0000"))) -> 0.8621 | W14: =IF(H14="","-",IF(P14=0,TEXT(0,"0.0000"),TEXT(ROUND(O14/P14,4),"0.0000"))) -> 0.9669 | X14: =$C14 -> Cobra Coraggiosi-Cobraopoli CA | Y14: =IF(AND($H14<>"",$H$12<>"",$H14<>$H$12,IFERROR(VLOOKUP($H14,areaCercaPuntiClassificaSquadra,3,FALSE()),-1)=IFERROR(VLOOKUP($H$12,areaCercaPuntiClassificaSquadra,3,FALSE()),-2)),SUMIFS('Calendario A'!$N$8:$N$110,'Calendario A'!$M$8:$M$110,$H14,'Calendario A'!$T$8:$T$110,$H$12)+SUMIFS('Calendario A'!$U$8:$U$110,'Calendario A'!$T$8:$T$110,$H14,'Calendario A'!$M$8:$M$110,$H$12),"-") -> - | Z14: =IF(AND($H14<>"",$H$13<>"",$H14<>$H$13,IFERROR(VLOOKUP($H14,areaCercaPuntiClassificaSquadra,3,FALSE()),-1)=IFERROR(VLOOKUP($H$13,areaCercaPuntiClassificaSquadra,3,FALSE()),-2)),SUMIFS('Calendario A'!$N$8:$N$110,'Calendario A'!$M$8:$M$110,$H14,'Calendario A'!$T$8:$T$110,$H$13)+SUMIFS('Calendario A'!$U$8:$U$110,'Calendario A'!$T$8:$T$110,$H14,'Calendario A'!$M$8:$M$110,$H$13),"-") -> - | AA14: =IF(AND($H14<>"",$H$14<>"",$H14<>$H$14,IFERROR(VLOOKUP($H14,areaCercaPuntiClassificaSquadra,3,FALSE()),-1)=IFERROR(VLOOKUP($H$14,areaCercaPuntiClassificaSquadra,3,FALSE()),-2)),SUMIFS('Calendario A'!$N$8:$N$110,'Calendario A'!$M$8:$M$110,$H14,'Calendario A'!$T$8:$T$110,$H$14)+SUMIFS('Calendario A'!$U$8:$U$110,'Calendario A'!$T$8:$T$110,$H14,'Calendario A'!$M$8:$M$110,$H$14),"-") -> - | AB14: =IF(AND($H14<>"",$H$15<>"",$H14<>$H$15,IFERROR(VLOOKUP($H14,areaCercaPuntiClassificaSquadra,3,FALSE()),-1)=IFERROR(VLOOKUP($H$15,areaCercaPuntiClassificaSquadra,3,FALSE()),-2)),SUMIFS('Calendario A'!$N$8:$N$110,'Calendario A'!$M$8:$M$110,$H14,'Calendario A'!$T$8:$T$110,$H$15)+SUMIFS('Calendario A'!$U$8:$U$110,'Calendario A'!$T$8:$T$110,$H14,'Calendario A'!$M$8:$M$110,$H$15),"-") -> - | AC14: =IF(AND($H14<>"",$H$16<>"",$H14<>$H$16,IFERROR(VLOOKUP($H14,areaCercaPuntiClassificaSquadra,3,FALSE()),-1)=IFERROR(VLOOKUP($H$16,areaCercaPuntiClassificaSquadra,3,FALSE()),-2)),SUMIFS('Calendario A'!$N$8:$N$110,'Calendario A'!$M$8:$M$110,$H14,'Calendario A'!$T$8:$T$110,$H$16)+SUMIFS('Calendario A'!$U$8:$U$110,'Calendario A'!$T$8:$T$110,$H14,'Calendario A'!$M$8:$M$110,$H$16),"-") -> - | AD14: =IF(AND($H14<>"",$H$17<>"",$H14<>$H$17,IFERROR(VLOOKUP($H14,areaCercaPuntiClassificaSquadra,3,FALSE()),-1)=IFERROR(VLOOKUP($H$17,areaCercaPuntiClassificaSquadra,3,FALSE()),-2)),SUMIFS('Calendario A'!$N$8:$N$110,'Calendario A'!$M$8:$M$110,$H14,'Calendario A'!$T$8:$T$110,$H$17)+SUMIFS('Calendario A'!$U$8:$U$110,'Calendario A'!$T$8:$T$110,$H14,'Calendario A'!$M$8:$M$110,$H$17),"-") -> - | AE14: =IF(AND($H14<>"",$H$18<>"",$H14<>$H$18,IFERROR(VLOOKUP($H14,areaCercaPuntiClassificaSquadra,3,FALSE()),-1)=IFERROR(VLOOKUP($H$18,areaCercaPuntiClassificaSquadra,3,FALSE()),-2)),SUMIFS('Calendario A'!$N$8:$N$110,'Calendario A'!$M$8:$M$110,$H14,'Calendario A'!$T$8:$T$110,$H$18)+SUMIFS('Calendario A'!$U$8:$U$110,'Calendario A'!$T$8:$T$110,$H14,'Calendario A'!$M$8:$M$110,$H$18),"-") -> 0 | AF14: =IF(AND($H14<>"",$H$19<>"",$H14<>$H$19,IFERROR(VLOOKUP($H14,areaCercaPuntiClassificaSquadra,3,FALSE()),-1)=IFERROR(VLOOKUP($H$19,areaCercaPuntiClassificaSquadra,3,FALSE()),-2)),SUMIFS('Calendario A'!$N$8:$N$110,'Calendario A'!$M$8:$M$110,$H14,'Calendario A'!$T$8:$T$110,$H$19)+SUMIFS('Calendario A'!$U$8:$U$110,'Calendario A'!$T$8:$T$110,$H14,'Calendario A'!$M$8:$M$110,$H$19),"-") -> - | AG14: =$C14 -> Cobra Coraggiosi-Cobraopoli CA | AH14: =IF(AND($H14<>"",$H$12<>"",$H14<>$H$12,IFERROR(VLOOKUP($H14,areaCercaPuntiClassificaSquadra,3,FALSE()),-1)=IFERROR(VLOOKUP($H$12,areaCercaPuntiClassificaSquadra,3,FALSE()),-2)),SUMIFS('Calendario A'!$P$8:$P$110,'Calendario A'!$M$8:$M$110,$H14,'Calendario A'!$T$8:$T$110,$H$12)+SUMIFS('Calendario A'!$W$8:$W$110,'Calendario A'!$T$8:$T$110,$H14,'Calendario A'!$M$8:$M$110,$H$12)+SUMIFS('Calendario A'!$O$8:$O$110,'Calendario A'!$M$8:$M$110,$H14,'Calendario A'!$T$8:$T$110,$H$12)+SUMIFS('Calendario A'!$V$8:$V$110,'Calendario A'!$T$8:$T$110,$H14,'Calendario A'!$M$8:$M$110,$H$12),"-") -> - | AI14: =IF(AND($H14<>"",$H$13<>"",$H14<>$H$13,IFERROR(VLOOKUP($H14,areaCercaPuntiClassificaSquadra,3,FALSE()),-1)=IFERROR(VLOOKUP($H$13,areaCercaPuntiClassificaSquadra,3,FALSE()),-2)),SUMIFS('Calendario A'!$P$8:$P$110,'Calendario A'!$M$8:$M$110,$H14,'Calendario A'!$T$8:$T$110,$H$13)+SUMIFS('Calendario A'!$W$8:$W$110,'Calendario A'!$T$8:$T$110,$H14,'Calendario A'!$M$8:$M$110,$H$13)+SUMIFS('Calendario A'!$O$8:$O$110,'Calendario A'!$M$8:$M$110,$H14,'Calendario A'!$T$8:$T$110,$H$13)+SUMIFS('Calendario A'!$V$8:$V$110,'Calendario A'!$T$8:$T$110,$H14,'Calendario A'!$M$8:$M$110,$H$13),"-") -> - | AJ14: =IF(AND($H14<>"",$H$14<>"",$H14<>$H$14,IFERROR(VLOOKUP($H14,areaCercaPuntiClassificaSquadra,3,FALSE()),-1)=IFERROR(VLOOKUP($H$14,areaCercaPuntiClassificaSquadra,3,FALSE()),-2)),SUMIFS('Calendario A'!$P$8:$P$110,'Calendario A'!$M$8:$M$110,$H14,'Calendario A'!$T$8:$T$110,$H$14)+SUMIFS('Calendario A'!$W$8:$W$110,'Calendario A'!$T$8:$T$110,$H14,'Calendario A'!$M$8:$M$110,$H$14)+SUMIFS('Calendario A'!$O$8:$O$110,'Calendario A'!$M$8:$M$110,$H14,'Calendario A'!$T$8:$T$110,$H$14)+SUMIFS('Calendario A'!$V$8:$V$110,'Calendario A'!$T$8:$T$110,$H14,'Calendario A'!$M$8:$M$110,$H$14),"-") -> - | AK14: =IF(AND($H14<>"",$H$15<>"",$H14<>$H$15,IFERROR(VLOOKUP($H14,areaCercaPuntiClassificaSquadra,3,FALSE()),-1)=IFERROR(VLOOKUP($H$15,areaCercaPuntiClassificaSquadra,3,FALSE()),-2)),SUMIFS('Calendario A'!$P$8:$P$110,'Calendario A'!$M$8:$M$110,$H14,'Calendario A'!$T$8:$T$110,$H$15)+SUMIFS('Calendario A'!$W$8:$W$110,'Calendario A'!$T$8:$T$110,$H14,'Calendario A'!$M$8:$M$110,$H$15)+SUMIFS('Calendario A'!$O$8:$O$110,'Calendario A'!$M$8:$M$110,$H14,'Calendario A'!$T$8:$T$110,$H$15)+SUMIFS('Calendario A'!$V$8:$V$110,'Calendario A'!$T$8:$T$110,$H14,'Calendario A'!$M$8:$M$110,$H$15),"-") -> - | AL14: =IF(AND($H14<>"",$H$16<>"",$H14<>$H$16,IFERROR(VLOOKUP($H14,areaCercaPuntiClassificaSquadra,3,FALSE()),-1)=IFERROR(VLOOKUP($H$16,areaCercaPuntiClassificaSquadra,3,FALSE()),-2)),SUMIFS('Calendario A'!$P$8:$P$110,'Calendario A'!$M$8:$M$110,$H14,'Calendario A'!$T$8:$T$110,$H$16)+SUMIFS('Calendario A'!$W$8:$W$110,'Calendario A'!$T$8:$T$110,$H14,'Calendario A'!$M$8:$M$110,$H$16)+SUMIFS('Calendario A'!$O$8:$O$110,'Calendario A'!$M$8:$M$110,$H14,'Calendario A'!$T$8:$T$110,$H$16)+SUMIFS('Calendario A'!$V$8:$V$110,'Calendario A'!$T$8:$T$110,$H14,'Calendario A'!$M$8:$M$110,$H$16),"-") -> - | AM14: =IF(AND($H14<>"",$H$17<>"",$H14<>$H$17,IFERROR(VLOOKUP($H14,areaCercaPuntiClassificaSquadra,3,FALSE()),-1)=IFERROR(VLOOKUP($H$17,areaCercaPuntiClassificaSquadra,3,FALSE()),-2)),SUMIFS('Calendario A'!$P$8:$P$110,'Calendario A'!$M$8:$M$110,$H14,'Calendario A'!$T$8:$T$110,$H$17)+SUMIFS('Calendario A'!$W$8:$W$110,'Calendario A'!$T$8:$T$110,$H14,'Calendario A'!$M$8:$M$110,$H$17)+SUMIFS('Calendario A'!$O$8:$O$110,'Calendario A'!$M$8:$M$110,$H14,'Calendario A'!$T$8:$T$110,$H$17)+SUMIFS('Calendario A'!$V$8:$V$110,'Calendario A'!$T$8:$T$110,$H14,'Calendario A'!$M$8:$M$110,$H$17),"-") -> - | AN14: =IF(AND($H14<>"",$H$18<>"",$H14<>$H$18,IFERROR(VLOOKUP($H14,areaCercaPuntiClassificaSquadra,3,FALSE()),-1)=IFERROR(VLOOKUP($H$18,areaCercaPuntiClassificaSquadra,3,FALSE()),-2)),SUMIFS('Calendario A'!$P$8:$P$110,'Calendario A'!$M$8:$M$110,$H14,'Calendario A'!$T$8:$T$110,$H$18)+SUMIFS('Calendario A'!$W$8:$W$110,'Calendario A'!$T$8:$T$110,$H14,'Calendario A'!$M$8:$M$110,$H$18)+SUMIFS('Calendario A'!$O$8:$O$110,'Calendario A'!$M$8:$M$110,$H14,'Calendario A'!$T$8:$T$110,$H$18)+SUMIFS('Calendario A'!$V$8:$V$110,'Calendario A'!$T$8:$T$110,$H14,'Calendario A'!$M$8:$M$110,$H$18),"-") -> 1 | AO14: =IF(AND($H14<>"",$H$19<>"",$H14<>$H$19,IFERROR(VLOOKUP($H14,areaCercaPuntiClassificaSquadra,3,FALSE()),-1)=IFERROR(VLOOKUP($H$19,areaCercaPuntiClassificaSquadra,3,FALSE()),-2)),SUMIFS('Calendario A'!$P$8:$P$110,'Calendario A'!$M$8:$M$110,$H14,'Calendario A'!$T$8:$T$110,$H$19)+SUMIFS('Calendario A'!$W$8:$W$110,'Calendario A'!$T$8:$T$110,$H14,'Calendario A'!$M$8:$M$110,$H$19)+SUMIFS('Calendario A'!$O$8:$O$110,'Calendario A'!$M$8:$M$110,$H14,'Calendario A'!$T$8:$T$110,$H$19)+SUMIFS('Calendario A'!$V$8:$V$110,'Calendario A'!$T$8:$T$110,$H14,'Calendario A'!$M$8:$M$110,$H$19),"-") -> - | AP14: =$C14 -> Cobra Coraggiosi-Cobraopoli CA | AQ14: =IF(AND($H14<>"",$H$12<>"",$H14<>$H$12,IFERROR(VLOOKUP($H14,areaCercaPuntiClassificaSquadra,3,FALSE()),-1)=IFERROR(VLOOKUP($H$12,areaCercaPuntiClassificaSquadra,3,FALSE()),-2)),SUMIFS('Calendario A'!$Q$8:$Q$110,'Calendario A'!$M$8:$M$110,$H14,'Calendario A'!$T$8:$T$110,$H$12)+SUMIFS('Calendario A'!$X$8:$X$110,'Calendario A'!$T$8:$T$110,$H14,'Calendario A'!$M$8:$M$110,$H$12),"-") -> - | AR14: =IF(AND($H14<>"",$H$13<>"",$H14<>$H$13,IFERROR(VLOOKUP($H14,areaCercaPuntiClassificaSquadra,3,FALSE()),-1)=IFERROR(VLOOKUP($H$13,areaCercaPuntiClassificaSquadra,3,FALSE()),-2)),SUMIFS('Calendario A'!$Q$8:$Q$110,'Calendario A'!$M$8:$M$110,$H14,'Calendario A'!$T$8:$T$110,$H$13)+SUMIFS('Calendario A'!$X$8:$X$110,'Calendario A'!$T$8:$T$110,$H14,'Calendario A'!$M$8:$M$110,$H$13),"-") -> - | AS14: =IF(AND($H14<>"",$H$14<>"",$H14<>$H$14,IFERROR(VLOOKUP($H14,areaCercaPuntiClassificaSquadra,3,FALSE()),-1)=IFERROR(VLOOKUP($H$14,areaCercaPuntiClassificaSquadra,3,FALSE()),-2)),SUMIFS('Calendario A'!$Q$8:$Q$110,'Calendario A'!$M$8:$M$110,$H14,'Calendario A'!$T$8:$T$110,$H$14)+SUMIFS('Calendario A'!$X$8:$X$110,'Calendario A'!$T$8:$T$110,$H14,'Calendario A'!$M$8:$M$110,$H$14),"-") -> - | AT14: =IF(AND($H14<>"",$H$15<>"",$H14<>$H$15,IFERROR(VLOOKUP($H14,areaCercaPuntiClassificaSquadra,3,FALSE()),-1)=IFERROR(VLOOKUP($H$15,areaCercaPuntiClassificaSquadra,3,FALSE()),-2)),SUMIFS('Calendario A'!$Q$8:$Q$110,'Calendario A'!$M$8:$M$110,$H14,'Calendario A'!$T$8:$T$110,$H$15)+SUMIFS('Calendario A'!$X$8:$X$110,'Calendario A'!$T$8:$T$110,$H14,'Calendario A'!$M$8:$M$110,$H$15),"-") -> - | AU14: =IF(AND($H14<>"",$H$16<>"",$H14<>$H$16,IFERROR(VLOOKUP($H14,areaCercaPuntiClassificaSquadra,3,FALSE()),-1)=IFERROR(VLOOKUP($H$16,areaCercaPuntiClassificaSquadra,3,FALSE()),-2)),SUMIFS('Calendario A'!$Q$8:$Q$110,'Calendario A'!$M$8:$M$110,$H14,'Calendario A'!$T$8:$T$110,$H$16)+SUMIFS('Calendario A'!$X$8:$X$110,'Calendario A'!$T$8:$T$110,$H14,'Calendario A'!$M$8:$M$110,$H$16),"-") -> - | AV14: =IF(AND($H14<>"",$H$17<>"",$H14<>$H$17,IFERROR(VLOOKUP($H14,areaCercaPuntiClassificaSquadra,3,FALSE()),-1)=IFERROR(VLOOKUP($H$17,areaCercaPuntiClassificaSquadra,3,FALSE()),-2)),SUMIFS('Calendario A'!$Q$8:$Q$110,'Calendario A'!$M$8:$M$110,$H14,'Calendario A'!$T$8:$T$110,$H$17)+SUMIFS('Calendario A'!$X$8:$X$110,'Calendario A'!$T$8:$T$110,$H14,'Calendario A'!$M$8:$M$110,$H$17),"-") -> - | AW14: =IF(AND($H14<>"",$H$18<>"",$H14<>$H$18,IFERROR(VLOOKUP($H14,areaCercaPuntiClassificaSquadra,3,FALSE()),-1)=IFERROR(VLOOKUP($H$18,areaCercaPuntiClassificaSquadra,3,FALSE()),-2)),SUMIFS('Calendario A'!$Q$8:$Q$110,'Calendario A'!$M$8:$M$110,$H14,'Calendario A'!$T$8:$T$110,$H$18)+SUMIFS('Calendario A'!$X$8:$X$110,'Calendario A'!$T$8:$T$110,$H14,'Calendario A'!$M$8:$M$110,$H$18),"-") -> 50 | AX14: =IF(AND($H14<>"",$H$19<>"",$H14<>$H$19,IFERROR(VLOOKUP($H14,areaCercaPuntiClassificaSquadra,3,FALSE()),-1)=IFERROR(VLOOKUP($H$19,areaCercaPuntiClassificaSquadra,3,FALSE()),-2)),SUMIFS('Calendario A'!$Q$8:$Q$110,'Calendario A'!$M$8:$M$110,$H14,'Calendario A'!$T$8:$T$110,$H$19)+SUMIFS('Calendario A'!$X$8:$X$110,'Calendario A'!$T$8:$T$110,$H14,'Calendario A'!$M$8:$M$110,$H$19),"-") -> - | AY14: =$C14 -> Cobra Coraggiosi-Cobraopoli CA | AZ14: =IF(AND($H14<>"",$H$12<>"",$H14<>$H$12,IFERROR(VLOOKUP($H14,areaCercaPuntiClassificaSquadra,3,FALSE()),-1)=IFERROR(VLOOKUP($H$12,areaCercaPuntiClassificaSquadra,3,FALSE()),-2)),SUMIFS('Calendario A'!$R$8:$R$110,'Calendario A'!$M$8:$M$110,$H14,'Calendario A'!$T$8:$T$110,$H$12)+SUMIFS('Calendario A'!$Y$8:$Y$110,'Calendario A'!$T$8:$T$110,$H14,'Calendario A'!$M$8:$M$110,$H$12),"-") -> - | BA14: =IF(AND($H14<>"",$H$13<>"",$H14<>$H$13,IFERROR(VLOOKUP($H14,areaCercaPuntiClassificaSquadra,3,FALSE()),-1)=IFERROR(VLOOKUP($H$13,areaCercaPuntiClassificaSquadra,3,FALSE()),-2)),SUMIFS('Calendario A'!$R$8:$R$110,'Calendario A'!$M$8:$M$110,$H14,'Calendario A'!$T$8:$T$110,$H$13)+SUMIFS('Calendario A'!$Y$8:$Y$110,'Calendario A'!$T$8:$T$110,$H14,'Calendario A'!$M$8:$M$110,$H$13),"-") -> - | BB14: =IF(AND($H14<>"",$H$14<>"",$H14<>$H$14,IFERROR(VLOOKUP($H14,areaCercaPuntiClassificaSquadra,3,FALSE()),-1)=IFERROR(VLOOKUP($H$14,areaCercaPuntiClassificaSquadra,3,FALSE()),-2)),SUMIFS('Calendario A'!$R$8:$R$110,'Calendario A'!$M$8:$M$110,$H14,'Calendario A'!$T$8:$T$110,$H$14)+SUMIFS('Calendario A'!$Y$8:$Y$110,'Calendario A'!$T$8:$T$110,$H14,'Calendario A'!$M$8:$M$110,$H$14),"-") -> - | BC14: =IF(AND($H14<>"",$H$15<>"",$H14<>$H$15,IFERROR(VLOOKUP($H14,areaCercaPuntiClassificaSquadra,3,FALSE()),-1)=IFERROR(VLOOKUP($H$15,areaCercaPuntiClassificaSquadra,3,FALSE()),-2)),SUMIFS('Calendario A'!$R$8:$R$110,'Calendario A'!$M$8:$M$110,$H14,'Calendario A'!$T$8:$T$110,$H$15)+SUMIFS('Calendario A'!$Y$8:$Y$110,'Calendario A'!$T$8:$T$110,$H14,'Calendario A'!$M$8:$M$110,$H$15),"-") -> - | BD14: =IF(AND($H14<>"",$H$16<>"",$H14<>$H$16,IFERROR(VLOOKUP($H14,areaCercaPuntiClassificaSquadra,3,FALSE()),-1)=IFERROR(VLOOKUP($H$16,areaCercaPuntiClassificaSquadra,3,FALSE()),-2)),SUMIFS('Calendario A'!$R$8:$R$110,'Calendario A'!$M$8:$M$110,$H14,'Calendario A'!$T$8:$T$110,$H$16)+SUMIFS('Calendario A'!$Y$8:$Y$110,'Calendario A'!$T$8:$T$110,$H14,'Calendario A'!$M$8:$M$110,$H$16),"-") -> - | BE14: =IF(AND($H14<>"",$H$17<>"",$H14<>$H$17,IFERROR(VLOOKUP($H14,areaCercaPuntiClassificaSquadra,3,FALSE()),-1)=IFERROR(VLOOKUP($H$17,areaCercaPuntiClassificaSquadra,3,FALSE()),-2)),SUMIFS('Calendario A'!$R$8:$R$110,'Calendario A'!$M$8:$M$110,$H14,'Calendario A'!$T$8:$T$110,$H$17)+SUMIFS('Calendario A'!$Y$8:$Y$110,'Calendario A'!$T$8:$T$110,$H14,'Calendario A'!$M$8:$M$110,$H$17),"-") -> - | BF14: =IF(AND($H14<>"",$H$18<>"",$H14<>$H$18,IFERROR(VLOOKUP($H14,areaCercaPuntiClassificaSquadra,3,FALSE()),-1)=IFERROR(VLOOKUP($H$18,areaCercaPuntiClassificaSquadra,3,FALSE()),-2)),SUMIFS('Calendario A'!$R$8:$R$110,'Calendario A'!$M$8:$M$110,$H14,'Calendario A'!$T$8:$T$110,$H$18)+SUMIFS('Calendario A'!$Y$8:$Y$110,'Calendario A'!$T$8:$T$110,$H14,'Calendario A'!$M$8:$M$110,$H$18),"-") -> 58 | BG14: =IF(AND($H14<>"",$H$19<>"",$H14<>$H$19,IFERROR(VLOOKUP($H14,areaCercaPuntiClassificaSquadra,3,FALSE()),-1)=IFERROR(VLOOKUP($H$19,areaCercaPuntiClassificaSquadra,3,FALSE()),-2)),SUMIFS('Calendario A'!$R$8:$R$110,'Calendario A'!$M$8:$M$110,$H14,'Calendario A'!$T$8:$T$110,$H$19)+SUMIFS('Calendario A'!$Y$8:$Y$110,'Calendario A'!$T$8:$T$110,$H14,'Calendario A'!$M$8:$M$110,$H$19),"-") -> -
B15: A04 | C15: Delfini Dispettosi-Delfiniopoli DI | E15: A | G15: =IF($C15="","",$E15&(COUNTIFS(I$12:I$75,">"&I15,E$12:E$75,"="&E15,C$12:C$75,"<>")+COUNTIFS(I$12:I$75,"="&I15,H$12:H$75,"<="&H15,E$12:E$75,"="&E15,C$12:C$75,"<>"))) -> A8 | H15: =IF($C15="","",IFERROR(LEFT($C15,FIND("-",$C15)-1),$C15)) -> Delfini Dispettosi | I15: =TEXT(1000000000+J15,"|0000000000|")&TEXT(SUM(Y15:AF15),"0000000000|")&IF(SUM(AZ15:BG15)=0,"0000000000|",TEXT(ROUND(SUM(AQ15:AX15)/SUM(AZ15:BG15),4)*100000,"0000000000|"))&IF(P15=0,"0000000000|",TEXT(ROUND(O15/P15,4)*100000,"0000000000|")) -> |1000000009|0000000000|0000064860|0000075290| | J15: =L15*constPuntiVittoria+M15*constPuntiSconfitta+N15*constPuntiForfait+IF(D15="",0,D15) -> 9 | K15: =SUM(L15:N15) -> 7 | L15: =IF($H15="",0,SUMIF('Calendario A'!$M$8:$M$110,$H15,'Calendario A'!$N$8:$N$110)+SUMIF('Calendario A'!$T$8:$T$110,$H15,'Calendario A'!$U$8:$U$110)) -> 1 | M15: =IF($H15="",0,SUMIF('Calendario A'!$M$8:$M$110,$H15,'Calendario A'!$P$8:$P$110)+SUMIF('Calendario A'!$T$8:$T$110,$H15,'Calendario A'!$W$8:$W$110)) -> 6 | N15: =IF($H15="",0,SUMIF('Calendario A'!$M$8:$M$110,$H15,'Calendario A'!$O$8:$O$110)+SUMIF('Calendario A'!$T$8:$T$110,$H15,'Calendario A'!$V$8:$V$110)) -> 0 | O15: =IF($H15="",0,SUMIF('Calendario A'!$M$8:$M$110,$H15,'Calendario A'!$Q$8:$Q$110)+SUMIF('Calendario A'!$T$8:$T$110,$H15,'Calendario A'!$X$8:$X$110)) -> 390 | P15: =IF($H15="",0,SUMIF('Calendario A'!$M$8:$M$110,$H15,'Calendario A'!$R$8:$R$110)+SUMIF('Calendario A'!$T$8:$T$110,$H15,'Calendario A'!$Y$8:$Y$110)) -> 518 | Q15: =IF($H15="",0,SUMIF('Calendario A'!$M$8:$M$110,$H15,'Calendario A'!$S$8:$S$110)+SUMIF('Calendario A'!$T$8:$T$110,$H15,'Calendario A'!$Z$8:$Z$110)) -> -128 | R15: =IF(K15=0,0,ROUND(O15/K15,2)) -> 55.71 | S15: =IF(K15=0,0,ROUND(P15/K15,2)) -> 74 | T15: =IF(K15=0,0,ROUND(Q15/K15,2)) -> -18.29 | U15: =IF(COUNT(Y15:AF15)=0,"-",SUM(Y15:AF15)&"-"&SUM(AH15:AO15)) -> 0-1 | V15: =IF(COUNT(Y15:AF15)=0,"-",IF(SUM(AZ15:BG15)=0,TEXT(0,"0.0000"),TEXT(ROUND(SUM(AQ15:AX15)/SUM(AZ15:BG15),4),"0.0000"))) -> 0.6486 | W15: =IF(H15="","-",IF(P15=0,TEXT(0,"0.0000"),TEXT(ROUND(O15/P15,4),"0.0000"))) -> 0.7529 | X15: =$C15 -> Delfini Dispettosi-Delfiniopoli DI | Y15: =IF(AND($H15<>"",$H$12<>"",$H15<>$H$12,IFERROR(VLOOKUP($H15,areaCercaPuntiClassificaSquadra,3,FALSE()),-1)=IFERROR(VLOOKUP($H$12,areaCercaPuntiClassificaSquadra,3,FALSE()),-2)),SUMIFS('Calendario A'!$N$8:$N$110,'Calendario A'!$M$8:$M$110,$H15,'Calendario A'!$T$8:$T$110,$H$12)+SUMIFS('Calendario A'!$U$8:$U$110,'Calendario A'!$T$8:$T$110,$H15,'Calendario A'!$M$8:$M$110,$H$12),"-") -> - | Z15: =IF(AND($H15<>"",$H$13<>"",$H15<>$H$13,IFERROR(VLOOKUP($H15,areaCercaPuntiClassificaSquadra,3,FALSE()),-1)=IFERROR(VLOOKUP($H$13,areaCercaPuntiClassificaSquadra,3,FALSE()),-2)),SUMIFS('Calendario A'!$N$8:$N$110,'Calendario A'!$M$8:$M$110,$H15,'Calendario A'!$T$8:$T$110,$H$13)+SUMIFS('Calendario A'!$U$8:$U$110,'Calendario A'!$T$8:$T$110,$H15,'Calendario A'!$M$8:$M$110,$H$13),"-") -> 0 | AA15: =IF(AND($H15<>"",$H$14<>"",$H15<>$H$14,IFERROR(VLOOKUP($H15,areaCercaPuntiClassificaSquadra,3,FALSE()),-1)=IFERROR(VLOOKUP($H$14,areaCercaPuntiClassificaSquadra,3,FALSE()),-2)),SUMIFS('Calendario A'!$N$8:$N$110,'Calendario A'!$M$8:$M$110,$H15,'Calendario A'!$T$8:$T$110,$H$14)+SUMIFS('Calendario A'!$U$8:$U$110,'Calendario A'!$T$8:$T$110,$H15,'Calendario A'!$M$8:$M$110,$H$14),"-") -> - | AB15: =IF(AND($H15<>"",$H$15<>"",$H15<>$H$15,IFERROR(VLOOKUP($H15,areaCercaPuntiClassificaSquadra,3,FALSE()),-1)=IFERROR(VLOOKUP($H$15,areaCercaPuntiClassificaSquadra,3,FALSE()),-2)),SUMIFS('Calendario A'!$N$8:$N$110,'Calendario A'!$M$8:$M$110,$H15,'Calendario A'!$T$8:$T$110,$H$15)+SUMIFS('Calendario A'!$U$8:$U$110,'Calendario A'!$T$8:$T$110,$H15,'Calendario A'!$M$8:$M$110,$H$15),"-") -> - | AC15: =IF(AND($H15<>"",$H$16<>"",$H15<>$H$16,IFERROR(VLOOKUP($H15,areaCercaPuntiClassificaSquadra,3,FALSE()),-1)=IFERROR(VLOOKUP($H$16,areaCercaPuntiClassificaSquadra,3,FALSE()),-2)),SUMIFS('Calendario A'!$N$8:$N$110,'Calendario A'!$M$8:$M$110,$H15,'Calendario A'!$T$8:$T$110,$H$16)+SUMIFS('Calendario A'!$U$8:$U$110,'Calendario A'!$T$8:$T$110,$H15,'Calendario A'!$M$8:$M$110,$H$16),"-") -> - | AD15: =IF(AND($H15<>"",$H$17<>"",$H15<>$H$17,IFERROR(VLOOKUP($H15,areaCercaPuntiClassificaSquadra,3,FALSE()),-1)=IFERROR(VLOOKUP($H$17,areaCercaPuntiClassificaSquadra,3,FALSE()),-2)),SUMIFS('Calendario A'!$N$8:$N$110,'Calendario A'!$M$8:$M$110,$H15,'Calendario A'!$T$8:$T$110,$H$17)+SUMIFS('Calendario A'!$U$8:$U$110,'Calendario A'!$T$8:$T$110,$H15,'Calendario A'!$M$8:$M$110,$H$17),"-") -> - | AE15: =IF(AND($H15<>"",$H$18<>"",$H15<>$H$18,IFERROR(VLOOKUP($H15,areaCercaPuntiClassificaSquadra,3,FALSE()),-1)=IFERROR(VLOOKUP($H$18,areaCercaPuntiClassificaSquadra,3,FALSE()),-2)),SUMIFS('Calendario A'!$N$8:$N$110,'Calendario A'!$M$8:$M$110,$H15,'Calendario A'!$T$8:$T$110,$H$18)+SUMIFS('Calendario A'!$U$8:$U$110,'Calendario A'!$T$8:$T$110,$H15,'Calendario A'!$M$8:$M$110,$H$18),"-") -> - | AF15: =IF(AND($H15<>"",$H$19<>"",$H15<>$H$19,IFERROR(VLOOKUP($H15,areaCercaPuntiClassificaSquadra,3,FALSE()),-1)=IFERROR(VLOOKUP($H$19,areaCercaPuntiClassificaSquadra,3,FALSE()),-2)),SUMIFS('Calendario A'!$N$8:$N$110,'Calendario A'!$M$8:$M$110,$H15,'Calendario A'!$T$8:$T$110,$H$19)+SUMIFS('Calendario A'!$U$8:$U$110,'Calendario A'!$T$8:$T$110,$H15,'Calendario A'!$M$8:$M$110,$H$19),"-") -> - | AG15: =$C15 -> Delfini Dispettosi-Delfiniopoli DI | AH15: =IF(AND($H15<>"",$H$12<>"",$H15<>$H$12,IFERROR(VLOOKUP($H15,areaCercaPuntiClassificaSquadra,3,FALSE()),-1)=IFERROR(VLOOKUP($H$12,areaCercaPuntiClassificaSquadra,3,FALSE()),-2)),SUMIFS('Calendario A'!$P$8:$P$110,'Calendario A'!$M$8:$M$110,$H15,'Calendario A'!$T$8:$T$110,$H$12)+SUMIFS('Calendario A'!$W$8:$W$110,'Calendario A'!$T$8:$T$110,$H15,'Calendario A'!$M$8:$M$110,$H$12)+SUMIFS('Calendario A'!$O$8:$O$110,'Calendario A'!$M$8:$M$110,$H15,'Calendario A'!$T$8:$T$110,$H$12)+SUMIFS('Calendario A'!$V$8:$V$110,'Calendario A'!$T$8:$T$110,$H15,'Calendario A'!$M$8:$M$110,$H$12),"-") -> - | AI15: =IF(AND($H15<>"",$H$13<>"",$H15<>$H$13,IFERROR(VLOOKUP($H15,areaCercaPuntiClassificaSquadra,3,FALSE()),-1)=IFERROR(VLOOKUP($H$13,areaCercaPuntiClassificaSquadra,3,FALSE()),-2)),SUMIFS('Calendario A'!$P$8:$P$110,'Calendario A'!$M$8:$M$110,$H15,'Calendario A'!$T$8:$T$110,$H$13)+SUMIFS('Calendario A'!$W$8:$W$110,'Calendario A'!$T$8:$T$110,$H15,'Calendario A'!$M$8:$M$110,$H$13)+SUMIFS('Calendario A'!$O$8:$O$110,'Calendario A'!$M$8:$M$110,$H15,'Calendario A'!$T$8:$T$110,$H$13)+SUMIFS('Calendario A'!$V$8:$V$110,'Calendario A'!$T$8:$T$110,$H15,'Calendario A'!$M$8:$M$110,$H$13),"-") -> 1 | AJ15: =IF(AND($H15<>"",$H$14<>"",$H15<>$H$14,IFERROR(VLOOKUP($H15,areaCercaPuntiClassificaSquadra,3,FALSE()),-1)=IFERROR(VLOOKUP($H$14,areaCercaPuntiClassificaSquadra,3,FALSE()),-2)),SUMIFS('Calendario A'!$P$8:$P$110,'Calendario A'!$M$8:$M$110,$H15,'Calendario A'!$T$8:$T$110,$H$14)+SUMIFS('Calendario A'!$W$8:$W$110,'Calendario A'!$T$8:$T$110,$H15,'Calendario A'!$M$8:$M$110,$H$14)+SUMIFS('Calendario A'!$O$8:$O$110,'Calendario A'!$M$8:$M$110,$H15,'Calendario A'!$T$8:$T$110,$H$14)+SUMIFS('Calendario A'!$V$8:$V$110,'Calendario A'!$T$8:$T$110,$H15,'Calendario A'!$M$8:$M$110,$H$14),"-") -> - | AK15: =IF(AND($H15<>"",$H$15<>"",$H15<>$H$15,IFERROR(VLOOKUP($H15,areaCercaPuntiClassificaSquadra,3,FALSE()),-1)=IFERROR(VLOOKUP($H$15,areaCercaPuntiClassificaSquadra,3,FALSE()),-2)),SUMIFS('Calendario A'!$P$8:$P$110,'Calendario A'!$M$8:$M$110,$H15,'Calendario A'!$T$8:$T$110,$H$15)+SUMIFS('Calendario A'!$W$8:$W$110,'Calendario A'!$T$8:$T$110,$H15,'Calendario A'!$M$8:$M$110,$H$15)+SUMIFS('Calendario A'!$O$8:$O$110,'Calendario A'!$M$8:$M$110,$H15,'Calendario A'!$T$8:$T$110,$H$15)+SUMIFS('Calendario A'!$V$8:$V$110,'Calendario A'!$T$8:$T$110,$H15,'Calendario A'!$M$8:$M$110,$H$15),"-") -> - | AL15: =IF(AND($H15<>"",$H$16<>"",$H15<>$H$16,IFERROR(VLOOKUP($H15,areaCercaPuntiClassificaSquadra,3,FALSE()),-1)=IFERROR(VLOOKUP($H$16,areaCercaPuntiClassificaSquadra,3,FALSE()),-2)),SUMIFS('Calendario A'!$P$8:$P$110,'Calendario A'!$M$8:$M$110,$H15,'Calendario A'!$T$8:$T$110,$H$16)+SUMIFS('Calendario A'!$W$8:$W$110,'Calendario A'!$T$8:$T$110,$H15,'Calendario A'!$M$8:$M$110,$H$16)+SUMIFS('Calendario A'!$O$8:$O$110,'Calendario A'!$M$8:$M$110,$H15,'Calendario A'!$T$8:$T$110,$H$16)+SUMIFS('Calendario A'!$V$8:$V$110,'Calendario A'!$T$8:$T$110,$H15,'Calendario A'!$M$8:$M$110,$H$16),"-") -> - | AM15: =IF(AND($H15<>"",$H$17<>"",$H15<>$H$17,IFERROR(VLOOKUP($H15,areaCercaPuntiClassificaSquadra,3,FALSE()),-1)=IFERROR(VLOOKUP($H$17,areaCercaPuntiClassificaSquadra,3,FALSE()),-2)),SUMIFS('Calendario A'!$P$8:$P$110,'Calendario A'!$M$8:$M$110,$H15,'Calendario A'!$T$8:$T$110,$H$17)+SUMIFS('Calendario A'!$W$8:$W$110,'Calendario A'!$T$8:$T$110,$H15,'Calendario A'!$M$8:$M$110,$H$17)+SUMIFS('Calendario A'!$O$8:$O$110,'Calendario A'!$M$8:$M$110,$H15,'Calendario A'!$T$8:$T$110,$H$17)+SUMIFS('Calendario A'!$V$8:$V$110,'Calendario A'!$T$8:$T$110,$H15,'Calendario A'!$M$8:$M$110,$H$17),"-") -> - | AN15: =IF(AND($H15<>"",$H$18<>"",$H15<>$H$18,IFERROR(VLOOKUP($H15,areaCercaPuntiClassificaSquadra,3,FALSE()),-1)=IFERROR(VLOOKUP($H$18,areaCercaPuntiClassificaSquadra,3,FALSE()),-2)),SUMIFS('Calendario A'!$P$8:$P$110,'Calendario A'!$M$8:$M$110,$H15,'Calendario A'!$T$8:$T$110,$H$18)+SUMIFS('Calendario A'!$W$8:$W$110,'Calendario A'!$T$8:$T$110,$H15,'Calendario A'!$M$8:$M$110,$H$18)+SUMIFS('Calendario A'!$O$8:$O$110,'Calendario A'!$M$8:$M$110,$H15,'Calendario A'!$T$8:$T$110,$H$18)+SUMIFS('Calendario A'!$V$8:$V$110,'Calendario A'!$T$8:$T$110,$H15,'Calendario A'!$M$8:$M$110,$H$18),"-") -> - | AO15: =IF(AND($H15<>"",$H$19<>"",$H15<>$H$19,IFERROR(VLOOKUP($H15,areaCercaPuntiClassificaSquadra,3,FALSE()),-1)=IFERROR(VLOOKUP($H$19,areaCercaPuntiClassificaSquadra,3,FALSE()),-2)),SUMIFS('Calendario A'!$P$8:$P$110,'Calendario A'!$M$8:$M$110,$H15,'Calendario A'!$T$8:$T$110,$H$19)+SUMIFS('Calendario A'!$W$8:$W$110,'Calendario A'!$T$8:$T$110,$H15,'Calendario A'!$M$8:$M$110,$H$19)+SUMIFS('Calendario A'!$O$8:$O$110,'Calendario A'!$M$8:$M$110,$H15,'Calendario A'!$T$8:$T$110,$H$19)+SUMIFS('Calendario A'!$V$8:$V$110,'Calendario A'!$T$8:$T$110,$H15,'Calendario A'!$M$8:$M$110,$H$19),"-") -> - | AP15: =$C15 -> Delfini Dispettosi-Delfiniopoli DI | AQ15: =IF(AND($H15<>"",$H$12<>"",$H15<>$H$12,IFERROR(VLOOKUP($H15,areaCercaPuntiClassificaSquadra,3,FALSE()),-1)=IFERROR(VLOOKUP($H$12,areaCercaPuntiClassificaSquadra,3,FALSE()),-2)),SUMIFS('Calendario A'!$Q$8:$Q$110,'Calendario A'!$M$8:$M$110,$H15,'Calendario A'!$T$8:$T$110,$H$12)+SUMIFS('Calendario A'!$X$8:$X$110,'Calendario A'!$T$8:$T$110,$H15,'Calendario A'!$M$8:$M$110,$H$12),"-") -> - | AR15: =IF(AND($H15<>"",$H$13<>"",$H15<>$H$13,IFERROR(VLOOKUP($H15,areaCercaPuntiClassificaSquadra,3,FALSE()),-1)=IFERROR(VLOOKUP($H$13,areaCercaPuntiClassificaSquadra,3,FALSE()),-2)),SUMIFS('Calendario A'!$Q$8:$Q$110,'Calendario A'!$M$8:$M$110,$H15,'Calendario A'!$T$8:$T$110,$H$13)+SUMIFS('Calendario A'!$X$8:$X$110,'Calendario A'!$T$8:$T$110,$H15,'Calendario A'!$M$8:$M$110,$H$13),"-") -> 48 | AS15: =IF(AND($H15<>"",$H$14<>"",$H15<>$H$14,IFERROR(VLOOKUP($H15,areaCercaPuntiClassificaSquadra,3,FALSE()),-1)=IFERROR(VLOOKUP($H$14,areaCercaPuntiClassificaSquadra,3,FALSE()),-2)),SUMIFS('Calendario A'!$Q$8:$Q$110,'Calendario A'!$M$8:$M$110,$H15,'Calendario A'!$T$8:$T$110,$H$14)+SUMIFS('Calendario A'!$X$8:$X$110,'Calendario A'!$T$8:$T$110,$H15,'Calendario A'!$M$8:$M$110,$H$14),"-") -> - | AT15: =IF(AND($H15<>"",$H$15<>"",$H15<>$H$15,IFERROR(VLOOKUP($H15,areaCercaPuntiClassificaSquadra,3,FALSE()),-1)=IFERROR(VLOOKUP($H$15,areaCercaPuntiClassificaSquadra,3,FALSE()),-2)),SUMIFS('Calendario A'!$Q$8:$Q$110,'Calendario A'!$M$8:$M$110,$H15,'Calendario A'!$T$8:$T$110,$H$15)+SUMIFS('Calendario A'!$X$8:$X$110,'Calendario A'!$T$8:$T$110,$H15,'Calendario A'!$M$8:$M$110,$H$15),"-") -> - | AU15: =IF(AND($H15<>"",$H$16<>"",$H15<>$H$16,IFERROR(VLOOKUP($H15,areaCercaPuntiClassificaSquadra,3,FALSE()),-1)=IFERROR(VLOOKUP($H$16,areaCercaPuntiClassificaSquadra,3,FALSE()),-2)),SUMIFS('Calendario A'!$Q$8:$Q$110,'Calendario A'!$M$8:$M$110,$H15,'Calendario A'!$T$8:$T$110,$H$16)+SUMIFS('Calendario A'!$X$8:$X$110,'Calendario A'!$T$8:$T$110,$H15,'Calendario A'!$M$8:$M$110,$H$16),"-") -> - | AV15: =IF(AND($H15<>"",$H$17<>"",$H15<>$H$17,IFERROR(VLOOKUP($H15,areaCercaPuntiClassificaSquadra,3,FALSE()),-1)=IFERROR(VLOOKUP($H$17,areaCercaPuntiClassificaSquadra,3,FALSE()),-2)),SUMIFS('Calendario A'!$Q$8:$Q$110,'Calendario A'!$M$8:$M$110,$H15,'Calendario A'!$T$8:$T$110,$H$17)+SUMIFS('Calendario A'!$X$8:$X$110,'Calendario A'!$T$8:$T$110,$H15,'Calendario A'!$M$8:$M$110,$H$17),"-") -> - | AW15: =IF(AND($H15<>"",$H$18<>"",$H15<>$H$18,IFERROR(VLOOKUP($H15,areaCercaPuntiClassificaSquadra,3,FALSE()),-1)=IFERROR(VLOOKUP($H$18,areaCercaPuntiClassificaSquadra,3,FALSE()),-2)),SUMIFS('Calendario A'!$Q$8:$Q$110,'Calendario A'!$M$8:$M$110,$H15,'Calendario A'!$T$8:$T$110,$H$18)+SUMIFS('Calendario A'!$X$8:$X$110,'Calendario A'!$T$8:$T$110,$H15,'Calendario A'!$M$8:$M$110,$H$18),"-") -> - | AX15: =IF(AND($H15<>"",$H$19<>"",$H15<>$H$19,IFERROR(VLOOKUP($H15,areaCercaPuntiClassificaSquadra,3,FALSE()),-1)=IFERROR(VLOOKUP($H$19,areaCercaPuntiClassificaSquadra,3,FALSE()),-2)),SUMIFS('Calendario A'!$Q$8:$Q$110,'Calendario A'!$M$8:$M$110,$H15,'Calendario A'!$T$8:$T$110,$H$19)+SUMIFS('Calendario A'!$X$8:$X$110,'Calendario A'!$T$8:$T$110,$H15,'Calendario A'!$M$8:$M$110,$H$19),"-") -> - | AY15: =$C15 -> Delfini Dispettosi-Delfiniopoli DI | AZ15: =IF(AND($H15<>"",$H$12<>"",$H15<>$H$12,IFERROR(VLOOKUP($H15,areaCercaPuntiClassificaSquadra,3,FALSE()),-1)=IFERROR(VLOOKUP($H$12,areaCercaPuntiClassificaSquadra,3,FALSE()),-2)),SUMIFS('Calendario A'!$R$8:$R$110,'Calendario A'!$M$8:$M$110,$H15,'Calendario A'!$T$8:$T$110,$H$12)+SUMIFS('Calendario A'!$Y$8:$Y$110,'Calendario A'!$T$8:$T$110,$H15,'Calendario A'!$M$8:$M$110,$H$12),"-") -> - | BA15: =IF(AND($H15<>"",$H$13<>"",$H15<>$H$13,IFERROR(VLOOKUP($H15,areaCercaPuntiClassificaSquadra,3,FALSE()),-1)=IFERROR(VLOOKUP($H$13,areaCercaPuntiClassificaSquadra,3,FALSE()),-2)),SUMIFS('Calendario A'!$R$8:$R$110,'Calendario A'!$M$8:$M$110,$H15,'Calendario A'!$T$8:$T$110,$H$13)+SUMIFS('Calendario A'!$Y$8:$Y$110,'Calendario A'!$T$8:$T$110,$H15,'Calendario A'!$M$8:$M$110,$H$13),"-") -> 74 | BB15: =IF(AND($H15<>"",$H$14<>"",$H15<>$H$14,IFERROR(VLOOKUP($H15,areaCercaPuntiClassificaSquadra,3,FALSE()),-1)=IFERROR(VLOOKUP($H$14,areaCercaPuntiClassificaSquadra,3,FALSE()),-2)),SUMIFS('Calendario A'!$R$8:$R$110,'Calendario A'!$M$8:$M$110,$H15,'Calendario A'!$T$8:$T$110,$H$14)+SUMIFS('Calendario A'!$Y$8:$Y$110,'Calendario A'!$T$8:$T$110,$H15,'Calendario A'!$M$8:$M$110,$H$14),"-") -> - | BC15: =IF(AND($H15<>"",$H$15<>"",$H15<>$H$15,IFERROR(VLOOKUP($H15,areaCercaPuntiClassificaSquadra,3,FALSE()),-1)=IFERROR(VLOOKUP($H$15,areaCercaPuntiClassificaSquadra,3,FALSE()),-2)),SUMIFS('Calendario A'!$R$8:$R$110,'Calendario A'!$M$8:$M$110,$H15,'Calendario A'!$T$8:$T$110,$H$15)+SUMIFS('Calendario A'!$Y$8:$Y$110,'Calendario A'!$T$8:$T$110,$H15,'Calendario A'!$M$8:$M$110,$H$15),"-") -> - | BD15: =IF(AND($H15<>"",$H$16<>"",$H15<>$H$16,IFERROR(VLOOKUP($H15,areaCercaPuntiClassificaSquadra,3,FALSE()),-1)=IFERROR(VLOOKUP($H$16,areaCercaPuntiClassificaSquadra,3,FALSE()),-2)),SUMIFS('Calendario A'!$R$8:$R$110,'Calendario A'!$M$8:$M$110,$H15,'Calendario A'!$T$8:$T$110,$H$16)+SUMIFS('Calendario A'!$Y$8:$Y$110,'Calendario A'!$T$8:$T$110,$H15,'Calendario A'!$M$8:$M$110,$H$16),"-") -> - | BE15: =IF(AND($H15<>"",$H$17<>"",$H15<>$H$17,IFERROR(VLOOKUP($H15,areaCercaPuntiClassificaSquadra,3,FALSE()),-1)=IFERROR(VLOOKUP($H$17,areaCercaPuntiClassificaSquadra,3,FALSE()),-2)),SUMIFS('Calendario A'!$R$8:$R$110,'Calendario A'!$M$8:$M$110,$H15,'Calendario A'!$T$8:$T$110,$H$17)+SUMIFS('Calendario A'!$Y$8:$Y$110,'Calendario A'!$T$8:$T$110,$H15,'Calendario A'!$M$8:$M$110,$H$17),"-") -> - | BF15: =IF(AND($H15<>"",$H$18<>"",$H15<>$H$18,IFERROR(VLOOKUP($H15,areaCercaPuntiClassificaSquadra,3,FALSE()),-1)=IFERROR(VLOOKUP($H$18,areaCercaPuntiClassificaSquadra,3,FALSE()),-2)),SUMIFS('Calendario A'!$R$8:$R$110,'Calendario A'!$M$8:$M$110,$H15,'Calendario A'!$T$8:$T$110,$H$18)+SUMIFS('Calendario A'!$Y$8:$Y$110,'Calendario A'!$T$8:$T$110,$H15,'Calendario A'!$M$8:$M$110,$H$18),"-") -> - | BG15: =IF(AND($H15<>"",$H$19<>"",$H15<>$H$19,IFERROR(VLOOKUP($H15,areaCercaPuntiClassificaSquadra,3,FALSE()),-1)=IFERROR(VLOOKUP($H$19,areaCercaPuntiClassificaSquadra,3,FALSE()),-2)),SUMIFS('Calendario A'!$R$8:$R$110,'Calendario A'!$M$8:$M$110,$H15,'Calendario A'!$T$8:$T$110,$H$19)+SUMIFS('Calendario A'!$Y$8:$Y$110,'Calendario A'!$T$8:$T$110,$H15,'Calendario A'!$M$8:$M$110,$H$19),"-") -> -
B16: A05 | C16: Ermellini Eleganti-Ermelliniopoli EI | E16: A | G16: =IF($C16="","",$E16&(COUNTIFS(I$12:I$75,">"&I16,E$12:E$75,"="&E16,C$12:C$75,"<>")+COUNTIFS(I$12:I$75,"="&I16,H$12:H$75,"<="&H16,E$12:E$75,"="&E16,C$12:C$75,"<>"))) -> A4 | H16: =IF($C16="","",IFERROR(LEFT($C16,FIND("-",$C16)-1),$C16)) -> Ermellini Eleganti | I16: =TEXT(1000000000+J16,"|0000000000|")&TEXT(SUM(Y16:AF16),"0000000000|")&IF(SUM(AZ16:BG16)=0,"0000000000|",TEXT(ROUND(SUM(AQ16:AX16)/SUM(AZ16:BG16),4)*100000,"0000000000|"))&IF(P16=0,"0000000000|",TEXT(ROUND(O16/P16,4)*100000,"0000000000|")) -> |1000000015|0000000000|0000081820|0000108210| | J16: =L16*constPuntiVittoria+M16*constPuntiSconfitta+N16*constPuntiForfait+IF(D16="",0,D16) -> 15 | K16: =SUM(L16:N16) -> 7 | L16: =IF($H16="",0,SUMIF('Calendario A'!$M$8:$M$110,$H16,'Calendario A'!$N$8:$N$110)+SUMIF('Calendario A'!$T$8:$T$110,$H16,'Calendario A'!$U$8:$U$110)) -> 4 | M16: =IF($H16="",0,SUMIF('Calendario A'!$M$8:$M$110,$H16,'Calendario A'!$P$8:$P$110)+SUMIF('Calendario A'!$T$8:$T$110,$H16,'Calendario A'!$W$8:$W$110)) -> 3 | N16: =IF($H16="",0,SUMIF('Calendario A'!$M$8:$M$110,$H16,'Calendario A'!$O$8:$O$110)+SUMIF('Calendario A'!$T$8:$T$110,$H16,'Calendario A'!$V$8:$V$110)) -> 0 | O16: =IF($H16="",0,SUMIF('Calendario A'!$M$8:$M$110,$H16,'Calendario A'!$Q$8:$Q$110)+SUMIF('Calendario A'!$T$8:$T$110,$H16,'Calendario A'!$X$8:$X$110)) -> 435 | P16: =IF($H16="",0,SUMIF('Calendario A'!$M$8:$M$110,$H16,'Calendario A'!$R$8:$R$110)+SUMIF('Calendario A'!$T$8:$T$110,$H16,'Calendario A'!$Y$8:$Y$110)) -> 402 | Q16: =IF($H16="",0,SUMIF('Calendario A'!$M$8:$M$110,$H16,'Calendario A'!$S$8:$S$110)+SUMIF('Calendario A'!$T$8:$T$110,$H16,'Calendario A'!$Z$8:$Z$110)) -> 33 | R16: =IF(K16=0,0,ROUND(O16/K16,2)) -> 62.14 | S16: =IF(K16=0,0,ROUND(P16/K16,2)) -> 57.43 | T16: =IF(K16=0,0,ROUND(Q16/K16,2)) -> 4.71 | U16: =IF(COUNT(Y16:AF16)=0,"-",SUM(Y16:AF16)&"-"&SUM(AH16:AO16)) -> 0-1 | V16: =IF(COUNT(Y16:AF16)=0,"-",IF(SUM(AZ16:BG16)=0,TEXT(0,"0.0000"),TEXT(ROUND(SUM(AQ16:AX16)/SUM(AZ16:BG16),4),"0.0000"))) -> 0.8182 | W16: =IF(H16="","-",IF(P16=0,TEXT(0,"0.0000"),TEXT(ROUND(O16/P16,4),"0.0000"))) -> 1.0821 | X16: =$C16 -> Ermellini Eleganti-Ermelliniopoli EI | Y16: =IF(AND($H16<>"",$H$12<>"",$H16<>$H$12,IFERROR(VLOOKUP($H16,areaCercaPuntiClassificaSquadra,3,FALSE()),-1)=IFERROR(VLOOKUP($H$12,areaCercaPuntiClassificaSquadra,3,FALSE()),-2)),SUMIFS('Calendario A'!$N$8:$N$110,'Calendario A'!$M$8:$M$110,$H16,'Calendario A'!$T$8:$T$110,$H$12)+SUMIFS('Calendario A'!$U$8:$U$110,'Calendario A'!$T$8:$T$110,$H16,'Calendario A'!$M$8:$M$110,$H$12),"-") -> - | Z16: =IF(AND($H16<>"",$H$13<>"",$H16<>$H$13,IFERROR(VLOOKUP($H16,areaCercaPuntiClassificaSquadra,3,FALSE()),-1)=IFERROR(VLOOKUP($H$13,areaCercaPuntiClassificaSquadra,3,FALSE()),-2)),SUMIFS('Calendario A'!$N$8:$N$110,'Calendario A'!$M$8:$M$110,$H16,'Calendario A'!$T$8:$T$110,$H$13)+SUMIFS('Calendario A'!$U$8:$U$110,'Calendario A'!$T$8:$T$110,$H16,'Calendario A'!$M$8:$M$110,$H$13),"-") -> - | AA16: =IF(AND($H16<>"",$H$14<>"",$H16<>$H$14,IFERROR(VLOOKUP($H16,areaCercaPuntiClassificaSquadra,3,FALSE()),-1)=IFERROR(VLOOKUP($H$14,areaCercaPuntiClassificaSquadra,3,FALSE()),-2)),SUMIFS('Calendario A'!$N$8:$N$110,'Calendario A'!$M$8:$M$110,$H16,'Calendario A'!$T$8:$T$110,$H$14)+SUMIFS('Calendario A'!$U$8:$U$110,'Calendario A'!$T$8:$T$110,$H16,'Calendario A'!$M$8:$M$110,$H$14),"-") -> - | AB16: =IF(AND($H16<>"",$H$15<>"",$H16<>$H$15,IFERROR(VLOOKUP($H16,areaCercaPuntiClassificaSquadra,3,FALSE()),-1)=IFERROR(VLOOKUP($H$15,areaCercaPuntiClassificaSquadra,3,FALSE()),-2)),SUMIFS('Calendario A'!$N$8:$N$110,'Calendario A'!$M$8:$M$110,$H16,'Calendario A'!$T$8:$T$110,$H$15)+SUMIFS('Calendario A'!$U$8:$U$110,'Calendario A'!$T$8:$T$110,$H16,'Calendario A'!$M$8:$M$110,$H$15),"-") -> - | AC16: =IF(AND($H16<>"",$H$16<>"",$H16<>$H$16,IFERROR(VLOOKUP($H16,areaCercaPuntiClassificaSquadra,3,FALSE()),-1)=IFERROR(VLOOKUP($H$16,areaCercaPuntiClassificaSquadra,3,FALSE()),-2)),SUMIFS('Calendario A'!$N$8:$N$110,'Calendario A'!$M$8:$M$110,$H16,'Calendario A'!$T$8:$T$110,$H$16)+SUMIFS('Calendario A'!$U$8:$U$110,'Calendario A'!$T$8:$T$110,$H16,'Calendario A'!$M$8:$M$110,$H$16),"-") -> - | AD16: =IF(AND($H16<>"",$H$17<>"",$H16<>$H$17,IFERROR(VLOOKUP($H16,areaCercaPuntiClassificaSquadra,3,FALSE()),-1)=IFERROR(VLOOKUP($H$17,areaCercaPuntiClassificaSquadra,3,FALSE()),-2)),SUMIFS('Calendario A'!$N$8:$N$110,'Calendario A'!$M$8:$M$110,$H16,'Calendario A'!$T$8:$T$110,$H$17)+SUMIFS('Calendario A'!$U$8:$U$110,'Calendario A'!$T$8:$T$110,$H16,'Calendario A'!$M$8:$M$110,$H$17),"-") -> - | AE16: =IF(AND($H16<>"",$H$18<>"",$H16<>$H$18,IFERROR(VLOOKUP($H16,areaCercaPuntiClassificaSquadra,3,FALSE()),-1)=IFERROR(VLOOKUP($H$18,areaCercaPuntiClassificaSquadra,3,FALSE()),-2)),SUMIFS('Calendario A'!$N$8:$N$110,'Calendario A'!$M$8:$M$110,$H16,'Calendario A'!$T$8:$T$110,$H$18)+SUMIFS('Calendario A'!$U$8:$U$110,'Calendario A'!$T$8:$T$110,$H16,'Calendario A'!$M$8:$M$110,$H$18),"-") -> - | AF16: =IF(AND($H16<>"",$H$19<>"",$H16<>$H$19,IFERROR(VLOOKUP($H16,areaCercaPuntiClassificaSquadra,3,FALSE()),-1)=IFERROR(VLOOKUP($H$19,areaCercaPuntiClassificaSquadra,3,FALSE()),-2)),SUMIFS('Calendario A'!$N$8:$N$110,'Calendario A'!$M$8:$M$110,$H16,'Calendario A'!$T$8:$T$110,$H$19)+SUMIFS('Calendario A'!$U$8:$U$110,'Calendario A'!$T$8:$T$110,$H16,'Calendario A'!$M$8:$M$110,$H$19),"-") -> 0 | AG16: =$C16 -> Ermellini Eleganti-Ermelliniopoli EI | AH16: =IF(AND($H16<>"",$H$12<>"",$H16<>$H$12,IFERROR(VLOOKUP($H16,areaCercaPuntiClassificaSquadra,3,FALSE()),-1)=IFERROR(VLOOKUP($H$12,areaCercaPuntiClassificaSquadra,3,FALSE()),-2)),SUMIFS('Calendario A'!$P$8:$P$110,'Calendario A'!$M$8:$M$110,$H16,'Calendario A'!$T$8:$T$110,$H$12)+SUMIFS('Calendario A'!$W$8:$W$110,'Calendario A'!$T$8:$T$110,$H16,'Calendario A'!$M$8:$M$110,$H$12)+SUMIFS('Calendario A'!$O$8:$O$110,'Calendario A'!$M$8:$M$110,$H16,'Calendario A'!$T$8:$T$110,$H$12)+SUMIFS('Calendario A'!$V$8:$V$110,'Calendario A'!$T$8:$T$110,$H16,'Calendario A'!$M$8:$M$110,$H$12),"-") -> - | AI16: =IF(AND($H16<>"",$H$13<>"",$H16<>$H$13,IFERROR(VLOOKUP($H16,areaCercaPuntiClassificaSquadra,3,FALSE()),-1)=IFERROR(VLOOKUP($H$13,areaCercaPuntiClassificaSquadra,3,FALSE()),-2)),SUMIFS('Calendario A'!$P$8:$P$110,'Calendario A'!$M$8:$M$110,$H16,'Calendario A'!$T$8:$T$110,$H$13)+SUMIFS('Calendario A'!$W$8:$W$110,'Calendario A'!$T$8:$T$110,$H16,'Calendario A'!$M$8:$M$110,$H$13)+SUMIFS('Calendario A'!$O$8:$O$110,'Calendario A'!$M$8:$M$110,$H16,'Calendario A'!$T$8:$T$110,$H$13)+SUMIFS('Calendario A'!$V$8:$V$110,'Calendario A'!$T$8:$T$110,$H16,'Calendario A'!$M$8:$M$110,$H$13),"-") -> - | AJ16: =IF(AND($H16<>"",$H$14<>"",$H16<>$H$14,IFERROR(VLOOKUP($H16,areaCercaPuntiClassificaSquadra,3,FALSE()),-1)=IFERROR(VLOOKUP($H$14,areaCercaPuntiClassificaSquadra,3,FALSE()),-2)),SUMIFS('Calendario A'!$P$8:$P$110,'Calendario A'!$M$8:$M$110,$H16,'Calendario A'!$T$8:$T$110,$H$14)+SUMIFS('Calendario A'!$W$8:$W$110,'Calendario A'!$T$8:$T$110,$H16,'Calendario A'!$M$8:$M$110,$H$14)+SUMIFS('Calendario A'!$O$8:$O$110,'Calendario A'!$M$8:$M$110,$H16,'Calendario A'!$T$8:$T$110,$H$14)+SUMIFS('Calendario A'!$V$8:$V$110,'Calendario A'!$T$8:$T$110,$H16,'Calendario A'!$M$8:$M$110,$H$14),"-") -> - | AK16: =IF(AND($H16<>"",$H$15<>"",$H16<>$H$15,IFERROR(VLOOKUP($H16,areaCercaPuntiClassificaSquadra,3,FALSE()),-1)=IFERROR(VLOOKUP($H$15,areaCercaPuntiClassificaSquadra,3,FALSE()),-2)),SUMIFS('Calendario A'!$P$8:$P$110,'Calendario A'!$M$8:$M$110,$H16,'Calendario A'!$T$8:$T$110,$H$15)+SUMIFS('Calendario A'!$W$8:$W$110,'Calendario A'!$T$8:$T$110,$H16,'Calendario A'!$M$8:$M$110,$H$15)+SUMIFS('Calendario A'!$O$8:$O$110,'Calendario A'!$M$8:$M$110,$H16,'Calendario A'!$T$8:$T$110,$H$15)+SUMIFS('Calendario A'!$V$8:$V$110,'Calendario A'!$T$8:$T$110,$H16,'Calendario A'!$M$8:$M$110,$H$15),"-") -> - | AL16: =IF(AND($H16<>"",$H$16<>"",$H16<>$H$16,IFERROR(VLOOKUP($H16,areaCercaPuntiClassificaSquadra,3,FALSE()),-1)=IFERROR(VLOOKUP($H$16,areaCercaPuntiClassificaSquadra,3,FALSE()),-2)),SUMIFS('Calendario A'!$P$8:$P$110,'Calendario A'!$M$8:$M$110,$H16,'Calendario A'!$T$8:$T$110,$H$16)+SUMIFS('Calendario A'!$W$8:$W$110,'Calendario A'!$T$8:$T$110,$H16,'Calendario A'!$M$8:$M$110,$H$16)+SUMIFS('Calendario A'!$O$8:$O$110,'Calendario A'!$M$8:$M$110,$H16,'Calendario A'!$T$8:$T$110,$H$16)+SUMIFS('Calendario A'!$V$8:$V$110,'Calendario A'!$T$8:$T$110,$H16,'Calendario A'!$M$8:$M$110,$H$16),"-") -> - | AM16: =IF(AND($H16<>"",$H$17<>"",$H16<>$H$17,IFERROR(VLOOKUP($H16,areaCercaPuntiClassificaSquadra,3,FALSE()),-1)=IFERROR(VLOOKUP($H$17,areaCercaPuntiClassificaSquadra,3,FALSE()),-2)),SUMIFS('Calendario A'!$P$8:$P$110,'Calendario A'!$M$8:$M$110,$H16,'Calendario A'!$T$8:$T$110,$H$17)+SUMIFS('Calendario A'!$W$8:$W$110,'Calendario A'!$T$8:$T$110,$H16,'Calendario A'!$M$8:$M$110,$H$17)+SUMIFS('Calendario A'!$O$8:$O$110,'Calendario A'!$M$8:$M$110,$H16,'Calendario A'!$T$8:$T$110,$H$17)+SUMIFS('Calendario A'!$V$8:$V$110,'Calendario A'!$T$8:$T$110,$H16,'Calendario A'!$M$8:$M$110,$H$17),"-") -> - | AN16: =IF(AND($H16<>"",$H$18<>"",$H16<>$H$18,IFERROR(VLOOKUP($H16,areaCercaPuntiClassificaSquadra,3,FALSE()),-1)=IFERROR(VLOOKUP($H$18,areaCercaPuntiClassificaSquadra,3,FALSE()),-2)),SUMIFS('Calendario A'!$P$8:$P$110,'Calendario A'!$M$8:$M$110,$H16,'Calendario A'!$T$8:$T$110,$H$18)+SUMIFS('Calendario A'!$W$8:$W$110,'Calendario A'!$T$8:$T$110,$H16,'Calendario A'!$M$8:$M$110,$H$18)+SUMIFS('Calendario A'!$O$8:$O$110,'Calendario A'!$M$8:$M$110,$H16,'Calendario A'!$T$8:$T$110,$H$18)+SUMIFS('Calendario A'!$V$8:$V$110,'Calendario A'!$T$8:$T$110,$H16,'Calendario A'!$M$8:$M$110,$H$18),"-") -> - | AO16: =IF(AND($H16<>"",$H$19<>"",$H16<>$H$19,IFERROR(VLOOKUP($H16,areaCercaPuntiClassificaSquadra,3,FALSE()),-1)=IFERROR(VLOOKUP($H$19,areaCercaPuntiClassificaSquadra,3,FALSE()),-2)),SUMIFS('Calendario A'!$P$8:$P$110,'Calendario A'!$M$8:$M$110,$H16,'Calendario A'!$T$8:$T$110,$H$19)+SUMIFS('Calendario A'!$W$8:$W$110,'Calendario A'!$T$8:$T$110,$H16,'Calendario A'!$M$8:$M$110,$H$19)+SUMIFS('Calendario A'!$O$8:$O$110,'Calendario A'!$M$8:$M$110,$H16,'Calendario A'!$T$8:$T$110,$H$19)+SUMIFS('Calendario A'!$V$8:$V$110,'Calendario A'!$T$8:$T$110,$H16,'Calendario A'!$M$8:$M$110,$H$19),"-") -> 1 | AP16: =$C16 -> Ermellini Eleganti-Ermelliniopoli EI | AQ16: =IF(AND($H16<>"",$H$12<>"",$H16<>$H$12,IFERROR(VLOOKUP($H16,areaCercaPuntiClassificaSquadra,3,FALSE()),-1)=IFERROR(VLOOKUP($H$12,areaCercaPuntiClassificaSquadra,3,FALSE()),-2)),SUMIFS('Calendario A'!$Q$8:$Q$110,'Calendario A'!$M$8:$M$110,$H16,'Calendario A'!$T$8:$T$110,$H$12)+SUMIFS('Calendario A'!$X$8:$X$110,'Calendario A'!$T$8:$T$110,$H16,'Calendario A'!$M$8:$M$110,$H$12),"-") -> - | AR16: =IF(AND($H16<>"",$H$13<>"",$H16<>$H$13,IFERROR(VLOOKUP($H16,areaCercaPuntiClassificaSquadra,3,FALSE()),-1)=IFERROR(VLOOKUP($H$13,areaCercaPuntiClassificaSquadra,3,FALSE()),-2)),SUMIFS('Calendario A'!$Q$8:$Q$110,'Calendario A'!$M$8:$M$110,$H16,'Calendario A'!$T$8:$T$110,$H$13)+SUMIFS('Calendario A'!$X$8:$X$110,'Calendario A'!$T$8:$T$110,$H16,'Calendario A'!$M$8:$M$110,$H$13),"-") -> - | AS16: =IF(AND($H16<>"",$H$14<>"",$H16<>$H$14,IFERROR(VLOOKUP($H16,areaCercaPuntiClassificaSquadra,3,FALSE()),-1)=IFERROR(VLOOKUP($H$14,areaCercaPuntiClassificaSquadra,3,FALSE()),-2)),SUMIFS('Calendario A'!$Q$8:$Q$110,'Calendario A'!$M$8:$M$110,$H16,'Calendario A'!$T$8:$T$110,$H$14)+SUMIFS('Calendario A'!$X$8:$X$110,'Calendario A'!$T$8:$T$110,$H16,'Calendario A'!$M$8:$M$110,$H$14),"-") -> - | AT16: =IF(AND($H16<>"",$H$15<>"",$H16<>$H$15,IFERROR(VLOOKUP($H16,areaCercaPuntiClassificaSquadra,3,FALSE()),-1)=IFERROR(VLOOKUP($H$15,areaCercaPuntiClassificaSquadra,3,FALSE()),-2)),SUMIFS('Calendario A'!$Q$8:$Q$110,'Calendario A'!$M$8:$M$110,$H16,'Calendario A'!$T$8:$T$110,$H$15)+SUMIFS('Calendario A'!$X$8:$X$110,'Calendario A'!$T$8:$T$110,$H16,'Calendario A'!$M$8:$M$110,$H$15),"-") -> - | AU16: =IF(AND($H16<>"",$H$16<>"",$H16<>$H$16,IFERROR(VLOOKUP($H16,areaCercaPuntiClassificaSquadra,3,FALSE()),-1)=IFERROR(VLOOKUP($H$16,areaCercaPuntiClassificaSquadra,3,FALSE()),-2)),SUMIFS('Calendario A'!$Q$8:$Q$110,'Calendario A'!$M$8:$M$110,$H16,'Calendario A'!$T$8:$T$110,$H$16)+SUMIFS('Calendario A'!$X$8:$X$110,'Calendario A'!$T$8:$T$110,$H16,'Calendario A'!$M$8:$M$110,$H$16),"-") -> - | AV16: =IF(AND($H16<>"",$H$17<>"",$H16<>$H$17,IFERROR(VLOOKUP($H16,areaCercaPuntiClassificaSquadra,3,FALSE()),-1)=IFERROR(VLOOKUP($H$17,areaCercaPuntiClassificaSquadra,3,FALSE()),-2)),SUMIFS('Calendario A'!$Q$8:$Q$110,'Calendario A'!$M$8:$M$110,$H16,'Calendario A'!$T$8:$T$110,$H$17)+SUMIFS('Calendario A'!$X$8:$X$110,'Calendario A'!$T$8:$T$110,$H16,'Calendario A'!$M$8:$M$110,$H$17),"-") -> - | AW16: =IF(AND($H16<>"",$H$18<>"",$H16<>$H$18,IFERROR(VLOOKUP($H16,areaCercaPuntiClassificaSquadra,3,FALSE()),-1)=IFERROR(VLOOKUP($H$18,areaCercaPuntiClassificaSquadra,3,FALSE()),-2)),SUMIFS('Calendario A'!$Q$8:$Q$110,'Calendario A'!$M$8:$M$110,$H16,'Calendario A'!$T$8:$T$110,$H$18)+SUMIFS('Calendario A'!$X$8:$X$110,'Calendario A'!$T$8:$T$110,$H16,'Calendario A'!$M$8:$M$110,$H$18),"-") -> - | AX16: =IF(AND($H16<>"",$H$19<>"",$H16<>$H$19,IFERROR(VLOOKUP($H16,areaCercaPuntiClassificaSquadra,3,FALSE()),-1)=IFERROR(VLOOKUP($H$19,areaCercaPuntiClassificaSquadra,3,FALSE()),-2)),SUMIFS('Calendario A'!$Q$8:$Q$110,'Calendario A'!$M$8:$M$110,$H16,'Calendario A'!$T$8:$T$110,$H$19)+SUMIFS('Calendario A'!$X$8:$X$110,'Calendario A'!$T$8:$T$110,$H16,'Calendario A'!$M$8:$M$110,$H$19),"-") -> 45 | AY16: =$C16 -> Ermellini Eleganti-Ermelliniopoli EI | AZ16: =IF(AND($H16<>"",$H$12<>"",$H16<>$H$12,IFERROR(VLOOKUP($H16,areaCercaPuntiClassificaSquadra,3,FALSE()),-1)=IFERROR(VLOOKUP($H$12,areaCercaPuntiClassificaSquadra,3,FALSE()),-2)),SUMIFS('Calendario A'!$R$8:$R$110,'Calendario A'!$M$8:$M$110,$H16,'Calendario A'!$T$8:$T$110,$H$12)+SUMIFS('Calendario A'!$Y$8:$Y$110,'Calendario A'!$T$8:$T$110,$H16,'Calendario A'!$M$8:$M$110,$H$12),"-") -> - | BA16: =IF(AND($H16<>"",$H$13<>"",$H16<>$H$13,IFERROR(VLOOKUP($H16,areaCercaPuntiClassificaSquadra,3,FALSE()),-1)=IFERROR(VLOOKUP($H$13,areaCercaPuntiClassificaSquadra,3,FALSE()),-2)),SUMIFS('Calendario A'!$R$8:$R$110,'Calendario A'!$M$8:$M$110,$H16,'Calendario A'!$T$8:$T$110,$H$13)+SUMIFS('Calendario A'!$Y$8:$Y$110,'Calendario A'!$T$8:$T$110,$H16,'Calendario A'!$M$8:$M$110,$H$13),"-") -> - | BB16: =IF(AND($H16<>"",$H$14<>"",$H16<>$H$14,IFERROR(VLOOKUP($H16,areaCercaPuntiClassificaSquadra,3,FALSE()),-1)=IFERROR(VLOOKUP($H$14,areaCercaPuntiClassificaSquadra,3,FALSE()),-2)),SUMIFS('Calendario A'!$R$8:$R$110,'Calendario A'!$M$8:$M$110,$H16,'Calendario A'!$T$8:$T$110,$H$14)+SUMIFS('Calendario A'!$Y$8:$Y$110,'Calendario A'!$T$8:$T$110,$H16,'Calendario A'!$M$8:$M$110,$H$14),"-") -> - | BC16: =IF(AND($H16<>"",$H$15<>"",$H16<>$H$15,IFERROR(VLOOKUP($H16,areaCercaPuntiClassificaSquadra,3,FALSE()),-1)=IFERROR(VLOOKUP($H$15,areaCercaPuntiClassificaSquadra,3,FALSE()),-2)),SUMIFS('Calendario A'!$R$8:$R$110,'Calendario A'!$M$8:$M$110,$H16,'Calendario A'!$T$8:$T$110,$H$15)+SUMIFS('Calendario A'!$Y$8:$Y$110,'Calendario A'!$T$8:$T$110,$H16,'Calendario A'!$M$8:$M$110,$H$15),"-") -> - | BD16: =IF(AND($H16<>"",$H$16<>"",$H16<>$H$16,IFERROR(VLOOKUP($H16,areaCercaPuntiClassificaSquadra,3,FALSE()),-1)=IFERROR(VLOOKUP($H$16,areaCercaPuntiClassificaSquadra,3,FALSE()),-2)),SUMIFS('Calendario A'!$R$8:$R$110,'Calendario A'!$M$8:$M$110,$H16,'Calendario A'!$T$8:$T$110,$H$16)+SUMIFS('Calendario A'!$Y$8:$Y$110,'Calendario A'!$T$8:$T$110,$H16,'Calendario A'!$M$8:$M$110,$H$16),"-") -> - | BE16: =IF(AND($H16<>"",$H$17<>"",$H16<>$H$17,IFERROR(VLOOKUP($H16,areaCercaPuntiClassificaSquadra,3,FALSE()),-1)=IFERROR(VLOOKUP($H$17,areaCercaPuntiClassificaSquadra,3,FALSE()),-2)),SUMIFS('Calendario A'!$R$8:$R$110,'Calendario A'!$M$8:$M$110,$H16,'Calendario A'!$T$8:$T$110,$H$17)+SUMIFS('Calendario A'!$Y$8:$Y$110,'Calendario A'!$T$8:$T$110,$H16,'Calendario A'!$M$8:$M$110,$H$17),"-") -> - | BF16: =IF(AND($H16<>"",$H$18<>"",$H16<>$H$18,IFERROR(VLOOKUP($H16,areaCercaPuntiClassificaSquadra,3,FALSE()),-1)=IFERROR(VLOOKUP($H$18,areaCercaPuntiClassificaSquadra,3,FALSE()),-2)),SUMIFS('Calendario A'!$R$8:$R$110,'Calendario A'!$M$8:$M$110,$H16,'Calendario A'!$T$8:$T$110,$H$18)+SUMIFS('Calendario A'!$Y$8:$Y$110,'Calendario A'!$T$8:$T$110,$H16,'Calendario A'!$M$8:$M$110,$H$18),"-") -> - | BG16: =IF(AND($H16<>"",$H$19<>"",$H16<>$H$19,IFERROR(VLOOKUP($H16,areaCercaPuntiClassificaSquadra,3,FALSE()),-1)=IFERROR(VLOOKUP($H$19,areaCercaPuntiClassificaSquadra,3,FALSE()),-2)),SUMIFS('Calendario A'!$R$8:$R$110,'Calendario A'!$M$8:$M$110,$H16,'Calendario A'!$T$8:$T$110,$H$19)+SUMIFS('Calendario A'!$Y$8:$Y$110,'Calendario A'!$T$8:$T$110,$H16,'Calendario A'!$M$8:$M$110,$H$19),"-") -> 55
B17: A06 | C17: Falchi Furiosi-Falchiopoli FI | E17: A | G17: =IF($C17="","",$E17&(COUNTIFS(I$12:I$75,">"&I17,E$12:E$75,"="&E17,C$12:C$75,"<>")+COUNTIFS(I$12:I$75,"="&I17,H$12:H$75,"<="&H17,E$12:E$75,"="&E17,C$12:C$75,"<>"))) -> A2 | H17: =IF($C17="","",IFERROR(LEFT($C17,FIND("-",$C17)-1),$C17)) -> Falchi Furiosi | I17: =TEXT(1000000000+J17,"|0000000000|")&TEXT(SUM(Y17:AF17),"0000000000|")&IF(SUM(AZ17:BG17)=0,"0000000000|",TEXT(ROUND(SUM(AQ17:AX17)/SUM(AZ17:BG17),4)*100000,"0000000000|"))&IF(P17=0,"0000000000|",TEXT(ROUND(O17/P17,4)*100000,"0000000000|")) -> |1000000017|0000000000|0000000000|0000121910| | J17: =L17*constPuntiVittoria+M17*constPuntiSconfitta+N17*constPuntiForfait+IF(D17="",0,D17) -> 17 | K17: =SUM(L17:N17) -> 7 | L17: =IF($H17="",0,SUMIF('Calendario A'!$M$8:$M$110,$H17,'Calendario A'!$N$8:$N$110)+SUMIF('Calendario A'!$T$8:$T$110,$H17,'Calendario A'!$U$8:$U$110)) -> 5 | M17: =IF($H17="",0,SUMIF('Calendario A'!$M$8:$M$110,$H17,'Calendario A'!$P$8:$P$110)+SUMIF('Calendario A'!$T$8:$T$110,$H17,'Calendario A'!$W$8:$W$110)) -> 2 | N17: =IF($H17="",0,SUMIF('Calendario A'!$M$8:$M$110,$H17,'Calendario A'!$O$8:$O$110)+SUMIF('Calendario A'!$T$8:$T$110,$H17,'Calendario A'!$V$8:$V$110)) -> 0 | O17: =IF($H17="",0,SUMIF('Calendario A'!$M$8:$M$110,$H17,'Calendario A'!$Q$8:$Q$110)+SUMIF('Calendario A'!$T$8:$T$110,$H17,'Calendario A'!$X$8:$X$110)) -> 473 | P17: =IF($H17="",0,SUMIF('Calendario A'!$M$8:$M$110,$H17,'Calendario A'!$R$8:$R$110)+SUMIF('Calendario A'!$T$8:$T$110,$H17,'Calendario A'!$Y$8:$Y$110)) -> 388 | Q17: =IF($H17="",0,SUMIF('Calendario A'!$M$8:$M$110,$H17,'Calendario A'!$S$8:$S$110)+SUMIF('Calendario A'!$T$8:$T$110,$H17,'Calendario A'!$Z$8:$Z$110)) -> 85 | R17: =IF(K17=0,0,ROUND(O17/K17,2)) -> 67.57 | S17: =IF(K17=0,0,ROUND(P17/K17,2)) -> 55.43 | T17: =IF(K17=0,0,ROUND(Q17/K17,2)) -> 12.14 | U17: =IF(COUNT(Y17:AF17)=0,"-",SUM(Y17:AF17)&"-"&SUM(AH17:AO17)) -> - | V17: =IF(COUNT(Y17:AF17)=0,"-",IF(SUM(AZ17:BG17)=0,TEXT(0,"0.0000"),TEXT(ROUND(SUM(AQ17:AX17)/SUM(AZ17:BG17),4),"0.0000"))) -> - | W17: =IF(H17="","-",IF(P17=0,TEXT(0,"0.0000"),TEXT(ROUND(O17/P17,4),"0.0000"))) -> 1.2191 | X17: =$C17 -> Falchi Furiosi-Falchiopoli FI | Y17: =IF(AND($H17<>"",$H$12<>"",$H17<>$H$12,IFERROR(VLOOKUP($H17,areaCercaPuntiClassificaSquadra,3,FALSE()),-1)=IFERROR(VLOOKUP($H$12,areaCercaPuntiClassificaSquadra,3,FALSE()),-2)),SUMIFS('Calendario A'!$N$8:$N$110,'Calendario A'!$M$8:$M$110,$H17,'Calendario A'!$T$8:$T$110,$H$12)+SUMIFS('Calendario A'!$U$8:$U$110,'Calendario A'!$T$8:$T$110,$H17,'Calendario A'!$M$8:$M$110,$H$12),"-") -> - | Z17: =IF(AND($H17<>"",$H$13<>"",$H17<>$H$13,IFERROR(VLOOKUP($H17,areaCercaPuntiClassificaSquadra,3,FALSE()),-1)=IFERROR(VLOOKUP($H$13,areaCercaPuntiClassificaSquadra,3,FALSE()),-2)),SUMIFS('Calendario A'!$N$8:$N$110,'Calendario A'!$M$8:$M$110,$H17,'Calendario A'!$T$8:$T$110,$H$13)+SUMIFS('Calendario A'!$U$8:$U$110,'Calendario A'!$T$8:$T$110,$H17,'Calendario A'!$M$8:$M$110,$H$13),"-") -> - | AA17: =IF(AND($H17<>"",$H$14<>"",$H17<>$H$14,IFERROR(VLOOKUP($H17,areaCercaPuntiClassificaSquadra,3,FALSE()),-1)=IFERROR(VLOOKUP($H$14,areaCercaPuntiClassificaSquadra,3,FALSE()),-2)),SUMIFS('Calendario A'!$N$8:$N$110,'Calendario A'!$M$8:$M$110,$H17,'Calendario A'!$T$8:$T$110,$H$14)+SUMIFS('Calendario A'!$U$8:$U$110,'Calendario A'!$T$8:$T$110,$H17,'Calendario A'!$M$8:$M$110,$H$14),"-") -> - | AB17: =IF(AND($H17<>"",$H$15<>"",$H17<>$H$15,IFERROR(VLOOKUP($H17,areaCercaPuntiClassificaSquadra,3,FALSE()),-1)=IFERROR(VLOOKUP($H$15,areaCercaPuntiClassificaSquadra,3,FALSE()),-2)),SUMIFS('Calendario A'!$N$8:$N$110,'Calendario A'!$M$8:$M$110,$H17,'Calendario A'!$T$8:$T$110,$H$15)+SUMIFS('Calendario A'!$U$8:$U$110,'Calendario A'!$T$8:$T$110,$H17,'Calendario A'!$M$8:$M$110,$H$15),"-") -> - | AC17: =IF(AND($H17<>"",$H$16<>"",$H17<>$H$16,IFERROR(VLOOKUP($H17,areaCercaPuntiClassificaSquadra,3,FALSE()),-1)=IFERROR(VLOOKUP($H$16,areaCercaPuntiClassificaSquadra,3,FALSE()),-2)),SUMIFS('Calendario A'!$N$8:$N$110,'Calendario A'!$M$8:$M$110,$H17,'Calendario A'!$T$8:$T$110,$H$16)+SUMIFS('Calendario A'!$U$8:$U$110,'Calendario A'!$T$8:$T$110,$H17,'Calendario A'!$M$8:$M$110,$H$16),"-") -> - | AD17: =IF(AND($H17<>"",$H$17<>"",$H17<>$H$17,IFERROR(VLOOKUP($H17,areaCercaPuntiClassificaSquadra,3,FALSE()),-1)=IFERROR(VLOOKUP($H$17,areaCercaPuntiClassificaSquadra,3,FALSE()),-2)),SUMIFS('Calendario A'!$N$8:$N$110,'Calendario A'!$M$8:$M$110,$H17,'Calendario A'!$T$8:$T$110,$H$17)+SUMIFS('Calendario A'!$U$8:$U$110,'Calendario A'!$T$8:$T$110,$H17,'Calendario A'!$M$8:$M$110,$H$17),"-") -> - | AE17: =IF(AND($H17<>"",$H$18<>"",$H17<>$H$18,IFERROR(VLOOKUP($H17,areaCercaPuntiClassificaSquadra,3,FALSE()),-1)=IFERROR(VLOOKUP($H$18,areaCercaPuntiClassificaSquadra,3,FALSE()),-2)),SUMIFS('Calendario A'!$N$8:$N$110,'Calendario A'!$M$8:$M$110,$H17,'Calendario A'!$T$8:$T$110,$H$18)+SUMIFS('Calendario A'!$U$8:$U$110,'Calendario A'!$T$8:$T$110,$H17,'Calendario A'!$M$8:$M$110,$H$18),"-") -> - | AF17: =IF(AND($H17<>"",$H$19<>"",$H17<>$H$19,IFERROR(VLOOKUP($H17,areaCercaPuntiClassificaSquadra,3,FALSE()),-1)=IFERROR(VLOOKUP($H$19,areaCercaPuntiClassificaSquadra,3,FALSE()),-2)),SUMIFS('Calendario A'!$N$8:$N$110,'Calendario A'!$M$8:$M$110,$H17,'Calendario A'!$T$8:$T$110,$H$19)+SUMIFS('Calendario A'!$U$8:$U$110,'Calendario A'!$T$8:$T$110,$H17,'Calendario A'!$M$8:$M$110,$H$19),"-") -> - | AG17: =$C17 -> Falchi Furiosi-Falchiopoli FI | AH17: =IF(AND($H17<>"",$H$12<>"",$H17<>$H$12,IFERROR(VLOOKUP($H17,areaCercaPuntiClassificaSquadra,3,FALSE()),-1)=IFERROR(VLOOKUP($H$12,areaCercaPuntiClassificaSquadra,3,FALSE()),-2)),SUMIFS('Calendario A'!$P$8:$P$110,'Calendario A'!$M$8:$M$110,$H17,'Calendario A'!$T$8:$T$110,$H$12)+SUMIFS('Calendario A'!$W$8:$W$110,'Calendario A'!$T$8:$T$110,$H17,'Calendario A'!$M$8:$M$110,$H$12)+SUMIFS('Calendario A'!$O$8:$O$110,'Calendario A'!$M$8:$M$110,$H17,'Calendario A'!$T$8:$T$110,$H$12)+SUMIFS('Calendario A'!$V$8:$V$110,'Calendario A'!$T$8:$T$110,$H17,'Calendario A'!$M$8:$M$110,$H$12),"-") -> - | AI17: =IF(AND($H17<>"",$H$13<>"",$H17<>$H$13,IFERROR(VLOOKUP($H17,areaCercaPuntiClassificaSquadra,3,FALSE()),-1)=IFERROR(VLOOKUP($H$13,areaCercaPuntiClassificaSquadra,3,FALSE()),-2)),SUMIFS('Calendario A'!$P$8:$P$110,'Calendario A'!$M$8:$M$110,$H17,'Calendario A'!$T$8:$T$110,$H$13)+SUMIFS('Calendario A'!$W$8:$W$110,'Calendario A'!$T$8:$T$110,$H17,'Calendario A'!$M$8:$M$110,$H$13)+SUMIFS('Calendario A'!$O$8:$O$110,'Calendario A'!$M$8:$M$110,$H17,'Calendario A'!$T$8:$T$110,$H$13)+SUMIFS('Calendario A'!$V$8:$V$110,'Calendario A'!$T$8:$T$110,$H17,'Calendario A'!$M$8:$M$110,$H$13),"-") -> - | AJ17: =IF(AND($H17<>"",$H$14<>"",$H17<>$H$14,IFERROR(VLOOKUP($H17,areaCercaPuntiClassificaSquadra,3,FALSE()),-1)=IFERROR(VLOOKUP($H$14,areaCercaPuntiClassificaSquadra,3,FALSE()),-2)),SUMIFS('Calendario A'!$P$8:$P$110,'Calendario A'!$M$8:$M$110,$H17,'Calendario A'!$T$8:$T$110,$H$14)+SUMIFS('Calendario A'!$W$8:$W$110,'Calendario A'!$T$8:$T$110,$H17,'Calendario A'!$M$8:$M$110,$H$14)+SUMIFS('Calendario A'!$O$8:$O$110,'Calendario A'!$M$8:$M$110,$H17,'Calendario A'!$T$8:$T$110,$H$14)+SUMIFS('Calendario A'!$V$8:$V$110,'Calendario A'!$T$8:$T$110,$H17,'Calendario A'!$M$8:$M$110,$H$14),"-") -> - | AK17: =IF(AND($H17<>"",$H$15<>"",$H17<>$H$15,IFERROR(VLOOKUP($H17,areaCercaPuntiClassificaSquadra,3,FALSE()),-1)=IFERROR(VLOOKUP($H$15,areaCercaPuntiClassificaSquadra,3,FALSE()),-2)),SUMIFS('Calendario A'!$P$8:$P$110,'Calendario A'!$M$8:$M$110,$H17,'Calendario A'!$T$8:$T$110,$H$15)+SUMIFS('Calendario A'!$W$8:$W$110,'Calendario A'!$T$8:$T$110,$H17,'Calendario A'!$M$8:$M$110,$H$15)+SUMIFS('Calendario A'!$O$8:$O$110,'Calendario A'!$M$8:$M$110,$H17,'Calendario A'!$T$8:$T$110,$H$15)+SUMIFS('Calendario A'!$V$8:$V$110,'Calendario A'!$T$8:$T$110,$H17,'Calendario A'!$M$8:$M$110,$H$15),"-") -> - | AL17: =IF(AND($H17<>"",$H$16<>"",$H17<>$H$16,IFERROR(VLOOKUP($H17,areaCercaPuntiClassificaSquadra,3,FALSE()),-1)=IFERROR(VLOOKUP($H$16,areaCercaPuntiClassificaSquadra,3,FALSE()),-2)),SUMIFS('Calendario A'!$P$8:$P$110,'Calendario A'!$M$8:$M$110,$H17,'Calendario A'!$T$8:$T$110,$H$16)+SUMIFS('Calendario A'!$W$8:$W$110,'Calendario A'!$T$8:$T$110,$H17,'Calendario A'!$M$8:$M$110,$H$16)+SUMIFS('Calendario A'!$O$8:$O$110,'Calendario A'!$M$8:$M$110,$H17,'Calendario A'!$T$8:$T$110,$H$16)+SUMIFS('Calendario A'!$V$8:$V$110,'Calendario A'!$T$8:$T$110,$H17,'Calendario A'!$M$8:$M$110,$H$16),"-") -> - | AM17: =IF(AND($H17<>"",$H$17<>"",$H17<>$H$17,IFERROR(VLOOKUP($H17,areaCercaPuntiClassificaSquadra,3,FALSE()),-1)=IFERROR(VLOOKUP($H$17,areaCercaPuntiClassificaSquadra,3,FALSE()),-2)),SUMIFS('Calendario A'!$P$8:$P$110,'Calendario A'!$M$8:$M$110,$H17,'Calendario A'!$T$8:$T$110,$H$17)+SUMIFS('Calendario A'!$W$8:$W$110,'Calendario A'!$T$8:$T$110,$H17,'Calendario A'!$M$8:$M$110,$H$17)+SUMIFS('Calendario A'!$O$8:$O$110,'Calendario A'!$M$8:$M$110,$H17,'Calendario A'!$T$8:$T$110,$H$17)+SUMIFS('Calendario A'!$V$8:$V$110,'Calendario A'!$T$8:$T$110,$H17,'Calendario A'!$M$8:$M$110,$H$17),"-") -> - | AN17: =IF(AND($H17<>"",$H$18<>"",$H17<>$H$18,IFERROR(VLOOKUP($H17,areaCercaPuntiClassificaSquadra,3,FALSE()),-1)=IFERROR(VLOOKUP($H$18,areaCercaPuntiClassificaSquadra,3,FALSE()),-2)),SUMIFS('Calendario A'!$P$8:$P$110,'Calendario A'!$M$8:$M$110,$H17,'Calendario A'!$T$8:$T$110,$H$18)+SUMIFS('Calendario A'!$W$8:$W$110,'Calendario A'!$T$8:$T$110,$H17,'Calendario A'!$M$8:$M$110,$H$18)+SUMIFS('Calendario A'!$O$8:$O$110,'Calendario A'!$M$8:$M$110,$H17,'Calendario A'!$T$8:$T$110,$H$18)+SUMIFS('Calendario A'!$V$8:$V$110,'Calendario A'!$T$8:$T$110,$H17,'Calendario A'!$M$8:$M$110,$H$18),"-") -> - | AO17: =IF(AND($H17<>"",$H$19<>"",$H17<>$H$19,IFERROR(VLOOKUP($H17,areaCercaPuntiClassificaSquadra,3,FALSE()),-1)=IFERROR(VLOOKUP($H$19,areaCercaPuntiClassificaSquadra,3,FALSE()),-2)),SUMIFS('Calendario A'!$P$8:$P$110,'Calendario A'!$M$8:$M$110,$H17,'Calendario A'!$T$8:$T$110,$H$19)+SUMIFS('Calendario A'!$W$8:$W$110,'Calendario A'!$T$8:$T$110,$H17,'Calendario A'!$M$8:$M$110,$H$19)+SUMIFS('Calendario A'!$O$8:$O$110,'Calendario A'!$M$8:$M$110,$H17,'Calendario A'!$T$8:$T$110,$H$19)+SUMIFS('Calendario A'!$V$8:$V$110,'Calendario A'!$T$8:$T$110,$H17,'Calendario A'!$M$8:$M$110,$H$19),"-") -> - | AP17: =$C17 -> Falchi Furiosi-Falchiopoli FI | AQ17: =IF(AND($H17<>"",$H$12<>"",$H17<>$H$12,IFERROR(VLOOKUP($H17,areaCercaPuntiClassificaSquadra,3,FALSE()),-1)=IFERROR(VLOOKUP($H$12,areaCercaPuntiClassificaSquadra,3,FALSE()),-2)),SUMIFS('Calendario A'!$Q$8:$Q$110,'Calendario A'!$M$8:$M$110,$H17,'Calendario A'!$T$8:$T$110,$H$12)+SUMIFS('Calendario A'!$X$8:$X$110,'Calendario A'!$T$8:$T$110,$H17,'Calendario A'!$M$8:$M$110,$H$12),"-") -> - | AR17: =IF(AND($H17<>"",$H$13<>"",$H17<>$H$13,IFERROR(VLOOKUP($H17,areaCercaPuntiClassificaSquadra,3,FALSE()),-1)=IFERROR(VLOOKUP($H$13,areaCercaPuntiClassificaSquadra,3,FALSE()),-2)),SUMIFS('Calendario A'!$Q$8:$Q$110,'Calendario A'!$M$8:$M$110,$H17,'Calendario A'!$T$8:$T$110,$H$13)+SUMIFS('Calendario A'!$X$8:$X$110,'Calendario A'!$T$8:$T$110,$H17,'Calendario A'!$M$8:$M$110,$H$13),"-") -> - | AS17: =IF(AND($H17<>"",$H$14<>"",$H17<>$H$14,IFERROR(VLOOKUP($H17,areaCercaPuntiClassificaSquadra,3,FALSE()),-1)=IFERROR(VLOOKUP($H$14,areaCercaPuntiClassificaSquadra,3,FALSE()),-2)),SUMIFS('Calendario A'!$Q$8:$Q$110,'Calendario A'!$M$8:$M$110,$H17,'Calendario A'!$T$8:$T$110,$H$14)+SUMIFS('Calendario A'!$X$8:$X$110,'Calendario A'!$T$8:$T$110,$H17,'Calendario A'!$M$8:$M$110,$H$14),"-") -> - | AT17: =IF(AND($H17<>"",$H$15<>"",$H17<>$H$15,IFERROR(VLOOKUP($H17,areaCercaPuntiClassificaSquadra,3,FALSE()),-1)=IFERROR(VLOOKUP($H$15,areaCercaPuntiClassificaSquadra,3,FALSE()),-2)),SUMIFS('Calendario A'!$Q$8:$Q$110,'Calendario A'!$M$8:$M$110,$H17,'Calendario A'!$T$8:$T$110,$H$15)+SUMIFS('Calendario A'!$X$8:$X$110,'Calendario A'!$T$8:$T$110,$H17,'Calendario A'!$M$8:$M$110,$H$15),"-") -> - | AU17: =IF(AND($H17<>"",$H$16<>"",$H17<>$H$16,IFERROR(VLOOKUP($H17,areaCercaPuntiClassificaSquadra,3,FALSE()),-1)=IFERROR(VLOOKUP($H$16,areaCercaPuntiClassificaSquadra,3,FALSE()),-2)),SUMIFS('Calendario A'!$Q$8:$Q$110,'Calendario A'!$M$8:$M$110,$H17,'Calendario A'!$T$8:$T$110,$H$16)+SUMIFS('Calendario A'!$X$8:$X$110,'Calendario A'!$T$8:$T$110,$H17,'Calendario A'!$M$8:$M$110,$H$16),"-") -> - | AV17: =IF(AND($H17<>"",$H$17<>"",$H17<>$H$17,IFERROR(VLOOKUP($H17,areaCercaPuntiClassificaSquadra,3,FALSE()),-1)=IFERROR(VLOOKUP($H$17,areaCercaPuntiClassificaSquadra,3,FALSE()),-2)),SUMIFS('Calendario A'!$Q$8:$Q$110,'Calendario A'!$M$8:$M$110,$H17,'Calendario A'!$T$8:$T$110,$H$17)+SUMIFS('Calendario A'!$X$8:$X$110,'Calendario A'!$T$8:$T$110,$H17,'Calendario A'!$M$8:$M$110,$H$17),"-") -> - | AW17: =IF(AND($H17<>"",$H$18<>"",$H17<>$H$18,IFERROR(VLOOKUP($H17,areaCercaPuntiClassificaSquadra,3,FALSE()),-1)=IFERROR(VLOOKUP($H$18,areaCercaPuntiClassificaSquadra,3,FALSE()),-2)),SUMIFS('Calendario A'!$Q$8:$Q$110,'Calendario A'!$M$8:$M$110,$H17,'Calendario A'!$T$8:$T$110,$H$18)+SUMIFS('Calendario A'!$X$8:$X$110,'Calendario A'!$T$8:$T$110,$H17,'Calendario A'!$M$8:$M$110,$H$18),"-") -> - | AX17: =IF(AND($H17<>"",$H$19<>"",$H17<>$H$19,IFERROR(VLOOKUP($H17,areaCercaPuntiClassificaSquadra,3,FALSE()),-1)=IFERROR(VLOOKUP($H$19,areaCercaPuntiClassificaSquadra,3,FALSE()),-2)),SUMIFS('Calendario A'!$Q$8:$Q$110,'Calendario A'!$M$8:$M$110,$H17,'Calendario A'!$T$8:$T$110,$H$19)+SUMIFS('Calendario A'!$X$8:$X$110,'Calendario A'!$T$8:$T$110,$H17,'Calendario A'!$M$8:$M$110,$H$19),"-") -> - | AY17: =$C17 -> Falchi Furiosi-Falchiopoli FI | AZ17: =IF(AND($H17<>"",$H$12<>"",$H17<>$H$12,IFERROR(VLOOKUP($H17,areaCercaPuntiClassificaSquadra,3,FALSE()),-1)=IFERROR(VLOOKUP($H$12,areaCercaPuntiClassificaSquadra,3,FALSE()),-2)),SUMIFS('Calendario A'!$R$8:$R$110,'Calendario A'!$M$8:$M$110,$H17,'Calendario A'!$T$8:$T$110,$H$12)+SUMIFS('Calendario A'!$Y$8:$Y$110,'Calendario A'!$T$8:$T$110,$H17,'Calendario A'!$M$8:$M$110,$H$12),"-") -> - | BA17: =IF(AND($H17<>"",$H$13<>"",$H17<>$H$13,IFERROR(VLOOKUP($H17,areaCercaPuntiClassificaSquadra,3,FALSE()),-1)=IFERROR(VLOOKUP($H$13,areaCercaPuntiClassificaSquadra,3,FALSE()),-2)),SUMIFS('Calendario A'!$R$8:$R$110,'Calendario A'!$M$8:$M$110,$H17,'Calendario A'!$T$8:$T$110,$H$13)+SUMIFS('Calendario A'!$Y$8:$Y$110,'Calendario A'!$T$8:$T$110,$H17,'Calendario A'!$M$8:$M$110,$H$13),"-") -> - | BB17: =IF(AND($H17<>"",$H$14<>"",$H17<>$H$14,IFERROR(VLOOKUP($H17,areaCercaPuntiClassificaSquadra,3,FALSE()),-1)=IFERROR(VLOOKUP($H$14,areaCercaPuntiClassificaSquadra,3,FALSE()),-2)),SUMIFS('Calendario A'!$R$8:$R$110,'Calendario A'!$M$8:$M$110,$H17,'Calendario A'!$T$8:$T$110,$H$14)+SUMIFS('Calendario A'!$Y$8:$Y$110,'Calendario A'!$T$8:$T$110,$H17,'Calendario A'!$M$8:$M$110,$H$14),"-") -> - | BC17: =IF(AND($H17<>"",$H$15<>"",$H17<>$H$15,IFERROR(VLOOKUP($H17,areaCercaPuntiClassificaSquadra,3,FALSE()),-1)=IFERROR(VLOOKUP($H$15,areaCercaPuntiClassificaSquadra,3,FALSE()),-2)),SUMIFS('Calendario A'!$R$8:$R$110,'Calendario A'!$M$8:$M$110,$H17,'Calendario A'!$T$8:$T$110,$H$15)+SUMIFS('Calendario A'!$Y$8:$Y$110,'Calendario A'!$T$8:$T$110,$H17,'Calendario A'!$M$8:$M$110,$H$15),"-") -> - | BD17: =IF(AND($H17<>"",$H$16<>"",$H17<>$H$16,IFERROR(VLOOKUP($H17,areaCercaPuntiClassificaSquadra,3,FALSE()),-1)=IFERROR(VLOOKUP($H$16,areaCercaPuntiClassificaSquadra,3,FALSE()),-2)),SUMIFS('Calendario A'!$R$8:$R$110,'Calendario A'!$M$8:$M$110,$H17,'Calendario A'!$T$8:$T$110,$H$16)+SUMIFS('Calendario A'!$Y$8:$Y$110,'Calendario A'!$T$8:$T$110,$H17,'Calendario A'!$M$8:$M$110,$H$16),"-") -> - | BE17: =IF(AND($H17<>"",$H$17<>"",$H17<>$H$17,IFERROR(VLOOKUP($H17,areaCercaPuntiClassificaSquadra,3,FALSE()),-1)=IFERROR(VLOOKUP($H$17,areaCercaPuntiClassificaSquadra,3,FALSE()),-2)),SUMIFS('Calendario A'!$R$8:$R$110,'Calendario A'!$M$8:$M$110,$H17,'Calendario A'!$T$8:$T$110,$H$17)+SUMIFS('Calendario A'!$Y$8:$Y$110,'Calendario A'!$T$8:$T$110,$H17,'Calendario A'!$M$8:$M$110,$H$17),"-") -> - | BF17: =IF(AND($H17<>"",$H$18<>"",$H17<>$H$18,IFERROR(VLOOKUP($H17,areaCercaPuntiClassificaSquadra,3,FALSE()),-1)=IFERROR(VLOOKUP($H$18,areaCercaPuntiClassificaSquadra,3,FALSE()),-2)),SUMIFS('Calendario A'!$R$8:$R$110,'Calendario A'!$M$8:$M$110,$H17,'Calendario A'!$T$8:$T$110,$H$18)+SUMIFS('Calendario A'!$Y$8:$Y$110,'Calendario A'!$T$8:$T$110,$H17,'Calendario A'!$M$8:$M$110,$H$18),"-") -> - | BG17: =IF(AND($H17<>"",$H$19<>"",$H17<>$H$19,IFERROR(VLOOKUP($H17,areaCercaPuntiClassificaSquadra,3,FALSE()),-1)=IFERROR(VLOOKUP($H$19,areaCercaPuntiClassificaSquadra,3,FALSE()),-2)),SUMIFS('Calendario A'!$R$8:$R$110,'Calendario A'!$M$8:$M$110,$H17,'Calendario A'!$T$8:$T$110,$H$19)+SUMIFS('Calendario A'!$Y$8:$Y$110,'Calendario A'!$T$8:$T$110,$H17,'Calendario A'!$M$8:$M$110,$H$19),"-") -> -
B18: A07 | C18: Gazzelle Gagliarde-Gazzelleopoli GE | E18: A | G18: =IF($C18="","",$E18&(COUNTIFS(I$12:I$75,">"&I18,E$12:E$75,"="&E18,C$12:C$75,"<>")+COUNTIFS(I$12:I$75,"="&I18,H$12:H$75,"<="&H18,E$12:E$75,"="&E18,C$12:C$75,"<>"))) -> A5 | H18: =IF($C18="","",IFERROR(LEFT($C18,FIND("-",$C18)-1),$C18)) -> Gazzelle Gagliarde | I18: =TEXT(1000000000+J18,"|0000000000|")&TEXT(SUM(Y18:AF18),"0000000000|")&IF(SUM(AZ18:BG18)=0,"0000000000|",TEXT(ROUND(SUM(AQ18:AX18)/SUM(AZ18:BG18),4)*100000,"0000000000|"))&IF(P18=0,"0000000000|",TEXT(ROUND(O18/P18,4)*100000,"0000000000|")) -> |1000000013|0000000001|0000116000|0000089720| | J18: =L18*constPuntiVittoria+M18*constPuntiSconfitta+N18*constPuntiForfait+IF(D18="",0,D18) -> 13 | K18: =SUM(L18:N18) -> 7 | L18: =IF($H18="",0,SUMIF('Calendario A'!$M$8:$M$110,$H18,'Calendario A'!$N$8:$N$110)+SUMIF('Calendario A'!$T$8:$T$110,$H18,'Calendario A'!$U$8:$U$110)) -> 3 | M18: =IF($H18="",0,SUMIF('Calendario A'!$M$8:$M$110,$H18,'Calendario A'!$P$8:$P$110)+SUMIF('Calendario A'!$T$8:$T$110,$H18,'Calendario A'!$W$8:$W$110)) -> 4 | N18: =IF($H18="",0,SUMIF('Calendario A'!$M$8:$M$110,$H18,'Calendario A'!$O$8:$O$110)+SUMIF('Calendario A'!$T$8:$T$110,$H18,'Calendario A'!$V$8:$V$110)) -> 0 | O18: =IF($H18="",0,SUMIF('Calendario A'!$M$8:$M$110,$H18,'Calendario A'!$Q$8:$Q$110)+SUMIF('Calendario A'!$T$8:$T$110,$H18,'Calendario A'!$X$8:$X$110)) -> 419 | P18: =IF($H18="",0,SUMIF('Calendario A'!$M$8:$M$110,$H18,'Calendario A'!$R$8:$R$110)+SUMIF('Calendario A'!$T$8:$T$110,$H18,'Calendario A'!$Y$8:$Y$110)) -> 467 | Q18: =IF($H18="",0,SUMIF('Calendario A'!$M$8:$M$110,$H18,'Calendario A'!$S$8:$S$110)+SUMIF('Calendario A'!$T$8:$T$110,$H18,'Calendario A'!$Z$8:$Z$110)) -> -48 | R18: =IF(K18=0,0,ROUND(O18/K18,2)) -> 59.86 | S18: =IF(K18=0,0,ROUND(P18/K18,2)) -> 66.71 | T18: =IF(K18=0,0,ROUND(Q18/K18,2)) -> -6.86 | U18: =IF(COUNT(Y18:AF18)=0,"-",SUM(Y18:AF18)&"-"&SUM(AH18:AO18)) -> 1-0 | V18: =IF(COUNT(Y18:AF18)=0,"-",IF(SUM(AZ18:BG18)=0,TEXT(0,"0.0000"),TEXT(ROUND(SUM(AQ18:AX18)/SUM(AZ18:BG18),4),"0.0000"))) -> 1.1600 | W18: =IF(H18="","-",IF(P18=0,TEXT(0,"0.0000"),TEXT(ROUND(O18/P18,4),"0.0000"))) -> 0.8972 | X18: =$C18 -> Gazzelle Gagliarde-Gazzelleopoli GE | Y18: =IF(AND($H18<>"",$H$12<>"",$H18<>$H$12,IFERROR(VLOOKUP($H18,areaCercaPuntiClassificaSquadra,3,FALSE()),-1)=IFERROR(VLOOKUP($H$12,areaCercaPuntiClassificaSquadra,3,FALSE()),-2)),SUMIFS('Calendario A'!$N$8:$N$110,'Calendario A'!$M$8:$M$110,$H18,'Calendario A'!$T$8:$T$110,$H$12)+SUMIFS('Calendario A'!$U$8:$U$110,'Calendario A'!$T$8:$T$110,$H18,'Calendario A'!$M$8:$M$110,$H$12),"-") -> - | Z18: =IF(AND($H18<>"",$H$13<>"",$H18<>$H$13,IFERROR(VLOOKUP($H18,areaCercaPuntiClassificaSquadra,3,FALSE()),-1)=IFERROR(VLOOKUP($H$13,areaCercaPuntiClassificaSquadra,3,FALSE()),-2)),SUMIFS('Calendario A'!$N$8:$N$110,'Calendario A'!$M$8:$M$110,$H18,'Calendario A'!$T$8:$T$110,$H$13)+SUMIFS('Calendario A'!$U$8:$U$110,'Calendario A'!$T$8:$T$110,$H18,'Calendario A'!$M$8:$M$110,$H$13),"-") -> - | AA18: =IF(AND($H18<>"",$H$14<>"",$H18<>$H$14,IFERROR(VLOOKUP($H18,areaCercaPuntiClassificaSquadra,3,FALSE()),-1)=IFERROR(VLOOKUP($H$14,areaCercaPuntiClassificaSquadra,3,FALSE()),-2)),SUMIFS('Calendario A'!$N$8:$N$110,'Calendario A'!$M$8:$M$110,$H18,'Calendario A'!$T$8:$T$110,$H$14)+SUMIFS('Calendario A'!$U$8:$U$110,'Calendario A'!$T$8:$T$110,$H18,'Calendario A'!$M$8:$M$110,$H$14),"-") -> 1 | AB18: =IF(AND($H18<>"",$H$15<>"",$H18<>$H$15,IFERROR(VLOOKUP($H18,areaCercaPuntiClassificaSquadra,3,FALSE()),-1)=IFERROR(VLOOKUP($H$15,areaCercaPuntiClassificaSquadra,3,FALSE()),-2)),SUMIFS('Calendario A'!$N$8:$N$110,'Calendario A'!$M$8:$M$110,$H18,'Calendario A'!$T$8:$T$110,$H$15)+SUMIFS('Calendario A'!$U$8:$U$110,'Calendario A'!$T$8:$T$110,$H18,'Calendario A'!$M$8:$M$110,$H$15),"-") -> - | AC18: =IF(AND($H18<>"",$H$16<>"",$H18<>$H$16,IFERROR(VLOOKUP($H18,areaCercaPuntiClassificaSquadra,3,FALSE()),-1)=IFERROR(VLOOKUP($H$16,areaCercaPuntiClassificaSquadra,3,FALSE()),-2)),SUMIFS('Calendario A'!$N$8:$N$110,'Calendario A'!$M$8:$M$110,$H18,'Calendario A'!$T$8:$T$110,$H$16)+SUMIFS('Calendario A'!$U$8:$U$110,'Calendario A'!$T$8:$T$110,$H18,'Calendario A'!$M$8:$M$110,$H$16),"-") -> - | AD18: =IF(AND($H18<>"",$H$17<>"",$H18<>$H$17,IFERROR(VLOOKUP($H18,areaCercaPuntiClassificaSquadra,3,FALSE()),-1)=IFERROR(VLOOKUP($H$17,areaCercaPuntiClassificaSquadra,3,FALSE()),-2)),SUMIFS('Calendario A'!$N$8:$N$110,'Calendario A'!$M$8:$M$110,$H18,'Calendario A'!$T$8:$T$110,$H$17)+SUMIFS('Calendario A'!$U$8:$U$110,'Calendario A'!$T$8:$T$110,$H18,'Calendario A'!$M$8:$M$110,$H$17),"-") -> - | AE18: =IF(AND($H18<>"",$H$18<>"",$H18<>$H$18,IFERROR(VLOOKUP($H18,areaCercaPuntiClassificaSquadra,3,FALSE()),-1)=IFERROR(VLOOKUP($H$18,areaCercaPuntiClassificaSquadra,3,FALSE()),-2)),SUMIFS('Calendario A'!$N$8:$N$110,'Calendario A'!$M$8:$M$110,$H18,'Calendario A'!$T$8:$T$110,$H$18)+SUMIFS('Calendario A'!$U$8:$U$110,'Calendario A'!$T$8:$T$110,$H18,'Calendario A'!$M$8:$M$110,$H$18),"-") -> - | AF18: =IF(AND($H18<>"",$H$19<>"",$H18<>$H$19,IFERROR(VLOOKUP($H18,areaCercaPuntiClassificaSquadra,3,FALSE()),-1)=IFERROR(VLOOKUP($H$19,areaCercaPuntiClassificaSquadra,3,FALSE()),-2)),SUMIFS('Calendario A'!$N$8:$N$110,'Calendario A'!$M$8:$M$110,$H18,'Calendario A'!$T$8:$T$110,$H$19)+SUMIFS('Calendario A'!$U$8:$U$110,'Calendario A'!$T$8:$T$110,$H18,'Calendario A'!$M$8:$M$110,$H$19),"-") -> - | AG18: =$C18 -> Gazzelle Gagliarde-Gazzelleopoli GE | AH18: =IF(AND($H18<>"",$H$12<>"",$H18<>$H$12,IFERROR(VLOOKUP($H18,areaCercaPuntiClassificaSquadra,3,FALSE()),-1)=IFERROR(VLOOKUP($H$12,areaCercaPuntiClassificaSquadra,3,FALSE()),-2)),SUMIFS('Calendario A'!$P$8:$P$110,'Calendario A'!$M$8:$M$110,$H18,'Calendario A'!$T$8:$T$110,$H$12)+SUMIFS('Calendario A'!$W$8:$W$110,'Calendario A'!$T$8:$T$110,$H18,'Calendario A'!$M$8:$M$110,$H$12)+SUMIFS('Calendario A'!$O$8:$O$110,'Calendario A'!$M$8:$M$110,$H18,'Calendario A'!$T$8:$T$110,$H$12)+SUMIFS('Calendario A'!$V$8:$V$110,'Calendario A'!$T$8:$T$110,$H18,'Calendario A'!$M$8:$M$110,$H$12),"-") -> - | AI18: =IF(AND($H18<>"",$H$13<>"",$H18<>$H$13,IFERROR(VLOOKUP($H18,areaCercaPuntiClassificaSquadra,3,FALSE()),-1)=IFERROR(VLOOKUP($H$13,areaCercaPuntiClassificaSquadra,3,FALSE()),-2)),SUMIFS('Calendario A'!$P$8:$P$110,'Calendario A'!$M$8:$M$110,$H18,'Calendario A'!$T$8:$T$110,$H$13)+SUMIFS('Calendario A'!$W$8:$W$110,'Calendario A'!$T$8:$T$110,$H18,'Calendario A'!$M$8:$M$110,$H$13)+SUMIFS('Calendario A'!$O$8:$O$110,'Calendario A'!$M$8:$M$110,$H18,'Calendario A'!$T$8:$T$110,$H$13)+SUMIFS('Calendario A'!$V$8:$V$110,'Calendario A'!$T$8:$T$110,$H18,'Calendario A'!$M$8:$M$110,$H$13),"-") -> - | AJ18: =IF(AND($H18<>"",$H$14<>"",$H18<>$H$14,IFERROR(VLOOKUP($H18,areaCercaPuntiClassificaSquadra,3,FALSE()),-1)=IFERROR(VLOOKUP($H$14,areaCercaPuntiClassificaSquadra,3,FALSE()),-2)),SUMIFS('Calendario A'!$P$8:$P$110,'Calendario A'!$M$8:$M$110,$H18,'Calendario A'!$T$8:$T$110,$H$14)+SUMIFS('Calendario A'!$W$8:$W$110,'Calendario A'!$T$8:$T$110,$H18,'Calendario A'!$M$8:$M$110,$H$14)+SUMIFS('Calendario A'!$O$8:$O$110,'Calendario A'!$M$8:$M$110,$H18,'Calendario A'!$T$8:$T$110,$H$14)+SUMIFS('Calendario A'!$V$8:$V$110,'Calendario A'!$T$8:$T$110,$H18,'Calendario A'!$M$8:$M$110,$H$14),"-") -> 0 | AK18: =IF(AND($H18<>"",$H$15<>"",$H18<>$H$15,IFERROR(VLOOKUP($H18,areaCercaPuntiClassificaSquadra,3,FALSE()),-1)=IFERROR(VLOOKUP($H$15,areaCercaPuntiClassificaSquadra,3,FALSE()),-2)),SUMIFS('Calendario A'!$P$8:$P$110,'Calendario A'!$M$8:$M$110,$H18,'Calendario A'!$T$8:$T$110,$H$15)+SUMIFS('Calendario A'!$W$8:$W$110,'Calendario A'!$T$8:$T$110,$H18,'Calendario A'!$M$8:$M$110,$H$15)+SUMIFS('Calendario A'!$O$8:$O$110,'Calendario A'!$M$8:$M$110,$H18,'Calendario A'!$T$8:$T$110,$H$15)+SUMIFS('Calendario A'!$V$8:$V$110,'Calendario A'!$T$8:$T$110,$H18,'Calendario A'!$M$8:$M$110,$H$15),"-") -> - | AL18: =IF(AND($H18<>"",$H$16<>"",$H18<>$H$16,IFERROR(VLOOKUP($H18,areaCercaPuntiClassificaSquadra,3,FALSE()),-1)=IFERROR(VLOOKUP($H$16,areaCercaPuntiClassificaSquadra,3,FALSE()),-2)),SUMIFS('Calendario A'!$P$8:$P$110,'Calendario A'!$M$8:$M$110,$H18,'Calendario A'!$T$8:$T$110,$H$16)+SUMIFS('Calendario A'!$W$8:$W$110,'Calendario A'!$T$8:$T$110,$H18,'Calendario A'!$M$8:$M$110,$H$16)+SUMIFS('Calendario A'!$O$8:$O$110,'Calendario A'!$M$8:$M$110,$H18,'Calendario A'!$T$8:$T$110,$H$16)+SUMIFS('Calendario A'!$V$8:$V$110,'Calendario A'!$T$8:$T$110,$H18,'Calendario A'!$M$8:$M$110,$H$16),"-") -> - | AM18: =IF(AND($H18<>"",$H$17<>"",$H18<>$H$17,IFERROR(VLOOKUP($H18,areaCercaPuntiClassificaSquadra,3,FALSE()),-1)=IFERROR(VLOOKUP($H$17,areaCercaPuntiClassificaSquadra,3,FALSE()),-2)),SUMIFS('Calendario A'!$P$8:$P$110,'Calendario A'!$M$8:$M$110,$H18,'Calendario A'!$T$8:$T$110,$H$17)+SUMIFS('Calendario A'!$W$8:$W$110,'Calendario A'!$T$8:$T$110,$H18,'Calendario A'!$M$8:$M$110,$H$17)+SUMIFS('Calendario A'!$O$8:$O$110,'Calendario A'!$M$8:$M$110,$H18,'Calendario A'!$T$8:$T$110,$H$17)+SUMIFS('Calendario A'!$V$8:$V$110,'Calendario A'!$T$8:$T$110,$H18,'Calendario A'!$M$8:$M$110,$H$17),"-") -> - | AN18: =IF(AND($H18<>"",$H$18<>"",$H18<>$H$18,IFERROR(VLOOKUP($H18,areaCercaPuntiClassificaSquadra,3,FALSE()),-1)=IFERROR(VLOOKUP($H$18,areaCercaPuntiClassificaSquadra,3,FALSE()),-2)),SUMIFS('Calendario A'!$P$8:$P$110,'Calendario A'!$M$8:$M$110,$H18,'Calendario A'!$T$8:$T$110,$H$18)+SUMIFS('Calendario A'!$W$8:$W$110,'Calendario A'!$T$8:$T$110,$H18,'Calendario A'!$M$8:$M$110,$H$18)+SUMIFS('Calendario A'!$O$8:$O$110,'Calendario A'!$M$8:$M$110,$H18,'Calendario A'!$T$8:$T$110,$H$18)+SUMIFS('Calendario A'!$V$8:$V$110,'Calendario A'!$T$8:$T$110,$H18,'Calendario A'!$M$8:$M$110,$H$18),"-") -> - | AO18: =IF(AND($H18<>"",$H$19<>"",$H18<>$H$19,IFERROR(VLOOKUP($H18,areaCercaPuntiClassificaSquadra,3,FALSE()),-1)=IFERROR(VLOOKUP($H$19,areaCercaPuntiClassificaSquadra,3,FALSE()),-2)),SUMIFS('Calendario A'!$P$8:$P$110,'Calendario A'!$M$8:$M$110,$H18,'Calendario A'!$T$8:$T$110,$H$19)+SUMIFS('Calendario A'!$W$8:$W$110,'Calendario A'!$T$8:$T$110,$H18,'Calendario A'!$M$8:$M$110,$H$19)+SUMIFS('Calendario A'!$O$8:$O$110,'Calendario A'!$M$8:$M$110,$H18,'Calendario A'!$T$8:$T$110,$H$19)+SUMIFS('Calendario A'!$V$8:$V$110,'Calendario A'!$T$8:$T$110,$H18,'Calendario A'!$M$8:$M$110,$H$19),"-") -> - | AP18: =$C18 -> Gazzelle Gagliarde-Gazzelleopoli GE | AQ18: =IF(AND($H18<>"",$H$12<>"",$H18<>$H$12,IFERROR(VLOOKUP($H18,areaCercaPuntiClassificaSquadra,3,FALSE()),-1)=IFERROR(VLOOKUP($H$12,areaCercaPuntiClassificaSquadra,3,FALSE()),-2)),SUMIFS('Calendario A'!$Q$8:$Q$110,'Calendario A'!$M$8:$M$110,$H18,'Calendario A'!$T$8:$T$110,$H$12)+SUMIFS('Calendario A'!$X$8:$X$110,'Calendario A'!$T$8:$T$110,$H18,'Calendario A'!$M$8:$M$110,$H$12),"-") -> - | AR18: =IF(AND($H18<>"",$H$13<>"",$H18<>$H$13,IFERROR(VLOOKUP($H18,areaCercaPuntiClassificaSquadra,3,FALSE()),-1)=IFERROR(VLOOKUP($H$13,areaCercaPuntiClassificaSquadra,3,FALSE()),-2)),SUMIFS('Calendario A'!$Q$8:$Q$110,'Calendario A'!$M$8:$M$110,$H18,'Calendario A'!$T$8:$T$110,$H$13)+SUMIFS('Calendario A'!$X$8:$X$110,'Calendario A'!$T$8:$T$110,$H18,'Calendario A'!$M$8:$M$110,$H$13),"-") -> - | AS18: =IF(AND($H18<>"",$H$14<>"",$H18<>$H$14,IFERROR(VLOOKUP($H18,areaCercaPuntiClassificaSquadra,3,FALSE()),-1)=IFERROR(VLOOKUP($H$14,areaCercaPuntiClassificaSquadra,3,FALSE()),-2)),SUMIFS('Calendario A'!$Q$8:$Q$110,'Calendario A'!$M$8:$M$110,$H18,'Calendario A'!$T$8:$T$110,$H$14)+SUMIFS('Calendario A'!$X$8:$X$110,'Calendario A'!$T$8:$T$110,$H18,'Calendario A'!$M$8:$M$110,$H$14),"-") -> 58 | AT18: =IF(AND($H18<>"",$H$15<>"",$H18<>$H$15,IFERROR(VLOOKUP($H18,areaCercaPuntiClassificaSquadra,3,FALSE()),-1)=IFERROR(VLOOKUP($H$15,areaCercaPuntiClassificaSquadra,3,FALSE()),-2)),SUMIFS('Calendario A'!$Q$8:$Q$110,'Calendario A'!$M$8:$M$110,$H18,'Calendario A'!$T$8:$T$110,$H$15)+SUMIFS('Calendario A'!$X$8:$X$110,'Calendario A'!$T$8:$T$110,$H18,'Calendario A'!$M$8:$M$110,$H$15),"-") -> - | AU18: =IF(AND($H18<>"",$H$16<>"",$H18<>$H$16,IFERROR(VLOOKUP($H18,areaCercaPuntiClassificaSquadra,3,FALSE()),-1)=IFERROR(VLOOKUP($H$16,areaCercaPuntiClassificaSquadra,3,FALSE()),-2)),SUMIFS('Calendario A'!$Q$8:$Q$110,'Calendario A'!$M$8:$M$110,$H18,'Calendario A'!$T$8:$T$110,$H$16)+SUMIFS('Calendario A'!$X$8:$X$110,'Calendario A'!$T$8:$T$110,$H18,'Calendario A'!$M$8:$M$110,$H$16),"-") -> - | AV18: =IF(AND($H18<>"",$H$17<>"",$H18<>$H$17,IFERROR(VLOOKUP($H18,areaCercaPuntiClassificaSquadra,3,FALSE()),-1)=IFERROR(VLOOKUP($H$17,areaCercaPuntiClassificaSquadra,3,FALSE()),-2)),SUMIFS('Calendario A'!$Q$8:$Q$110,'Calendario A'!$M$8:$M$110,$H18,'Calendario A'!$T$8:$T$110,$H$17)+SUMIFS('Calendario A'!$X$8:$X$110,'Calendario A'!$T$8:$T$110,$H18,'Calendario A'!$M$8:$M$110,$H$17),"-") -> - | AW18: =IF(AND($H18<>"",$H$18<>"",$H18<>$H$18,IFERROR(VLOOKUP($H18,areaCercaPuntiClassificaSquadra,3,FALSE()),-1)=IFERROR(VLOOKUP($H$18,areaCercaPuntiClassificaSquadra,3,FALSE()),-2)),SUMIFS('Calendario A'!$Q$8:$Q$110,'Calendario A'!$M$8:$M$110,$H18,'Calendario A'!$T$8:$T$110,$H$18)+SUMIFS('Calendario A'!$X$8:$X$110,'Calendario A'!$T$8:$T$110,$H18,'Calendario A'!$M$8:$M$110,$H$18),"-") -> - | AX18: =IF(AND($H18<>"",$H$19<>"",$H18<>$H$19,IFERROR(VLOOKUP($H18,areaCercaPuntiClassificaSquadra,3,FALSE()),-1)=IFERROR(VLOOKUP($H$19,areaCercaPuntiClassificaSquadra,3,FALSE()),-2)),SUMIFS('Calendario A'!$Q$8:$Q$110,'Calendario A'!$M$8:$M$110,$H18,'Calendario A'!$T$8:$T$110,$H$19)+SUMIFS('Calendario A'!$X$8:$X$110,'Calendario A'!$T$8:$T$110,$H18,'Calendario A'!$M$8:$M$110,$H$19),"-") -> - | AY18: =$C18 -> Gazzelle Gagliarde-Gazzelleopoli GE | AZ18: =IF(AND($H18<>"",$H$12<>"",$H18<>$H$12,IFERROR(VLOOKUP($H18,areaCercaPuntiClassificaSquadra,3,FALSE()),-1)=IFERROR(VLOOKUP($H$12,areaCercaPuntiClassificaSquadra,3,FALSE()),-2)),SUMIFS('Calendario A'!$R$8:$R$110,'Calendario A'!$M$8:$M$110,$H18,'Calendario A'!$T$8:$T$110,$H$12)+SUMIFS('Calendario A'!$Y$8:$Y$110,'Calendario A'!$T$8:$T$110,$H18,'Calendario A'!$M$8:$M$110,$H$12),"-") -> - | BA18: =IF(AND($H18<>"",$H$13<>"",$H18<>$H$13,IFERROR(VLOOKUP($H18,areaCercaPuntiClassificaSquadra,3,FALSE()),-1)=IFERROR(VLOOKUP($H$13,areaCercaPuntiClassificaSquadra,3,FALSE()),-2)),SUMIFS('Calendario A'!$R$8:$R$110,'Calendario A'!$M$8:$M$110,$H18,'Calendario A'!$T$8:$T$110,$H$13)+SUMIFS('Calendario A'!$Y$8:$Y$110,'Calendario A'!$T$8:$T$110,$H18,'Calendario A'!$M$8:$M$110,$H$13),"-") -> - | BB18: =IF(AND($H18<>"",$H$14<>"",$H18<>$H$14,IFERROR(VLOOKUP($H18,areaCercaPuntiClassificaSquadra,3,FALSE()),-1)=IFERROR(VLOOKUP($H$14,areaCercaPuntiClassificaSquadra,3,FALSE()),-2)),SUMIFS('Calendario A'!$R$8:$R$110,'Calendario A'!$M$8:$M$110,$H18,'Calendario A'!$T$8:$T$110,$H$14)+SUMIFS('Calendario A'!$Y$8:$Y$110,'Calendario A'!$T$8:$T$110,$H18,'Calendario A'!$M$8:$M$110,$H$14),"-") -> 50 | BC18: =IF(AND($H18<>"",$H$15<>"",$H18<>$H$15,IFERROR(VLOOKUP($H18,areaCercaPuntiClassificaSquadra,3,FALSE()),-1)=IFERROR(VLOOKUP($H$15,areaCercaPuntiClassificaSquadra,3,FALSE()),-2)),SUMIFS('Calendario A'!$R$8:$R$110,'Calendario A'!$M$8:$M$110,$H18,'Calendario A'!$T$8:$T$110,$H$15)+SUMIFS('Calendario A'!$Y$8:$Y$110,'Calendario A'!$T$8:$T$110,$H18,'Calendario A'!$M$8:$M$110,$H$15),"-") -> - | BD18: =IF(AND($H18<>"",$H$16<>"",$H18<>$H$16,IFERROR(VLOOKUP($H18,areaCercaPuntiClassificaSquadra,3,FALSE()),-1)=IFERROR(VLOOKUP($H$16,areaCercaPuntiClassificaSquadra,3,FALSE()),-2)),SUMIFS('Calendario A'!$R$8:$R$110,'Calendario A'!$M$8:$M$110,$H18,'Calendario A'!$T$8:$T$110,$H$16)+SUMIFS('Calendario A'!$Y$8:$Y$110,'Calendario A'!$T$8:$T$110,$H18,'Calendario A'!$M$8:$M$110,$H$16),"-") -> - | BE18: =IF(AND($H18<>"",$H$17<>"",$H18<>$H$17,IFERROR(VLOOKUP($H18,areaCercaPuntiClassificaSquadra,3,FALSE()),-1)=IFERROR(VLOOKUP($H$17,areaCercaPuntiClassificaSquadra,3,FALSE()),-2)),SUMIFS('Calendario A'!$R$8:$R$110,'Calendario A'!$M$8:$M$110,$H18,'Calendario A'!$T$8:$T$110,$H$17)+SUMIFS('Calendario A'!$Y$8:$Y$110,'Calendario A'!$T$8:$T$110,$H18,'Calendario A'!$M$8:$M$110,$H$17),"-") -> - | BF18: =IF(AND($H18<>"",$H$18<>"",$H18<>$H$18,IFERROR(VLOOKUP($H18,areaCercaPuntiClassificaSquadra,3,FALSE()),-1)=IFERROR(VLOOKUP($H$18,areaCercaPuntiClassificaSquadra,3,FALSE()),-2)),SUMIFS('Calendario A'!$R$8:$R$110,'Calendario A'!$M$8:$M$110,$H18,'Calendario A'!$T$8:$T$110,$H$18)+SUMIFS('Calendario A'!$Y$8:$Y$110,'Calendario A'!$T$8:$T$110,$H18,'Calendario A'!$M$8:$M$110,$H$18),"-") -> - | BG18: =IF(AND($H18<>"",$H$19<>"",$H18<>$H$19,IFERROR(VLOOKUP($H18,areaCercaPuntiClassificaSquadra,3,FALSE()),-1)=IFERROR(VLOOKUP($H$19,areaCercaPuntiClassificaSquadra,3,FALSE()),-2)),SUMIFS('Calendario A'!$R$8:$R$110,'Calendario A'!$M$8:$M$110,$H18,'Calendario A'!$T$8:$T$110,$H$19)+SUMIFS('Calendario A'!$Y$8:$Y$110,'Calendario A'!$T$8:$T$110,$H18,'Calendario A'!$M$8:$M$110,$H$19),"-") -> -
B19: A08 | C19: Ippopotami Iracondi-Ippopotamiopoli II | E19: A | G19: =IF($C19="","",$E19&(COUNTIFS(I$12:I$75,">"&I19,E$12:E$75,"="&E19,C$12:C$75,"<>")+COUNTIFS(I$12:I$75,"="&I19,H$12:H$75,"<="&H19,E$12:E$75,"="&E19,C$12:C$75,"<>"))) -> A3 | H19: =IF($C19="","",IFERROR(LEFT($C19,FIND("-",$C19)-1),$C19)) -> Ippopotami Iracondi | I19: =TEXT(1000000000+J19,"|0000000000|")&TEXT(SUM(Y19:AF19),"0000000000|")&IF(SUM(AZ19:BG19)=0,"0000000000|",TEXT(ROUND(SUM(AQ19:AX19)/SUM(AZ19:BG19),4)*100000,"0000000000|"))&IF(P19=0,"0000000000|",TEXT(ROUND(O19/P19,4)*100000,"0000000000|")) -> |1000000015|0000000001|0000122220|0000095360| | J19: =L19*constPuntiVittoria+M19*constPuntiSconfitta+N19*constPuntiForfait+IF(D19="",0,D19) -> 15 | K19: =SUM(L19:N19) -> 7 | L19: =IF($H19="",0,SUMIF('Calendario A'!$M$8:$M$110,$H19,'Calendario A'!$N$8:$N$110)+SUMIF('Calendario A'!$T$8:$T$110,$H19,'Calendario A'!$U$8:$U$110)) -> 4 | M19: =IF($H19="",0,SUMIF('Calendario A'!$M$8:$M$110,$H19,'Calendario A'!$P$8:$P$110)+SUMIF('Calendario A'!$T$8:$T$110,$H19,'Calendario A'!$W$8:$W$110)) -> 3 | N19: =IF($H19="",0,SUMIF('Calendario A'!$M$8:$M$110,$H19,'Calendario A'!$O$8:$O$110)+SUMIF('Calendario A'!$T$8:$T$110,$H19,'Calendario A'!$V$8:$V$110)) -> 0 | O19: =IF($H19="",0,SUMIF('Calendario A'!$M$8:$M$110,$H19,'Calendario A'!$Q$8:$Q$110)+SUMIF('Calendario A'!$T$8:$T$110,$H19,'Calendario A'!$X$8:$X$110)) -> 411 | P19: =IF($H19="",0,SUMIF('Calendario A'!$M$8:$M$110,$H19,'Calendario A'!$R$8:$R$110)+SUMIF('Calendario A'!$T$8:$T$110,$H19,'Calendario A'!$Y$8:$Y$110)) -> 431 | Q19: =IF($H19="",0,SUMIF('Calendario A'!$M$8:$M$110,$H19,'Calendario A'!$S$8:$S$110)+SUMIF('Calendario A'!$T$8:$T$110,$H19,'Calendario A'!$Z$8:$Z$110)) -> -20 | R19: =IF(K19=0,0,ROUND(O19/K19,2)) -> 58.71 | S19: =IF(K19=0,0,ROUND(P19/K19,2)) -> 61.57 | T19: =IF(K19=0,0,ROUND(Q19/K19,2)) -> -2.86 | U19: =IF(COUNT(Y19:AF19)=0,"-",SUM(Y19:AF19)&"-"&SUM(AH19:AO19)) -> 1-0 | V19: =IF(COUNT(Y19:AF19)=0,"-",IF(SUM(AZ19:BG19)=0,TEXT(0,"0.0000"),TEXT(ROUND(SUM(AQ19:AX19)/SUM(AZ19:BG19),4),"0.0000"))) -> 1.2222 | W19: =IF(H19="","-",IF(P19=0,TEXT(0,"0.0000"),TEXT(ROUND(O19/P19,4),"0.0000"))) -> 0.9536 | X19: =$C19 -> Ippopotami Iracondi-Ippopotamiopoli II | Y19: =IF(AND($H19<>"",$H$12<>"",$H19<>$H$12,IFERROR(VLOOKUP($H19,areaCercaPuntiClassificaSquadra,3,FALSE()),-1)=IFERROR(VLOOKUP($H$12,areaCercaPuntiClassificaSquadra,3,FALSE()),-2)),SUMIFS('Calendario A'!$N$8:$N$110,'Calendario A'!$M$8:$M$110,$H19,'Calendario A'!$T$8:$T$110,$H$12)+SUMIFS('Calendario A'!$U$8:$U$110,'Calendario A'!$T$8:$T$110,$H19,'Calendario A'!$M$8:$M$110,$H$12),"-") -> - | Z19: =IF(AND($H19<>"",$H$13<>"",$H19<>$H$13,IFERROR(VLOOKUP($H19,areaCercaPuntiClassificaSquadra,3,FALSE()),-1)=IFERROR(VLOOKUP($H$13,areaCercaPuntiClassificaSquadra,3,FALSE()),-2)),SUMIFS('Calendario A'!$N$8:$N$110,'Calendario A'!$M$8:$M$110,$H19,'Calendario A'!$T$8:$T$110,$H$13)+SUMIFS('Calendario A'!$U$8:$U$110,'Calendario A'!$T$8:$T$110,$H19,'Calendario A'!$M$8:$M$110,$H$13),"-") -> - | AA19: =IF(AND($H19<>"",$H$14<>"",$H19<>$H$14,IFERROR(VLOOKUP($H19,areaCercaPuntiClassificaSquadra,3,FALSE()),-1)=IFERROR(VLOOKUP($H$14,areaCercaPuntiClassificaSquadra,3,FALSE()),-2)),SUMIFS('Calendario A'!$N$8:$N$110,'Calendario A'!$M$8:$M$110,$H19,'Calendario A'!$T$8:$T$110,$H$14)+SUMIFS('Calendario A'!$U$8:$U$110,'Calendario A'!$T$8:$T$110,$H19,'Calendario A'!$M$8:$M$110,$H$14),"-") -> - | AB19: =IF(AND($H19<>"",$H$15<>"",$H19<>$H$15,IFERROR(VLOOKUP($H19,areaCercaPuntiClassificaSquadra,3,FALSE()),-1)=IFERROR(VLOOKUP($H$15,areaCercaPuntiClassificaSquadra,3,FALSE()),-2)),SUMIFS('Calendario A'!$N$8:$N$110,'Calendario A'!$M$8:$M$110,$H19,'Calendario A'!$T$8:$T$110,$H$15)+SUMIFS('Calendario A'!$U$8:$U$110,'Calendario A'!$T$8:$T$110,$H19,'Calendario A'!$M$8:$M$110,$H$15),"-") -> - | AC19: =IF(AND($H19<>"",$H$16<>"",$H19<>$H$16,IFERROR(VLOOKUP($H19,areaCercaPuntiClassificaSquadra,3,FALSE()),-1)=IFERROR(VLOOKUP($H$16,areaCercaPuntiClassificaSquadra,3,FALSE()),-2)),SUMIFS('Calendario A'!$N$8:$N$110,'Calendario A'!$M$8:$M$110,$H19,'Calendario A'!$T$8:$T$110,$H$16)+SUMIFS('Calendario A'!$U$8:$U$110,'Calendario A'!$T$8:$T$110,$H19,'Calendario A'!$M$8:$M$110,$H$16),"-") -> 1 | AD19: =IF(AND($H19<>"",$H$17<>"",$H19<>$H$17,IFERROR(VLOOKUP($H19,areaCercaPuntiClassificaSquadra,3,FALSE()),-1)=IFERROR(VLOOKUP($H$17,areaCercaPuntiClassificaSquadra,3,FALSE()),-2)),SUMIFS('Calendario A'!$N$8:$N$110,'Calendario A'!$M$8:$M$110,$H19,'Calendario A'!$T$8:$T$110,$H$17)+SUMIFS('Calendario A'!$U$8:$U$110,'Calendario A'!$T$8:$T$110,$H19,'Calendario A'!$M$8:$M$110,$H$17),"-") -> - | AE19: =IF(AND($H19<>"",$H$18<>"",$H19<>$H$18,IFERROR(VLOOKUP($H19,areaCercaPuntiClassificaSquadra,3,FALSE()),-1)=IFERROR(VLOOKUP($H$18,areaCercaPuntiClassificaSquadra,3,FALSE()),-2)),SUMIFS('Calendario A'!$N$8:$N$110,'Calendario A'!$M$8:$M$110,$H19,'Calendario A'!$T$8:$T$110,$H$18)+SUMIFS('Calendario A'!$U$8:$U$110,'Calendario A'!$T$8:$T$110,$H19,'Calendario A'!$M$8:$M$110,$H$18),"-") -> - | AF19: =IF(AND($H19<>"",$H$19<>"",$H19<>$H$19,IFERROR(VLOOKUP($H19,areaCercaPuntiClassificaSquadra,3,FALSE()),-1)=IFERROR(VLOOKUP($H$19,areaCercaPuntiClassificaSquadra,3,FALSE()),-2)),SUMIFS('Calendario A'!$N$8:$N$110,'Calendario A'!$M$8:$M$110,$H19,'Calendario A'!$T$8:$T$110,$H$19)+SUMIFS('Calendario A'!$U$8:$U$110,'Calendario A'!$T$8:$T$110,$H19,'Calendario A'!$M$8:$M$110,$H$19),"-") -> - | AG19: =$C19 -> Ippopotami Iracondi-Ippopotamiopoli II | AH19: =IF(AND($H19<>"",$H$12<>"",$H19<>$H$12,IFERROR(VLOOKUP($H19,areaCercaPuntiClassificaSquadra,3,FALSE()),-1)=IFERROR(VLOOKUP($H$12,areaCercaPuntiClassificaSquadra,3,FALSE()),-2)),SUMIFS('Calendario A'!$P$8:$P$110,'Calendario A'!$M$8:$M$110,$H19,'Calendario A'!$T$8:$T$110,$H$12)+SUMIFS('Calendario A'!$W$8:$W$110,'Calendario A'!$T$8:$T$110,$H19,'Calendario A'!$M$8:$M$110,$H$12)+SUMIFS('Calendario A'!$O$8:$O$110,'Calendario A'!$M$8:$M$110,$H19,'Calendario A'!$T$8:$T$110,$H$12)+SUMIFS('Calendario A'!$V$8:$V$110,'Calendario A'!$T$8:$T$110,$H19,'Calendario A'!$M$8:$M$110,$H$12),"-") -> - | AI19: =IF(AND($H19<>"",$H$13<>"",$H19<>$H$13,IFERROR(VLOOKUP($H19,areaCercaPuntiClassificaSquadra,3,FALSE()),-1)=IFERROR(VLOOKUP($H$13,areaCercaPuntiClassificaSquadra,3,FALSE()),-2)),SUMIFS('Calendario A'!$P$8:$P$110,'Calendario A'!$M$8:$M$110,$H19,'Calendario A'!$T$8:$T$110,$H$13)+SUMIFS('Calendario A'!$W$8:$W$110,'Calendario A'!$T$8:$T$110,$H19,'Calendario A'!$M$8:$M$110,$H$13)+SUMIFS('Calendario A'!$O$8:$O$110,'Calendario A'!$M$8:$M$110,$H19,'Calendario A'!$T$8:$T$110,$H$13)+SUMIFS('Calendario A'!$V$8:$V$110,'Calendario A'!$T$8:$T$110,$H19,'Calendario A'!$M$8:$M$110,$H$13),"-") -> - | AJ19: =IF(AND($H19<>"",$H$14<>"",$H19<>$H$14,IFERROR(VLOOKUP($H19,areaCercaPuntiClassificaSquadra,3,FALSE()),-1)=IFERROR(VLOOKUP($H$14,areaCercaPuntiClassificaSquadra,3,FALSE()),-2)),SUMIFS('Calendario A'!$P$8:$P$110,'Calendario A'!$M$8:$M$110,$H19,'Calendario A'!$T$8:$T$110,$H$14)+SUMIFS('Calendario A'!$W$8:$W$110,'Calendario A'!$T$8:$T$110,$H19,'Calendario A'!$M$8:$M$110,$H$14)+SUMIFS('Calendario A'!$O$8:$O$110,'Calendario A'!$M$8:$M$110,$H19,'Calendario A'!$T$8:$T$110,$H$14)+SUMIFS('Calendario A'!$V$8:$V$110,'Calendario A'!$T$8:$T$110,$H19,'Calendario A'!$M$8:$M$110,$H$14),"-") -> - | AK19: =IF(AND($H19<>"",$H$15<>"",$H19<>$H$15,IFERROR(VLOOKUP($H19,areaCercaPuntiClassificaSquadra,3,FALSE()),-1)=IFERROR(VLOOKUP($H$15,areaCercaPuntiClassificaSquadra,3,FALSE()),-2)),SUMIFS('Calendario A'!$P$8:$P$110,'Calendario A'!$M$8:$M$110,$H19,'Calendario A'!$T$8:$T$110,$H$15)+SUMIFS('Calendario A'!$W$8:$W$110,'Calendario A'!$T$8:$T$110,$H19,'Calendario A'!$M$8:$M$110,$H$15)+SUMIFS('Calendario A'!$O$8:$O$110,'Calendario A'!$M$8:$M$110,$H19,'Calendario A'!$T$8:$T$110,$H$15)+SUMIFS('Calendario A'!$V$8:$V$110,'Calendario A'!$T$8:$T$110,$H19,'Calendario A'!$M$8:$M$110,$H$15),"-") -> - | AL19: =IF(AND($H19<>"",$H$16<>"",$H19<>$H$16,IFERROR(VLOOKUP($H19,areaCercaPuntiClassificaSquadra,3,FALSE()),-1)=IFERROR(VLOOKUP($H$16,areaCercaPuntiClassificaSquadra,3,FALSE()),-2)),SUMIFS('Calendario A'!$P$8:$P$110,'Calendario A'!$M$8:$M$110,$H19,'Calendario A'!$T$8:$T$110,$H$16)+SUMIFS('Calendario A'!$W$8:$W$110,'Calendario A'!$T$8:$T$110,$H19,'Calendario A'!$M$8:$M$110,$H$16)+SUMIFS('Calendario A'!$O$8:$O$110,'Calendario A'!$M$8:$M$110,$H19,'Calendario A'!$T$8:$T$110,$H$16)+SUMIFS('Calendario A'!$V$8:$V$110,'Calendario A'!$T$8:$T$110,$H19,'Calendario A'!$M$8:$M$110,$H$16),"-") -> 0 | AM19: =IF(AND($H19<>"",$H$17<>"",$H19<>$H$17,IFERROR(VLOOKUP($H19,areaCercaPuntiClassificaSquadra,3,FALSE()),-1)=IFERROR(VLOOKUP($H$17,areaCercaPuntiClassificaSquadra,3,FALSE()),-2)),SUMIFS('Calendario A'!$P$8:$P$110,'Calendario A'!$M$8:$M$110,$H19,'Calendario A'!$T$8:$T$110,$H$17)+SUMIFS('Calendario A'!$W$8:$W$110,'Calendario A'!$T$8:$T$110,$H19,'Calendario A'!$M$8:$M$110,$H$17)+SUMIFS('Calendario A'!$O$8:$O$110,'Calendario A'!$M$8:$M$110,$H19,'Calendario A'!$T$8:$T$110,$H$17)+SUMIFS('Calendario A'!$V$8:$V$110,'Calendario A'!$T$8:$T$110,$H19,'Calendario A'!$M$8:$M$110,$H$17),"-") -> - | AN19: =IF(AND($H19<>"",$H$18<>"",$H19<>$H$18,IFERROR(VLOOKUP($H19,areaCercaPuntiClassificaSquadra,3,FALSE()),-1)=IFERROR(VLOOKUP($H$18,areaCercaPuntiClassificaSquadra,3,FALSE()),-2)),SUMIFS('Calendario A'!$P$8:$P$110,'Calendario A'!$M$8:$M$110,$H19,'Calendario A'!$T$8:$T$110,$H$18)+SUMIFS('Calendario A'!$W$8:$W$110,'Calendario A'!$T$8:$T$110,$H19,'Calendario A'!$M$8:$M$110,$H$18)+SUMIFS('Calendario A'!$O$8:$O$110,'Calendario A'!$M$8:$M$110,$H19,'Calendario A'!$T$8:$T$110,$H$18)+SUMIFS('Calendario A'!$V$8:$V$110,'Calendario A'!$T$8:$T$110,$H19,'Calendario A'!$M$8:$M$110,$H$18),"-") -> - | AO19: =IF(AND($H19<>"",$H$19<>"",$H19<>$H$19,IFERROR(VLOOKUP($H19,areaCercaPuntiClassificaSquadra,3,FALSE()),-1)=IFERROR(VLOOKUP($H$19,areaCercaPuntiClassificaSquadra,3,FALSE()),-2)),SUMIFS('Calendario A'!$P$8:$P$110,'Calendario A'!$M$8:$M$110,$H19,'Calendario A'!$T$8:$T$110,$H$19)+SUMIFS('Calendario A'!$W$8:$W$110,'Calendario A'!$T$8:$T$110,$H19,'Calendario A'!$M$8:$M$110,$H$19)+SUMIFS('Calendario A'!$O$8:$O$110,'Calendario A'!$M$8:$M$110,$H19,'Calendario A'!$T$8:$T$110,$H$19)+SUMIFS('Calendario A'!$V$8:$V$110,'Calendario A'!$T$8:$T$110,$H19,'Calendario A'!$M$8:$M$110,$H$19),"-") -> - | AP19: =$C19 -> Ippopotami Iracondi-Ippopotamiopoli II | AQ19: =IF(AND($H19<>"",$H$12<>"",$H19<>$H$12,IFERROR(VLOOKUP($H19,areaCercaPuntiClassificaSquadra,3,FALSE()),-1)=IFERROR(VLOOKUP($H$12,areaCercaPuntiClassificaSquadra,3,FALSE()),-2)),SUMIFS('Calendario A'!$Q$8:$Q$110,'Calendario A'!$M$8:$M$110,$H19,'Calendario A'!$T$8:$T$110,$H$12)+SUMIFS('Calendario A'!$X$8:$X$110,'Calendario A'!$T$8:$T$110,$H19,'Calendario A'!$M$8:$M$110,$H$12),"-") -> - | AR19: =IF(AND($H19<>"",$H$13<>"",$H19<>$H$13,IFERROR(VLOOKUP($H19,areaCercaPuntiClassificaSquadra,3,FALSE()),-1)=IFERROR(VLOOKUP($H$13,areaCercaPuntiClassificaSquadra,3,FALSE()),-2)),SUMIFS('Calendario A'!$Q$8:$Q$110,'Calendario A'!$M$8:$M$110,$H19,'Calendario A'!$T$8:$T$110,$H$13)+SUMIFS('Calendario A'!$X$8:$X$110,'Calendario A'!$T$8:$T$110,$H19,'Calendario A'!$M$8:$M$110,$H$13),"-") -> - | AS19: =IF(AND($H19<>"",$H$14<>"",$H19<>$H$14,IFERROR(VLOOKUP($H19,areaCercaPuntiClassificaSquadra,3,FALSE()),-1)=IFERROR(VLOOKUP($H$14,areaCercaPuntiClassificaSquadra,3,FALSE()),-2)),SUMIFS('Calendario A'!$Q$8:$Q$110,'Calendario A'!$M$8:$M$110,$H19,'Calendario A'!$T$8:$T$110,$H$14)+SUMIFS('Calendario A'!$X$8:$X$110,'Calendario A'!$T$8:$T$110,$H19,'Calendario A'!$M$8:$M$110,$H$14),"-") -> - | AT19: =IF(AND($H19<>"",$H$15<>"",$H19<>$H$15,IFERROR(VLOOKUP($H19,areaCercaPuntiClassificaSquadra,3,FALSE()),-1)=IFERROR(VLOOKUP($H$15,areaCercaPuntiClassificaSquadra,3,FALSE()),-2)),SUMIFS('Calendario A'!$Q$8:$Q$110,'Calendario A'!$M$8:$M$110,$H19,'Calendario A'!$T$8:$T$110,$H$15)+SUMIFS('Calendario A'!$X$8:$X$110,'Calendario A'!$T$8:$T$110,$H19,'Calendario A'!$M$8:$M$110,$H$15),"-") -> - | AU19: =IF(AND($H19<>"",$H$16<>"",$H19<>$H$16,IFERROR(VLOOKUP($H19,areaCercaPuntiClassificaSquadra,3,FALSE()),-1)=IFERROR(VLOOKUP($H$16,areaCercaPuntiClassificaSquadra,3,FALSE()),-2)),SUMIFS('Calendario A'!$Q$8:$Q$110,'Calendario A'!$M$8:$M$110,$H19,'Calendario A'!$T$8:$T$110,$H$16)+SUMIFS('Calendario A'!$X$8:$X$110,'Calendario A'!$T$8:$T$110,$H19,'Calendario A'!$M$8:$M$110,$H$16),"-") -> 55 | AV19: =IF(AND($H19<>"",$H$17<>"",$H19<>$H$17,IFERROR(VLOOKUP($H19,areaCercaPuntiClassificaSquadra,3,FALSE()),-1)=IFERROR(VLOOKUP($H$17,areaCercaPuntiClassificaSquadra,3,FALSE()),-2)),SUMIFS('Calendario A'!$Q$8:$Q$110,'Calendario A'!$M$8:$M$110,$H19,'Calendario A'!$T$8:$T$110,$H$17)+SUMIFS('Calendario A'!$X$8:$X$110,'Calendario A'!$T$8:$T$110,$H19,'Calendario A'!$M$8:$M$110,$H$17),"-") -> - | AW19: =IF(AND($H19<>"",$H$18<>"",$H19<>$H$18,IFERROR(VLOOKUP($H19,areaCercaPuntiClassificaSquadra,3,FALSE()),-1)=IFERROR(VLOOKUP($H$18,areaCercaPuntiClassificaSquadra,3,FALSE()),-2)),SUMIFS('Calendario A'!$Q$8:$Q$110,'Calendario A'!$M$8:$M$110,$H19,'Calendario A'!$T$8:$T$110,$H$18)+SUMIFS('Calendario A'!$X$8:$X$110,'Calendario A'!$T$8:$T$110,$H19,'Calendario A'!$M$8:$M$110,$H$18),"-") -> - | AX19: =IF(AND($H19<>"",$H$19<>"",$H19<>$H$19,IFERROR(VLOOKUP($H19,areaCercaPuntiClassificaSquadra,3,FALSE()),-1)=IFERROR(VLOOKUP($H$19,areaCercaPuntiClassificaSquadra,3,FALSE()),-2)),SUMIFS('Calendario A'!$Q$8:$Q$110,'Calendario A'!$M$8:$M$110,$H19,'Calendario A'!$T$8:$T$110,$H$19)+SUMIFS('Calendario A'!$X$8:$X$110,'Calendario A'!$T$8:$T$110,$H19,'Calendario A'!$M$8:$M$110,$H$19),"-") -> - | AY19: =$C19 -> Ippopotami Iracondi-Ippopotamiopoli II | AZ19: =IF(AND($H19<>"",$H$12<>"",$H19<>$H$12,IFERROR(VLOOKUP($H19,areaCercaPuntiClassificaSquadra,3,FALSE()),-1)=IFERROR(VLOOKUP($H$12,areaCercaPuntiClassificaSquadra,3,FALSE()),-2)),SUMIFS('Calendario A'!$R$8:$R$110,'Calendario A'!$M$8:$M$110,$H19,'Calendario A'!$T$8:$T$110,$H$12)+SUMIFS('Calendario A'!$Y$8:$Y$110,'Calendario A'!$T$8:$T$110,$H19,'Calendario A'!$M$8:$M$110,$H$12),"-") -> - | BA19: =IF(AND($H19<>"",$H$13<>"",$H19<>$H$13,IFERROR(VLOOKUP($H19,areaCercaPuntiClassificaSquadra,3,FALSE()),-1)=IFERROR(VLOOKUP($H$13,areaCercaPuntiClassificaSquadra,3,FALSE()),-2)),SUMIFS('Calendario A'!$R$8:$R$110,'Calendario A'!$M$8:$M$110,$H19,'Calendario A'!$T$8:$T$110,$H$13)+SUMIFS('Calendario A'!$Y$8:$Y$110,'Calendario A'!$T$8:$T$110,$H19,'Calendario A'!$M$8:$M$110,$H$13),"-") -> - | BB19: =IF(AND($H19<>"",$H$14<>"",$H19<>$H$14,IFERROR(VLOOKUP($H19,areaCercaPuntiClassificaSquadra,3,FALSE()),-1)=IFERROR(VLOOKUP($H$14,areaCercaPuntiClassificaSquadra,3,FALSE()),-2)),SUMIFS('Calendario A'!$R$8:$R$110,'Calendario A'!$M$8:$M$110,$H19,'Calendario A'!$T$8:$T$110,$H$14)+SUMIFS('Calendario A'!$Y$8:$Y$110,'Calendario A'!$T$8:$T$110,$H19,'Calendario A'!$M$8:$M$110,$H$14),"-") -> - | BC19: =IF(AND($H19<>"",$H$15<>"",$H19<>$H$15,IFERROR(VLOOKUP($H19,areaCercaPuntiClassificaSquadra,3,FALSE()),-1)=IFERROR(VLOOKUP($H$15,areaCercaPuntiClassificaSquadra,3,FALSE()),-2)),SUMIFS('Calendario A'!$R$8:$R$110,'Calendario A'!$M$8:$M$110,$H19,'Calendario A'!$T$8:$T$110,$H$15)+SUMIFS('Calendario A'!$Y$8:$Y$110,'Calendario A'!$T$8:$T$110,$H19,'Calendario A'!$M$8:$M$110,$H$15),"-") -> - | BD19: =IF(AND($H19<>"",$H$16<>"",$H19<>$H$16,IFERROR(VLOOKUP($H19,areaCercaPuntiClassificaSquadra,3,FALSE()),-1)=IFERROR(VLOOKUP($H$16,areaCercaPuntiClassificaSquadra,3,FALSE()),-2)),SUMIFS('Calendario A'!$R$8:$R$110,'Calendario A'!$M$8:$M$110,$H19,'Calendario A'!$T$8:$T$110,$H$16)+SUMIFS('Calendario A'!$Y$8:$Y$110,'Calendario A'!$T$8:$T$110,$H19,'Calendario A'!$M$8:$M$110,$H$16),"-") -> 45 | BE19: =IF(AND($H19<>"",$H$17<>"",$H19<>$H$17,IFERROR(VLOOKUP($H19,areaCercaPuntiClassificaSquadra,3,FALSE()),-1)=IFERROR(VLOOKUP($H$17,areaCercaPuntiClassificaSquadra,3,FALSE()),-2)),SUMIFS('Calendario A'!$R$8:$R$110,'Calendario A'!$M$8:$M$110,$H19,'Calendario A'!$T$8:$T$110,$H$17)+SUMIFS('Calendario A'!$Y$8:$Y$110,'Calendario A'!$T$8:$T$110,$H19,'Calendario A'!$M$8:$M$110,$H$17),"-") -> - | BF19: =IF(AND($H19<>"",$H$18<>"",$H19<>$H$18,IFERROR(VLOOKUP($H19,areaCercaPuntiClassificaSquadra,3,FALSE()),-1)=IFERROR(VLOOKUP($H$18,areaCercaPuntiClassificaSquadra,3,FALSE()),-2)),SUMIFS('Calendario A'!$R$8:$R$110,'Calendario A'!$M$8:$M$110,$H19,'Calendario A'!$T$8:$T$110,$H$18)+SUMIFS('Calendario A'!$Y$8:$Y$110,'Calendario A'!$T$8:$T$110,$H19,'Calendario A'!$M$8:$M$110,$H$18),"-") -> - | BG19: =IF(AND($H19<>"",$H$19<>"",$H19<>$H$19,IFERROR(VLOOKUP($H19,areaCercaPuntiClassificaSquadra,3,FALSE()),-1)=IFERROR(VLOOKUP($H$19,areaCercaPuntiClassificaSquadra,3,FALSE()),-2)),SUMIFS('Calendario A'!$R$8:$R$110,'Calendario A'!$M$8:$M$110,$H19,'Calendario A'!$T$8:$T$110,$H$19)+SUMIFS('Calendario A'!$Y$8:$Y$110,'Calendario A'!$T$8:$T$110,$H19,'Calendario A'!$M$8:$M$110,$H$19),"-") -> -
B20: B01 | C20: Lupi Lucenti-Lupiopoli LI | E20: B | G20: =IF($C20="","",$E20&(COUNTIFS(I$12:I$75,">"&I20,E$12:E$75,"="&E20,C$12:C$75,"<>")+COUNTIFS(I$12:I$75,"="&I20,H$12:H$75,"<="&H20,E$12:E$75,"="&E20,C$12:C$75,"<>"))) -> B2 | H20: =IF($C20="","",IFERROR(LEFT($C20,FIND("-",$C20)-1),$C20)) -> Lupi Lucenti | I20: =TEXT(1000000000+J20,"|0000000000|")&TEXT(SUM(Y20:AF20),"0000000000|")&IF(SUM(AZ20:BG20)=0,"0000000000|",TEXT(ROUND(SUM(AQ20:AX20)/SUM(AZ20:BG20),4)*100000,"0000000000|"))&IF(P20=0,"0000000000|",TEXT(ROUND(O20/P20,4)*100000,"0000000000|")) -> |1000000017|0000000001|0000120830|0000124680| | J20: =L20*constPuntiVittoria+M20*constPuntiSconfitta+N20*constPuntiForfait+IF(D20="",0,D20) -> 17 | K20: =SUM(L20:N20) -> 7 | L20: =IF($H20="",0,SUMIF('Calendario B'!$M$8:$M$110,$H20,'Calendario B'!$N$8:$N$110)+SUMIF('Calendario B'!$T$8:$T$110,$H20,'Calendario B'!$U$8:$U$110)) -> 5 | M20: =IF($H20="",0,SUMIF('Calendario B'!$M$8:$M$110,$H20,'Calendario B'!$P$8:$P$110)+SUMIF('Calendario B'!$T$8:$T$110,$H20,'Calendario B'!$W$8:$W$110)) -> 2 | N20: =IF($H20="",0,SUMIF('Calendario B'!$M$8:$M$110,$H20,'Calendario B'!$O$8:$O$110)+SUMIF('Calendario B'!$T$8:$T$110,$H20,'Calendario B'!$V$8:$V$110)) -> 0 | O20: =IF($H20="",0,SUMIF('Calendario B'!$M$8:$M$110,$H20,'Calendario B'!$Q$8:$Q$110)+SUMIF('Calendario B'!$T$8:$T$110,$H20,'Calendario B'!$X$8:$X$110)) -> 485 | P20: =IF($H20="",0,SUMIF('Calendario B'!$M$8:$M$110,$H20,'Calendario B'!$R$8:$R$110)+SUMIF('Calendario B'!$T$8:$T$110,$H20,'Calendario B'!$Y$8:$Y$110)) -> 389 | Q20: =IF($H20="",0,SUMIF('Calendario B'!$M$8:$M$110,$H20,'Calendario B'!$S$8:$S$110)+SUMIF('Calendario B'!$T$8:$T$110,$H20,'Calendario B'!$Z$8:$Z$110)) -> 96 | R20: =IF(K20=0,0,ROUND(O20/K20,2)) -> 69.29 | S20: =IF(K20=0,0,ROUND(P20/K20,2)) -> 55.57 | T20: =IF(K20=0,0,ROUND(Q20/K20,2)) -> 13.71 | U20: =IF(COUNT(Y20:AF20)=0,"-",SUM(Y20:AF20)&"-"&SUM(AH20:AO20)) -> 1-0 | V20: =IF(COUNT(Y20:AF20)=0,"-",IF(SUM(AZ20:BG20)=0,TEXT(0,"0.0000"),TEXT(ROUND(SUM(AQ20:AX20)/SUM(AZ20:BG20),4),"0.0000"))) -> 1.2083 | W20: =IF(H20="","-",IF(P20=0,TEXT(0,"0.0000"),TEXT(ROUND(O20/P20,4),"0.0000"))) -> 1.2468 | X20: =$C20 -> Lupi Lucenti-Lupiopoli LI | Y20: =IF(AND($H20<>"",$H$20<>"",$H20<>$H$20,IFERROR(VLOOKUP($H20,areaCercaPuntiClassificaSquadra,3,FALSE()),-1)=IFERROR(VLOOKUP($H$20,areaCercaPuntiClassificaSquadra,3,FALSE()),-2)),SUMIFS('Calendario B'!$N$8:$N$110,'Calendario B'!$M$8:$M$110,$H20,'Calendario B'!$T$8:$T$110,$H$20)+SUMIFS('Calendario B'!$U$8:$U$110,'Calendario B'!$T$8:$T$110,$H20,'Calendario B'!$M$8:$M$110,$H$20),"-") -> - | Z20: =IF(AND($H20<>"",$H$21<>"",$H20<>$H$21,IFERROR(VLOOKUP($H20,areaCercaPuntiClassificaSquadra,3,FALSE()),-1)=IFERROR(VLOOKUP($H$21,areaCercaPuntiClassificaSquadra,3,FALSE()),-2)),SUMIFS('Calendario B'!$N$8:$N$110,'Calendario B'!$M$8:$M$110,$H20,'Calendario B'!$T$8:$T$110,$H$21)+SUMIFS('Calendario B'!$U$8:$U$110,'Calendario B'!$T$8:$T$110,$H20,'Calendario B'!$M$8:$M$110,$H$21),"-") -> 1 | AA20: =IF(AND($H20<>"",$H$22<>"",$H20<>$H$22,IFERROR(VLOOKUP($H20,areaCercaPuntiClassificaSquadra,3,FALSE()),-1)=IFERROR(VLOOKUP($H$22,areaCercaPuntiClassificaSquadra,3,FALSE()),-2)),SUMIFS('Calendario B'!$N$8:$N$110,'Calendario B'!$M$8:$M$110,$H20,'Calendario B'!$T$8:$T$110,$H$22)+SUMIFS('Calendario B'!$U$8:$U$110,'Calendario B'!$T$8:$T$110,$H20,'Calendario B'!$M$8:$M$110,$H$22),"-") -> - | AB20: =IF(AND($H20<>"",$H$23<>"",$H20<>$H$23,IFERROR(VLOOKUP($H20,areaCercaPuntiClassificaSquadra,3,FALSE()),-1)=IFERROR(VLOOKUP($H$23,areaCercaPuntiClassificaSquadra,3,FALSE()),-2)),SUMIFS('Calendario B'!$N$8:$N$110,'Calendario B'!$M$8:$M$110,$H20,'Calendario B'!$T$8:$T$110,$H$23)+SUMIFS('Calendario B'!$U$8:$U$110,'Calendario B'!$T$8:$T$110,$H20,'Calendario B'!$M$8:$M$110,$H$23),"-") -> - | AC20: =IF(AND($H20<>"",$H$24<>"",$H20<>$H$24,IFERROR(VLOOKUP($H20,areaCercaPuntiClassificaSquadra,3,FALSE()),-1)=IFERROR(VLOOKUP($H$24,areaCercaPuntiClassificaSquadra,3,FALSE()),-2)),SUMIFS('Calendario B'!$N$8:$N$110,'Calendario B'!$M$8:$M$110,$H20,'Calendario B'!$T$8:$T$110,$H$24)+SUMIFS('Calendario B'!$U$8:$U$110,'Calendario B'!$T$8:$T$110,$H20,'Calendario B'!$M$8:$M$110,$H$24),"-") -> - | AD20: =IF(AND($H20<>"",$H$25<>"",$H20<>$H$25,IFERROR(VLOOKUP($H20,areaCercaPuntiClassificaSquadra,3,FALSE()),-1)=IFERROR(VLOOKUP($H$25,areaCercaPuntiClassificaSquadra,3,FALSE()),-2)),SUMIFS('Calendario B'!$N$8:$N$110,'Calendario B'!$M$8:$M$110,$H20,'Calendario B'!$T$8:$T$110,$H$25)+SUMIFS('Calendario B'!$U$8:$U$110,'Calendario B'!$T$8:$T$110,$H20,'Calendario B'!$M$8:$M$110,$H$25),"-") -> - | AE20: =IF(AND($H20<>"",$H$26<>"",$H20<>$H$26,IFERROR(VLOOKUP($H20,areaCercaPuntiClassificaSquadra,3,FALSE()),-1)=IFERROR(VLOOKUP($H$26,areaCercaPuntiClassificaSquadra,3,FALSE()),-2)),SUMIFS('Calendario B'!$N$8:$N$110,'Calendario B'!$M$8:$M$110,$H20,'Calendario B'!$T$8:$T$110,$H$26)+SUMIFS('Calendario B'!$U$8:$U$110,'Calendario B'!$T$8:$T$110,$H20,'Calendario B'!$M$8:$M$110,$H$26),"-") -> - | AF20: =IF(AND($H20<>"",$H$27<>"",$H20<>$H$27,IFERROR(VLOOKUP($H20,areaCercaPuntiClassificaSquadra,3,FALSE()),-1)=IFERROR(VLOOKUP($H$27,areaCercaPuntiClassificaSquadra,3,FALSE()),-2)),SUMIFS('Calendario B'!$N$8:$N$110,'Calendario B'!$M$8:$M$110,$H20,'Calendario B'!$T$8:$T$110,$H$27)+SUMIFS('Calendario B'!$U$8:$U$110,'Calendario B'!$T$8:$T$110,$H20,'Calendario B'!$M$8:$M$110,$H$27),"-") -> - | AG20: =$C20 -> Lupi Lucenti-Lupiopoli LI | AH20: =IF(AND($H20<>"",$H$20<>"",$H20<>$H$20,IFERROR(VLOOKUP($H20,areaCercaPuntiClassificaSquadra,3,FALSE()),-1)=IFERROR(VLOOKUP($H$20,areaCercaPuntiClassificaSquadra,3,FALSE()),-2)),SUMIFS('Calendario B'!$P$8:$P$110,'Calendario B'!$M$8:$M$110,$H20,'Calendario B'!$T$8:$T$110,$H$20)+SUMIFS('Calendario B'!$W$8:$W$110,'Calendario B'!$T$8:$T$110,$H20,'Calendario B'!$M$8:$M$110,$H$20)+SUMIFS('Calendario B'!$O$8:$O$110,'Calendario B'!$M$8:$M$110,$H20,'Calendario B'!$T$8:$T$110,$H$20)+SUMIFS('Calendario B'!$V$8:$V$110,'Calendario B'!$T$8:$T$110,$H20,'Calendario B'!$M$8:$M$110,$H$20),"-") -> - | AI20: =IF(AND($H20<>"",$H$21<>"",$H20<>$H$21,IFERROR(VLOOKUP($H20,areaCercaPuntiClassificaSquadra,3,FALSE()),-1)=IFERROR(VLOOKUP($H$21,areaCercaPuntiClassificaSquadra,3,FALSE()),-2)),SUMIFS('Calendario B'!$P$8:$P$110,'Calendario B'!$M$8:$M$110,$H20,'Calendario B'!$T$8:$T$110,$H$21)+SUMIFS('Calendario B'!$W$8:$W$110,'Calendario B'!$T$8:$T$110,$H20,'Calendario B'!$M$8:$M$110,$H$21)+SUMIFS('Calendario B'!$O$8:$O$110,'Calendario B'!$M$8:$M$110,$H20,'Calendario B'!$T$8:$T$110,$H$21)+SUMIFS('Calendario B'!$V$8:$V$110,'Calendario B'!$T$8:$T$110,$H20,'Calendario B'!$M$8:$M$110,$H$21),"-") -> 0 | AJ20: =IF(AND($H20<>"",$H$22<>"",$H20<>$H$22,IFERROR(VLOOKUP($H20,areaCercaPuntiClassificaSquadra,3,FALSE()),-1)=IFERROR(VLOOKUP($H$22,areaCercaPuntiClassificaSquadra,3,FALSE()),-2)),SUMIFS('Calendario B'!$P$8:$P$110,'Calendario B'!$M$8:$M$110,$H20,'Calendario B'!$T$8:$T$110,$H$22)+SUMIFS('Calendario B'!$W$8:$W$110,'Calendario B'!$T$8:$T$110,$H20,'Calendario B'!$M$8:$M$110,$H$22)+SUMIFS('Calendario B'!$O$8:$O$110,'Calendario B'!$M$8:$M$110,$H20,'Calendario B'!$T$8:$T$110,$H$22)+SUMIFS('Calendario B'!$V$8:$V$110,'Calendario B'!$T$8:$T$110,$H20,'Calendario B'!$M$8:$M$110,$H$22),"-") -> - | AK20: =IF(AND($H20<>"",$H$23<>"",$H20<>$H$23,IFERROR(VLOOKUP($H20,areaCercaPuntiClassificaSquadra,3,FALSE()),-1)=IFERROR(VLOOKUP($H$23,areaCercaPuntiClassificaSquadra,3,FALSE()),-2)),SUMIFS('Calendario B'!$P$8:$P$110,'Calendario B'!$M$8:$M$110,$H20,'Calendario B'!$T$8:$T$110,$H$23)+SUMIFS('Calendario B'!$W$8:$W$110,'Calendario B'!$T$8:$T$110,$H20,'Calendario B'!$M$8:$M$110,$H$23)+SUMIFS('Calendario B'!$O$8:$O$110,'Calendario B'!$M$8:$M$110,$H20,'Calendario B'!$T$8:$T$110,$H$23)+SUMIFS('Calendario B'!$V$8:$V$110,'Calendario B'!$T$8:$T$110,$H20,'Calendario B'!$M$8:$M$110,$H$23),"-") -> - | AL20: =IF(AND($H20<>"",$H$24<>"",$H20<>$H$24,IFERROR(VLOOKUP($H20,areaCercaPuntiClassificaSquadra,3,FALSE()),-1)=IFERROR(VLOOKUP($H$24,areaCercaPuntiClassificaSquadra,3,FALSE()),-2)),SUMIFS('Calendario B'!$P$8:$P$110,'Calendario B'!$M$8:$M$110,$H20,'Calendario B'!$T$8:$T$110,$H$24)+SUMIFS('Calendario B'!$W$8:$W$110,'Calendario B'!$T$8:$T$110,$H20,'Calendario B'!$M$8:$M$110,$H$24)+SUMIFS('Calendario B'!$O$8:$O$110,'Calendario B'!$M$8:$M$110,$H20,'Calendario B'!$T$8:$T$110,$H$24)+SUMIFS('Calendario B'!$V$8:$V$110,'Calendario B'!$T$8:$T$110,$H20,'Calendario B'!$M$8:$M$110,$H$24),"-") -> - | AM20: =IF(AND($H20<>"",$H$25<>"",$H20<>$H$25,IFERROR(VLOOKUP($H20,areaCercaPuntiClassificaSquadra,3,FALSE()),-1)=IFERROR(VLOOKUP($H$25,areaCercaPuntiClassificaSquadra,3,FALSE()),-2)),SUMIFS('Calendario B'!$P$8:$P$110,'Calendario B'!$M$8:$M$110,$H20,'Calendario B'!$T$8:$T$110,$H$25)+SUMIFS('Calendario B'!$W$8:$W$110,'Calendario B'!$T$8:$T$110,$H20,'Calendario B'!$M$8:$M$110,$H$25)+SUMIFS('Calendario B'!$O$8:$O$110,'Calendario B'!$M$8:$M$110,$H20,'Calendario B'!$T$8:$T$110,$H$25)+SUMIFS('Calendario B'!$V$8:$V$110,'Calendario B'!$T$8:$T$110,$H20,'Calendario B'!$M$8:$M$110,$H$25),"-") -> - | AN20: =IF(AND($H20<>"",$H$26<>"",$H20<>$H$26,IFERROR(VLOOKUP($H20,areaCercaPuntiClassificaSquadra,3,FALSE()),-1)=IFERROR(VLOOKUP($H$26,areaCercaPuntiClassificaSquadra,3,FALSE()),-2)),SUMIFS('Calendario B'!$P$8:$P$110,'Calendario B'!$M$8:$M$110,$H20,'Calendario B'!$T$8:$T$110,$H$26)+SUMIFS('Calendario B'!$W$8:$W$110,'Calendario B'!$T$8:$T$110,$H20,'Calendario B'!$M$8:$M$110,$H$26)+SUMIFS('Calendario B'!$O$8:$O$110,'Calendario B'!$M$8:$M$110,$H20,'Calendario B'!$T$8:$T$110,$H$26)+SUMIFS('Calendario B'!$V$8:$V$110,'Calendario B'!$T$8:$T$110,$H20,'Calendario B'!$M$8:$M$110,$H$26),"-") -> - | AO20: =IF(AND($H20<>"",$H$27<>"",$H20<>$H$27,IFERROR(VLOOKUP($H20,areaCercaPuntiClassificaSquadra,3,FALSE()),-1)=IFERROR(VLOOKUP($H$27,areaCercaPuntiClassificaSquadra,3,FALSE()),-2)),SUMIFS('Calendario B'!$P$8:$P$110,'Calendario B'!$M$8:$M$110,$H20,'Calendario B'!$T$8:$T$110,$H$27)+SUMIFS('Calendario B'!$W$8:$W$110,'Calendario B'!$T$8:$T$110,$H20,'Calendario B'!$M$8:$M$110,$H$27)+SUMIFS('Calendario B'!$O$8:$O$110,'Calendario B'!$M$8:$M$110,$H20,'Calendario B'!$T$8:$T$110,$H$27)+SUMIFS('Calendario B'!$V$8:$V$110,'Calendario B'!$T$8:$T$110,$H20,'Calendario B'!$M$8:$M$110,$H$27),"-") -> - | AP20: =$C20 -> Lupi Lucenti-Lupiopoli LI | AQ20: =IF(AND($H20<>"",$H$20<>"",$H20<>$H$20,IFERROR(VLOOKUP($H20,areaCercaPuntiClassificaSquadra,3,FALSE()),-1)=IFERROR(VLOOKUP($H$20,areaCercaPuntiClassificaSquadra,3,FALSE()),-2)),SUMIFS('Calendario B'!$Q$8:$Q$110,'Calendario B'!$M$8:$M$110,$H20,'Calendario B'!$T$8:$T$110,$H$20)+SUMIFS('Calendario B'!$X$8:$X$110,'Calendario B'!$T$8:$T$110,$H20,'Calendario B'!$M$8:$M$110,$H$20),"-") -> - | AR20: =IF(AND($H20<>"",$H$21<>"",$H20<>$H$21,IFERROR(VLOOKUP($H20,areaCercaPuntiClassificaSquadra,3,FALSE()),-1)=IFERROR(VLOOKUP($H$21,areaCercaPuntiClassificaSquadra,3,FALSE()),-2)),SUMIFS('Calendario B'!$Q$8:$Q$110,'Calendario B'!$M$8:$M$110,$H20,'Calendario B'!$T$8:$T$110,$H$21)+SUMIFS('Calendario B'!$X$8:$X$110,'Calendario B'!$T$8:$T$110,$H20,'Calendario B'!$M$8:$M$110,$H$21),"-") -> 58 | AS20: =IF(AND($H20<>"",$H$22<>"",$H20<>$H$22,IFERROR(VLOOKUP($H20,areaCercaPuntiClassificaSquadra,3,FALSE()),-1)=IFERROR(VLOOKUP($H$22,areaCercaPuntiClassificaSquadra,3,FALSE()),-2)),SUMIFS('Calendario B'!$Q$8:$Q$110,'Calendario B'!$M$8:$M$110,$H20,'Calendario B'!$T$8:$T$110,$H$22)+SUMIFS('Calendario B'!$X$8:$X$110,'Calendario B'!$T$8:$T$110,$H20,'Calendario B'!$M$8:$M$110,$H$22),"-") -> - | AT20: =IF(AND($H20<>"",$H$23<>"",$H20<>$H$23,IFERROR(VLOOKUP($H20,areaCercaPuntiClassificaSquadra,3,FALSE()),-1)=IFERROR(VLOOKUP($H$23,areaCercaPuntiClassificaSquadra,3,FALSE()),-2)),SUMIFS('Calendario B'!$Q$8:$Q$110,'Calendario B'!$M$8:$M$110,$H20,'Calendario B'!$T$8:$T$110,$H$23)+SUMIFS('Calendario B'!$X$8:$X$110,'Calendario B'!$T$8:$T$110,$H20,'Calendario B'!$M$8:$M$110,$H$23),"-") -> - | AU20: =IF(AND($H20<>"",$H$24<>"",$H20<>$H$24,IFERROR(VLOOKUP($H20,areaCercaPuntiClassificaSquadra,3,FALSE()),-1)=IFERROR(VLOOKUP($H$24,areaCercaPuntiClassificaSquadra,3,FALSE()),-2)),SUMIFS('Calendario B'!$Q$8:$Q$110,'Calendario B'!$M$8:$M$110,$H20,'Calendario B'!$T$8:$T$110,$H$24)+SUMIFS('Calendario B'!$X$8:$X$110,'Calendario B'!$T$8:$T$110,$H20,'Calendario B'!$M$8:$M$110,$H$24),"-") -> - | AV20: =IF(AND($H20<>"",$H$25<>"",$H20<>$H$25,IFERROR(VLOOKUP($H20,areaCercaPuntiClassificaSquadra,3,FALSE()),-1)=IFERROR(VLOOKUP($H$25,areaCercaPuntiClassificaSquadra,3,FALSE()),-2)),SUMIFS('Calendario B'!$Q$8:$Q$110,'Calendario B'!$M$8:$M$110,$H20,'Calendario B'!$T$8:$T$110,$H$25)+SUMIFS('Calendario B'!$X$8:$X$110,'Calendario B'!$T$8:$T$110,$H20,'Calendario B'!$M$8:$M$110,$H$25),"-") -> - | AW20: =IF(AND($H20<>"",$H$26<>"",$H20<>$H$26,IFERROR(VLOOKUP($H20,areaCercaPuntiClassificaSquadra,3,FALSE()),-1)=IFERROR(VLOOKUP($H$26,areaCercaPuntiClassificaSquadra,3,FALSE()),-2)),SUMIFS('Calendario B'!$Q$8:$Q$110,'Calendario B'!$M$8:$M$110,$H20,'Calendario B'!$T$8:$T$110,$H$26)+SUMIFS('Calendario B'!$X$8:$X$110,'Calendario B'!$T$8:$T$110,$H20,'Calendario B'!$M$8:$M$110,$H$26),"-") -> - | AX20: =IF(AND($H20<>"",$H$27<>"",$H20<>$H$27,IFERROR(VLOOKUP($H20,areaCercaPuntiClassificaSquadra,3,FALSE()),-1)=IFERROR(VLOOKUP($H$27,areaCercaPuntiClassificaSquadra,3,FALSE()),-2)),SUMIFS('Calendario B'!$Q$8:$Q$110,'Calendario B'!$M$8:$M$110,$H20,'Calendario B'!$T$8:$T$110,$H$27)+SUMIFS('Calendario B'!$X$8:$X$110,'Calendario B'!$T$8:$T$110,$H20,'Calendario B'!$M$8:$M$110,$H$27),"-") -> - | AY20: =$C20 -> Lupi Lucenti-Lupiopoli LI | AZ20: =IF(AND($H20<>"",$H$20<>"",$H20<>$H$20,IFERROR(VLOOKUP($H20,areaCercaPuntiClassificaSquadra,3,FALSE()),-1)=IFERROR(VLOOKUP($H$20,areaCercaPuntiClassificaSquadra,3,FALSE()),-2)),SUMIFS('Calendario B'!$R$8:$R$110,'Calendario B'!$M$8:$M$110,$H20,'Calendario B'!$T$8:$T$110,$H$20)+SUMIFS('Calendario B'!$Y$8:$Y$110,'Calendario B'!$T$8:$T$110,$H20,'Calendario B'!$M$8:$M$110,$H$20),"-") -> - | BA20: =IF(AND($H20<>"",$H$21<>"",$H20<>$H$21,IFERROR(VLOOKUP($H20,areaCercaPuntiClassificaSquadra,3,FALSE()),-1)=IFERROR(VLOOKUP($H$21,areaCercaPuntiClassificaSquadra,3,FALSE()),-2)),SUMIFS('Calendario B'!$R$8:$R$110,'Calendario B'!$M$8:$M$110,$H20,'Calendario B'!$T$8:$T$110,$H$21)+SUMIFS('Calendario B'!$Y$8:$Y$110,'Calendario B'!$T$8:$T$110,$H20,'Calendario B'!$M$8:$M$110,$H$21),"-") -> 48 | BB20: =IF(AND($H20<>"",$H$22<>"",$H20<>$H$22,IFERROR(VLOOKUP($H20,areaCercaPuntiClassificaSquadra,3,FALSE()),-1)=IFERROR(VLOOKUP($H$22,areaCercaPuntiClassificaSquadra,3,FALSE()),-2)),SUMIFS('Calendario B'!$R$8:$R$110,'Calendario B'!$M$8:$M$110,$H20,'Calendario B'!$T$8:$T$110,$H$22)+SUMIFS('Calendario B'!$Y$8:$Y$110,'Calendario B'!$T$8:$T$110,$H20,'Calendario B'!$M$8:$M$110,$H$22),"-") -> - | BC20: =IF(AND($H20<>"",$H$23<>"",$H20<>$H$23,IFERROR(VLOOKUP($H20,areaCercaPuntiClassificaSquadra,3,FALSE()),-1)=IFERROR(VLOOKUP($H$23,areaCercaPuntiClassificaSquadra,3,FALSE()),-2)),SUMIFS('Calendario B'!$R$8:$R$110,'Calendario B'!$M$8:$M$110,$H20,'Calendario B'!$T$8:$T$110,$H$23)+SUMIFS('Calendario B'!$Y$8:$Y$110,'Calendario B'!$T$8:$T$110,$H20,'Calendario B'!$M$8:$M$110,$H$23),"-") -> - | BD20: =IF(AND($H20<>"",$H$24<>"",$H20<>$H$24,IFERROR(VLOOKUP($H20,areaCercaPuntiClassificaSquadra,3,FALSE()),-1)=IFERROR(VLOOKUP($H$24,areaCercaPuntiClassificaSquadra,3,FALSE()),-2)),SUMIFS('Calendario B'!$R$8:$R$110,'Calendario B'!$M$8:$M$110,$H20,'Calendario B'!$T$8:$T$110,$H$24)+SUMIFS('Calendario B'!$Y$8:$Y$110,'Calendario B'!$T$8:$T$110,$H20,'Calendario B'!$M$8:$M$110,$H$24),"-") -> - | BE20: =IF(AND($H20<>"",$H$25<>"",$H20<>$H$25,IFERROR(VLOOKUP($H20,areaCercaPuntiClassificaSquadra,3,FALSE()),-1)=IFERROR(VLOOKUP($H$25,areaCercaPuntiClassificaSquadra,3,FALSE()),-2)),SUMIFS('Calendario B'!$R$8:$R$110,'Calendario B'!$M$8:$M$110,$H20,'Calendario B'!$T$8:$T$110,$H$25)+SUMIFS('Calendario B'!$Y$8:$Y$110,'Calendario B'!$T$8:$T$110,$H20,'Calendario B'!$M$8:$M$110,$H$25),"-") -> - | BF20: =IF(AND($H20<>"",$H$26<>"",$H20<>$H$26,IFERROR(VLOOKUP($H20,areaCercaPuntiClassificaSquadra,3,FALSE()),-1)=IFERROR(VLOOKUP($H$26,areaCercaPuntiClassificaSquadra,3,FALSE()),-2)),SUMIFS('Calendario B'!$R$8:$R$110,'Calendario B'!$M$8:$M$110,$H20,'Calendario B'!$T$8:$T$110,$H$26)+SUMIFS('Calendario B'!$Y$8:$Y$110,'Calendario B'!$T$8:$T$110,$H20,'Calendario B'!$M$8:$M$110,$H$26),"-") -> - | BG20: =IF(AND($H20<>"",$H$27<>"",$H20<>$H$27,IFERROR(VLOOKUP($H20,areaCercaPuntiClassificaSquadra,3,FALSE()),-1)=IFERROR(VLOOKUP($H$27,areaCercaPuntiClassificaSquadra,3,FALSE()),-2)),SUMIFS('Calendario B'!$R$8:$R$110,'Calendario B'!$M$8:$M$110,$H20,'Calendario B'!$T$8:$T$110,$H$27)+SUMIFS('Calendario B'!$Y$8:$Y$110,'Calendario B'!$T$8:$T$110,$H20,'Calendario B'!$M$8:$M$110,$H$27),"-") -> -
B21: B02 | C21: Marmotte Maldestre-Marmotteopoli ME | E21: B | G21: =IF($C21="","",$E21&(COUNTIFS(I$12:I$75,">"&I21,E$12:E$75,"="&E21,C$12:C$75,"<>")+COUNTIFS(I$12:I$75,"="&I21,H$12:H$75,"<="&H21,E$12:E$75,"="&E21,C$12:C$75,"<>"))) -> B3 | H21: =IF($C21="","",IFERROR(LEFT($C21,FIND("-",$C21)-1),$C21)) -> Marmotte Maldestre | I21: =TEXT(1000000000+J21,"|0000000000|")&TEXT(SUM(Y21:AF21),"0000000000|")&IF(SUM(AZ21:BG21)=0,"0000000000|",TEXT(ROUND(SUM(AQ21:AX21)/SUM(AZ21:BG21),4)*100000,"0000000000|"))&IF(P21=0,"0000000000|",TEXT(ROUND(O21/P21,4)*100000,"0000000000|")) -> |1000000017|0000000000|0000082760|0000128680| | J21: =L21*constPuntiVittoria+M21*constPuntiSconfitta+N21*constPuntiForfait+IF(D21="",0,D21) -> 17 | K21: =SUM(L21:N21) -> 7 | L21: =IF($H21="",0,SUMIF('Calendario B'!$M$8:$M$110,$H21,'Calendario B'!$N$8:$N$110)+SUMIF('Calendario B'!$T$8:$T$110,$H21,'Calendario B'!$U$8:$U$110)) -> 5 | M21: =IF($H21="",0,SUMIF('Calendario B'!$M$8:$M$110,$H21,'Calendario B'!$P$8:$P$110)+SUMIF('Calendario B'!$T$8:$T$110,$H21,'Calendario B'!$W$8:$W$110)) -> 2 | N21: =IF($H21="",0,SUMIF('Calendario B'!$M$8:$M$110,$H21,'Calendario B'!$O$8:$O$110)+SUMIF('Calendario B'!$T$8:$T$110,$H21,'Calendario B'!$V$8:$V$110)) -> 0 | O21: =IF($H21="",0,SUMIF('Calendario B'!$M$8:$M$110,$H21,'Calendario B'!$Q$8:$Q$110)+SUMIF('Calendario B'!$T$8:$T$110,$H21,'Calendario B'!$X$8:$X$110)) -> 489 | P21: =IF($H21="",0,SUMIF('Calendario B'!$M$8:$M$110,$H21,'Calendario B'!$R$8:$R$110)+SUMIF('Calendario B'!$T$8:$T$110,$H21,'Calendario B'!$Y$8:$Y$110)) -> 380 | Q21: =IF($H21="",0,SUMIF('Calendario B'!$M$8:$M$110,$H21,'Calendario B'!$S$8:$S$110)+SUMIF('Calendario B'!$T$8:$T$110,$H21,'Calendario B'!$Z$8:$Z$110)) -> 109 | R21: =IF(K21=0,0,ROUND(O21/K21,2)) -> 69.86 | S21: =IF(K21=0,0,ROUND(P21/K21,2)) -> 54.29 | T21: =IF(K21=0,0,ROUND(Q21/K21,2)) -> 15.57 | U21: =IF(COUNT(Y21:AF21)=0,"-",SUM(Y21:AF21)&"-"&SUM(AH21:AO21)) -> 0-1 | V21: =IF(COUNT(Y21:AF21)=0,"-",IF(SUM(AZ21:BG21)=0,TEXT(0,"0.0000"),TEXT(ROUND(SUM(AQ21:AX21)/SUM(AZ21:BG21),4),"0.0000"))) -> 0.8276 | W21: =IF(H21="","-",IF(P21=0,TEXT(0,"0.0000"),TEXT(ROUND(O21/P21,4),"0.0000"))) -> 1.2868 | X21: =$C21 -> Marmotte Maldestre-Marmotteopoli ME | Y21: =IF(AND($H21<>"",$H$20<>"",$H21<>$H$20,IFERROR(VLOOKUP($H21,areaCercaPuntiClassificaSquadra,3,FALSE()),-1)=IFERROR(VLOOKUP($H$20,areaCercaPuntiClassificaSquadra,3,FALSE()),-2)),SUMIFS('Calendario B'!$N$8:$N$110,'Calendario B'!$M$8:$M$110,$H21,'Calendario B'!$T$8:$T$110,$H$20)+SUMIFS('Calendario B'!$U$8:$U$110,'Calendario B'!$T$8:$T$110,$H21,'Calendario B'!$M$8:$M$110,$H$20),"-") -> 0 | Z21: =IF(AND($H21<>"",$H$21<>"",$H21<>$H$21,IFERROR(VLOOKUP($H21,areaCercaPuntiClassificaSquadra,3,FALSE()),-1)=IFERROR(VLOOKUP($H$21,areaCercaPuntiClassificaSquadra,3,FALSE()),-2)),SUMIFS('Calendario B'!$N$8:$N$110,'Calendario B'!$M$8:$M$110,$H21,'Calendario B'!$T$8:$T$110,$H$21)+SUMIFS('Calendario B'!$U$8:$U$110,'Calendario B'!$T$8:$T$110,$H21,'Calendario B'!$M$8:$M$110,$H$21),"-") -> - | AA21: =IF(AND($H21<>"",$H$22<>"",$H21<>$H$22,IFERROR(VLOOKUP($H21,areaCercaPuntiClassificaSquadra,3,FALSE()),-1)=IFERROR(VLOOKUP($H$22,areaCercaPuntiClassificaSquadra,3,FALSE()),-2)),SUMIFS('Calendario B'!$N$8:$N$110,'Calendario B'!$M$8:$M$110,$H21,'Calendario B'!$T$8:$T$110,$H$22)+SUMIFS('Calendario B'!$U$8:$U$110,'Calendario B'!$T$8:$T$110,$H21,'Calendario B'!$M$8:$M$110,$H$22),"-") -> - | AB21: =IF(AND($H21<>"",$H$23<>"",$H21<>$H$23,IFERROR(VLOOKUP($H21,areaCercaPuntiClassificaSquadra,3,FALSE()),-1)=IFERROR(VLOOKUP($H$23,areaCercaPuntiClassificaSquadra,3,FALSE()),-2)),SUMIFS('Calendario B'!$N$8:$N$110,'Calendario B'!$M$8:$M$110,$H21,'Calendario B'!$T$8:$T$110,$H$23)+SUMIFS('Calendario B'!$U$8:$U$110,'Calendario B'!$T$8:$T$110,$H21,'Calendario B'!$M$8:$M$110,$H$23),"-") -> - | AC21: =IF(AND($H21<>"",$H$24<>"",$H21<>$H$24,IFERROR(VLOOKUP($H21,areaCercaPuntiClassificaSquadra,3,FALSE()),-1)=IFERROR(VLOOKUP($H$24,areaCercaPuntiClassificaSquadra,3,FALSE()),-2)),SUMIFS('Calendario B'!$N$8:$N$110,'Calendario B'!$M$8:$M$110,$H21,'Calendario B'!$T$8:$T$110,$H$24)+SUMIFS('Calendario B'!$U$8:$U$110,'Calendario B'!$T$8:$T$110,$H21,'Calendario B'!$M$8:$M$110,$H$24),"-") -> - | AD21: =IF(AND($H21<>"",$H$25<>"",$H21<>$H$25,IFERROR(VLOOKUP($H21,areaCercaPuntiClassificaSquadra,3,FALSE()),-1)=IFERROR(VLOOKUP($H$25,areaCercaPuntiClassificaSquadra,3,FALSE()),-2)),SUMIFS('Calendario B'!$N$8:$N$110,'Calendario B'!$M$8:$M$110,$H21,'Calendario B'!$T$8:$T$110,$H$25)+SUMIFS('Calendario B'!$U$8:$U$110,'Calendario B'!$T$8:$T$110,$H21,'Calendario B'!$M$8:$M$110,$H$25),"-") -> - | AE21: =IF(AND($H21<>"",$H$26<>"",$H21<>$H$26,IFERROR(VLOOKUP($H21,areaCercaPuntiClassificaSquadra,3,FALSE()),-1)=IFERROR(VLOOKUP($H$26,areaCercaPuntiClassificaSquadra,3,FALSE()),-2)),SUMIFS('Calendario B'!$N$8:$N$110,'Calendario B'!$M$8:$M$110,$H21,'Calendario B'!$T$8:$T$110,$H$26)+SUMIFS('Calendario B'!$U$8:$U$110,'Calendario B'!$T$8:$T$110,$H21,'Calendario B'!$M$8:$M$110,$H$26),"-") -> - | AF21: =IF(AND($H21<>"",$H$27<>"",$H21<>$H$27,IFERROR(VLOOKUP($H21,areaCercaPuntiClassificaSquadra,3,FALSE()),-1)=IFERROR(VLOOKUP($H$27,areaCercaPuntiClassificaSquadra,3,FALSE()),-2)),SUMIFS('Calendario B'!$N$8:$N$110,'Calendario B'!$M$8:$M$110,$H21,'Calendario B'!$T$8:$T$110,$H$27)+SUMIFS('Calendario B'!$U$8:$U$110,'Calendario B'!$T$8:$T$110,$H21,'Calendario B'!$M$8:$M$110,$H$27),"-") -> - | AG21: =$C21 -> Marmotte Maldestre-Marmotteopoli ME | AH21: =IF(AND($H21<>"",$H$20<>"",$H21<>$H$20,IFERROR(VLOOKUP($H21,areaCercaPuntiClassificaSquadra,3,FALSE()),-1)=IFERROR(VLOOKUP($H$20,areaCercaPuntiClassificaSquadra,3,FALSE()),-2)),SUMIFS('Calendario B'!$P$8:$P$110,'Calendario B'!$M$8:$M$110,$H21,'Calendario B'!$T$8:$T$110,$H$20)+SUMIFS('Calendario B'!$W$8:$W$110,'Calendario B'!$T$8:$T$110,$H21,'Calendario B'!$M$8:$M$110,$H$20)+SUMIFS('Calendario B'!$O$8:$O$110,'Calendario B'!$M$8:$M$110,$H21,'Calendario B'!$T$8:$T$110,$H$20)+SUMIFS('Calendario B'!$V$8:$V$110,'Calendario B'!$T$8:$T$110,$H21,'Calendario B'!$M$8:$M$110,$H$20),"-") -> 1 | AI21: =IF(AND($H21<>"",$H$21<>"",$H21<>$H$21,IFERROR(VLOOKUP($H21,areaCercaPuntiClassificaSquadra,3,FALSE()),-1)=IFERROR(VLOOKUP($H$21,areaCercaPuntiClassificaSquadra,3,FALSE()),-2)),SUMIFS('Calendario B'!$P$8:$P$110,'Calendario B'!$M$8:$M$110,$H21,'Calendario B'!$T$8:$T$110,$H$21)+SUMIFS('Calendario B'!$W$8:$W$110,'Calendario B'!$T$8:$T$110,$H21,'Calendario B'!$M$8:$M$110,$H$21)+SUMIFS('Calendario B'!$O$8:$O$110,'Calendario B'!$M$8:$M$110,$H21,'Calendario B'!$T$8:$T$110,$H$21)+SUMIFS('Calendario B'!$V$8:$V$110,'Calendario B'!$T$8:$T$110,$H21,'Calendario B'!$M$8:$M$110,$H$21),"-") -> - | AJ21: =IF(AND($H21<>"",$H$22<>"",$H21<>$H$22,IFERROR(VLOOKUP($H21,areaCercaPuntiClassificaSquadra,3,FALSE()),-1)=IFERROR(VLOOKUP($H$22,areaCercaPuntiClassificaSquadra,3,FALSE()),-2)),SUMIFS('Calendario B'!$P$8:$P$110,'Calendario B'!$M$8:$M$110,$H21,'Calendario B'!$T$8:$T$110,$H$22)+SUMIFS('Calendario B'!$W$8:$W$110,'Calendario B'!$T$8:$T$110,$H21,'Calendario B'!$M$8:$M$110,$H$22)+SUMIFS('Calendario B'!$O$8:$O$110,'Calendario B'!$M$8:$M$110,$H21,'Calendario B'!$T$8:$T$110,$H$22)+SUMIFS('Calendario B'!$V$8:$V$110,'Calendario B'!$T$8:$T$110,$H21,'Calendario B'!$M$8:$M$110,$H$22),"-") -> - | AK21: =IF(AND($H21<>"",$H$23<>"",$H21<>$H$23,IFERROR(VLOOKUP($H21,areaCercaPuntiClassificaSquadra,3,FALSE()),-1)=IFERROR(VLOOKUP($H$23,areaCercaPuntiClassificaSquadra,3,FALSE()),-2)),SUMIFS('Calendario B'!$P$8:$P$110,'Calendario B'!$M$8:$M$110,$H21,'Calendario B'!$T$8:$T$110,$H$23)+SUMIFS('Calendario B'!$W$8:$W$110,'Calendario B'!$T$8:$T$110,$H21,'Calendario B'!$M$8:$M$110,$H$23)+SUMIFS('Calendario B'!$O$8:$O$110,'Calendario B'!$M$8:$M$110,$H21,'Calendario B'!$T$8:$T$110,$H$23)+SUMIFS('Calendario B'!$V$8:$V$110,'Calendario B'!$T$8:$T$110,$H21,'Calendario B'!$M$8:$M$110,$H$23),"-") -> - | AL21: =IF(AND($H21<>"",$H$24<>"",$H21<>$H$24,IFERROR(VLOOKUP($H21,areaCercaPuntiClassificaSquadra,3,FALSE()),-1)=IFERROR(VLOOKUP($H$24,areaCercaPuntiClassificaSquadra,3,FALSE()),-2)),SUMIFS('Calendario B'!$P$8:$P$110,'Calendario B'!$M$8:$M$110,$H21,'Calendario B'!$T$8:$T$110,$H$24)+SUMIFS('Calendario B'!$W$8:$W$110,'Calendario B'!$T$8:$T$110,$H21,'Calendario B'!$M$8:$M$110,$H$24)+SUMIFS('Calendario B'!$O$8:$O$110,'Calendario B'!$M$8:$M$110,$H21,'Calendario B'!$T$8:$T$110,$H$24)+SUMIFS('Calendario B'!$V$8:$V$110,'Calendario B'!$T$8:$T$110,$H21,'Calendario B'!$M$8:$M$110,$H$24),"-") -> - | AM21: =IF(AND($H21<>"",$H$25<>"",$H21<>$H$25,IFERROR(VLOOKUP($H21,areaCercaPuntiClassificaSquadra,3,FALSE()),-1)=IFERROR(VLOOKUP($H$25,areaCercaPuntiClassificaSquadra,3,FALSE()),-2)),SUMIFS('Calendario B'!$P$8:$P$110,'Calendario B'!$M$8:$M$110,$H21,'Calendario B'!$T$8:$T$110,$H$25)+SUMIFS('Calendario B'!$W$8:$W$110,'Calendario B'!$T$8:$T$110,$H21,'Calendario B'!$M$8:$M$110,$H$25)+SUMIFS('Calendario B'!$O$8:$O$110,'Calendario B'!$M$8:$M$110,$H21,'Calendario B'!$T$8:$T$110,$H$25)+SUMIFS('Calendario B'!$V$8:$V$110,'Calendario B'!$T$8:$T$110,$H21,'Calendario B'!$M$8:$M$110,$H$25),"-") -> - | AN21: =IF(AND($H21<>"",$H$26<>"",$H21<>$H$26,IFERROR(VLOOKUP($H21,areaCercaPuntiClassificaSquadra,3,FALSE()),-1)=IFERROR(VLOOKUP($H$26,areaCercaPuntiClassificaSquadra,3,FALSE()),-2)),SUMIFS('Calendario B'!$P$8:$P$110,'Calendario B'!$M$8:$M$110,$H21,'Calendario B'!$T$8:$T$110,$H$26)+SUMIFS('Calendario B'!$W$8:$W$110,'Calendario B'!$T$8:$T$110,$H21,'Calendario B'!$M$8:$M$110,$H$26)+SUMIFS('Calendario B'!$O$8:$O$110,'Calendario B'!$M$8:$M$110,$H21,'Calendario B'!$T$8:$T$110,$H$26)+SUMIFS('Calendario B'!$V$8:$V$110,'Calendario B'!$T$8:$T$110,$H21,'Calendario B'!$M$8:$M$110,$H$26),"-") -> - | AO21: =IF(AND($H21<>"",$H$27<>"",$H21<>$H$27,IFERROR(VLOOKUP($H21,areaCercaPuntiClassificaSquadra,3,FALSE()),-1)=IFERROR(VLOOKUP($H$27,areaCercaPuntiClassificaSquadra,3,FALSE()),-2)),SUMIFS('Calendario B'!$P$8:$P$110,'Calendario B'!$M$8:$M$110,$H21,'Calendario B'!$T$8:$T$110,$H$27)+SUMIFS('Calendario B'!$W$8:$W$110,'Calendario B'!$T$8:$T$110,$H21,'Calendario B'!$M$8:$M$110,$H$27)+SUMIFS('Calendario B'!$O$8:$O$110,'Calendario B'!$M$8:$M$110,$H21,'Calendario B'!$T$8:$T$110,$H$27)+SUMIFS('Calendario B'!$V$8:$V$110,'Calendario B'!$T$8:$T$110,$H21,'Calendario B'!$M$8:$M$110,$H$27),"-") -> - | AP21: =$C21 -> Marmotte Maldestre-Marmotteopoli ME | AQ21: =IF(AND($H21<>"",$H$20<>"",$H21<>$H$20,IFERROR(VLOOKUP($H21,areaCercaPuntiClassificaSquadra,3,FALSE()),-1)=IFERROR(VLOOKUP($H$20,areaCercaPuntiClassificaSquadra,3,FALSE()),-2)),SUMIFS('Calendario B'!$Q$8:$Q$110,'Calendario B'!$M$8:$M$110,$H21,'Calendario B'!$T$8:$T$110,$H$20)+SUMIFS('Calendario B'!$X$8:$X$110,'Calendario B'!$T$8:$T$110,$H21,'Calendario B'!$M$8:$M$110,$H$20),"-") -> 48 | AR21: =IF(AND($H21<>"",$H$21<>"",$H21<>$H$21,IFERROR(VLOOKUP($H21,areaCercaPuntiClassificaSquadra,3,FALSE()),-1)=IFERROR(VLOOKUP($H$21,areaCercaPuntiClassificaSquadra,3,FALSE()),-2)),SUMIFS('Calendario B'!$Q$8:$Q$110,'Calendario B'!$M$8:$M$110,$H21,'Calendario B'!$T$8:$T$110,$H$21)+SUMIFS('Calendario B'!$X$8:$X$110,'Calendario B'!$T$8:$T$110,$H21,'Calendario B'!$M$8:$M$110,$H$21),"-") -> - | AS21: =IF(AND($H21<>"",$H$22<>"",$H21<>$H$22,IFERROR(VLOOKUP($H21,areaCercaPuntiClassificaSquadra,3,FALSE()),-1)=IFERROR(VLOOKUP($H$22,areaCercaPuntiClassificaSquadra,3,FALSE()),-2)),SUMIFS('Calendario B'!$Q$8:$Q$110,'Calendario B'!$M$8:$M$110,$H21,'Calendario B'!$T$8:$T$110,$H$22)+SUMIFS('Calendario B'!$X$8:$X$110,'Calendario B'!$T$8:$T$110,$H21,'Calendario B'!$M$8:$M$110,$H$22),"-") -> - | AT21: =IF(AND($H21<>"",$H$23<>"",$H21<>$H$23,IFERROR(VLOOKUP($H21,areaCercaPuntiClassificaSquadra,3,FALSE()),-1)=IFERROR(VLOOKUP($H$23,areaCercaPuntiClassificaSquadra,3,FALSE()),-2)),SUMIFS('Calendario B'!$Q$8:$Q$110,'Calendario B'!$M$8:$M$110,$H21,'Calendario B'!$T$8:$T$110,$H$23)+SUMIFS('Calendario B'!$X$8:$X$110,'Calendario B'!$T$8:$T$110,$H21,'Calendario B'!$M$8:$M$110,$H$23),"-") -> - | AU21: =IF(AND($H21<>"",$H$24<>"",$H21<>$H$24,IFERROR(VLOOKUP($H21,areaCercaPuntiClassificaSquadra,3,FALSE()),-1)=IFERROR(VLOOKUP($H$24,areaCercaPuntiClassificaSquadra,3,FALSE()),-2)),SUMIFS('Calendario B'!$Q$8:$Q$110,'Calendario B'!$M$8:$M$110,$H21,'Calendario B'!$T$8:$T$110,$H$24)+SUMIFS('Calendario B'!$X$8:$X$110,'Calendario B'!$T$8:$T$110,$H21,'Calendario B'!$M$8:$M$110,$H$24),"-") -> - | AV21: =IF(AND($H21<>"",$H$25<>"",$H21<>$H$25,IFERROR(VLOOKUP($H21,areaCercaPuntiClassificaSquadra,3,FALSE()),-1)=IFERROR(VLOOKUP($H$25,areaCercaPuntiClassificaSquadra,3,FALSE()),-2)),SUMIFS('Calendario B'!$Q$8:$Q$110,'Calendario B'!$M$8:$M$110,$H21,'Calendario B'!$T$8:$T$110,$H$25)+SUMIFS('Calendario B'!$X$8:$X$110,'Calendario B'!$T$8:$T$110,$H21,'Calendario B'!$M$8:$M$110,$H$25),"-") -> - | AW21: =IF(AND($H21<>"",$H$26<>"",$H21<>$H$26,IFERROR(VLOOKUP($H21,areaCercaPuntiClassificaSquadra,3,FALSE()),-1)=IFERROR(VLOOKUP($H$26,areaCercaPuntiClassificaSquadra,3,FALSE()),-2)),SUMIFS('Calendario B'!$Q$8:$Q$110,'Calendario B'!$M$8:$M$110,$H21,'Calendario B'!$T$8:$T$110,$H$26)+SUMIFS('Calendario B'!$X$8:$X$110,'Calendario B'!$T$8:$T$110,$H21,'Calendario B'!$M$8:$M$110,$H$26),"-") -> - | AX21: =IF(AND($H21<>"",$H$27<>"",$H21<>$H$27,IFERROR(VLOOKUP($H21,areaCercaPuntiClassificaSquadra,3,FALSE()),-1)=IFERROR(VLOOKUP($H$27,areaCercaPuntiClassificaSquadra,3,FALSE()),-2)),SUMIFS('Calendario B'!$Q$8:$Q$110,'Calendario B'!$M$8:$M$110,$H21,'Calendario B'!$T$8:$T$110,$H$27)+SUMIFS('Calendario B'!$X$8:$X$110,'Calendario B'!$T$8:$T$110,$H21,'Calendario B'!$M$8:$M$110,$H$27),"-") -> - | AY21: =$C21 -> Marmotte Maldestre-Marmotteopoli ME | AZ21: =IF(AND($H21<>"",$H$20<>"",$H21<>$H$20,IFERROR(VLOOKUP($H21,areaCercaPuntiClassificaSquadra,3,FALSE()),-1)=IFERROR(VLOOKUP($H$20,areaCercaPuntiClassificaSquadra,3,FALSE()),-2)),SUMIFS('Calendario B'!$R$8:$R$110,'Calendario B'!$M$8:$M$110,$H21,'Calendario B'!$T$8:$T$110,$H$20)+SUMIFS('Calendario B'!$Y$8:$Y$110,'Calendario B'!$T$8:$T$110,$H21,'Calendario B'!$M$8:$M$110,$H$20),"-") -> 58 | BA21: =IF(AND($H21<>"",$H$21<>"",$H21<>$H$21,IFERROR(VLOOKUP($H21,areaCercaPuntiClassificaSquadra,3,FALSE()),-1)=IFERROR(VLOOKUP($H$21,areaCercaPuntiClassificaSquadra,3,FALSE()),-2)),SUMIFS('Calendario B'!$R$8:$R$110,'Calendario B'!$M$8:$M$110,$H21,'Calendario B'!$T$8:$T$110,$H$21)+SUMIFS('Calendario B'!$Y$8:$Y$110,'Calendario B'!$T$8:$T$110,$H21,'Calendario B'!$M$8:$M$110,$H$21),"-") -> - | BB21: =IF(AND($H21<>"",$H$22<>"",$H21<>$H$22,IFERROR(VLOOKUP($H21,areaCercaPuntiClassificaSquadra,3,FALSE()),-1)=IFERROR(VLOOKUP($H$22,areaCercaPuntiClassificaSquadra,3,FALSE()),-2)),SUMIFS('Calendario B'!$R$8:$R$110,'Calendario B'!$M$8:$M$110,$H21,'Calendario B'!$T$8:$T$110,$H$22)+SUMIFS('Calendario B'!$Y$8:$Y$110,'Calendario B'!$T$8:$T$110,$H21,'Calendario B'!$M$8:$M$110,$H$22),"-") -> - | BC21: =IF(AND($H21<>"",$H$23<>"",$H21<>$H$23,IFERROR(VLOOKUP($H21,areaCercaPuntiClassificaSquadra,3,FALSE()),-1)=IFERROR(VLOOKUP($H$23,areaCercaPuntiClassificaSquadra,3,FALSE()),-2)),SUMIFS('Calendario B'!$R$8:$R$110,'Calendario B'!$M$8:$M$110,$H21,'Calendario B'!$T$8:$T$110,$H$23)+SUMIFS('Calendario B'!$Y$8:$Y$110,'Calendario B'!$T$8:$T$110,$H21,'Calendario B'!$M$8:$M$110,$H$23),"-") -> - | BD21: =IF(AND($H21<>"",$H$24<>"",$H21<>$H$24,IFERROR(VLOOKUP($H21,areaCercaPuntiClassificaSquadra,3,FALSE()),-1)=IFERROR(VLOOKUP($H$24,areaCercaPuntiClassificaSquadra,3,FALSE()),-2)),SUMIFS('Calendario B'!$R$8:$R$110,'Calendario B'!$M$8:$M$110,$H21,'Calendario B'!$T$8:$T$110,$H$24)+SUMIFS('Calendario B'!$Y$8:$Y$110,'Calendario B'!$T$8:$T$110,$H21,'Calendario B'!$M$8:$M$110,$H$24),"-") -> - | BE21: =IF(AND($H21<>"",$H$25<>"",$H21<>$H$25,IFERROR(VLOOKUP($H21,areaCercaPuntiClassificaSquadra,3,FALSE()),-1)=IFERROR(VLOOKUP($H$25,areaCercaPuntiClassificaSquadra,3,FALSE()),-2)),SUMIFS('Calendario B'!$R$8:$R$110,'Calendario B'!$M$8:$M$110,$H21,'Calendario B'!$T$8:$T$110,$H$25)+SUMIFS('Calendario B'!$Y$8:$Y$110,'Calendario B'!$T$8:$T$110,$H21,'Calendario B'!$M$8:$M$110,$H$25),"-") -> - | BF21: =IF(AND($H21<>"",$H$26<>"",$H21<>$H$26,IFERROR(VLOOKUP($H21,areaCercaPuntiClassificaSquadra,3,FALSE()),-1)=IFERROR(VLOOKUP($H$26,areaCercaPuntiClassificaSquadra,3,FALSE()),-2)),SUMIFS('Calendario B'!$R$8:$R$110,'Calendario B'!$M$8:$M$110,$H21,'Calendario B'!$T$8:$T$110,$H$26)+SUMIFS('Calendario B'!$Y$8:$Y$110,'Calendario B'!$T$8:$T$110,$H21,'Calendario B'!$M$8:$M$110,$H$26),"-") -> - | BG21: =IF(AND($H21<>"",$H$27<>"",$H21<>$H$27,IFERROR(VLOOKUP($H21,areaCercaPuntiClassificaSquadra,3,FALSE()),-1)=IFERROR(VLOOKUP($H$27,areaCercaPuntiClassificaSquadra,3,FALSE()),-2)),SUMIFS('Calendario B'!$R$8:$R$110,'Calendario B'!$M$8:$M$110,$H21,'Calendario B'!$T$8:$T$110,$H$27)+SUMIFS('Calendario B'!$Y$8:$Y$110,'Calendario B'!$T$8:$T$110,$H21,'Calendario B'!$M$8:$M$110,$H$27),"-") -> -
B22: B03 | C22: Narvali Nobili-Narvaliopoli NI | E22: B | G22: =IF($C22="","",$E22&(COUNTIFS(I$12:I$75,">"&I22,E$12:E$75,"="&E22,C$12:C$75,"<>")+COUNTIFS(I$12:I$75,"="&I22,H$12:H$75,"<="&H22,E$12:E$75,"="&E22,C$12:C$75,"<>"))) -> B7 | H22: =IF($C22="","",IFERROR(LEFT($C22,FIND("-",$C22)-1),$C22)) -> Narvali Nobili | I22: =TEXT(1000000000+J22,"|0000000000|")&TEXT(SUM(Y22:AF22),"0000000000|")&IF(SUM(AZ22:BG22)=0,"0000000000|",TEXT(ROUND(SUM(AQ22:AX22)/SUM(AZ22:BG22),4)*100000,"0000000000|"))&IF(P22=0,"0000000000|",TEXT(ROUND(O22/P22,4)*100000,"0000000000|")) -> |1000000011|0000000000|0000000000|0000081600| | J22: =L22*constPuntiVittoria+M22*constPuntiSconfitta+N22*constPuntiForfait+IF(D22="",0,D22) -> 11 | K22: =SUM(L22:N22) -> 7 | L22: =IF($H22="",0,SUMIF('Calendario B'!$M$8:$M$110,$H22,'Calendario B'!$N$8:$N$110)+SUMIF('Calendario B'!$T$8:$T$110,$H22,'Calendario B'!$U$8:$U$110)) -> 2 | M22: =IF($H22="",0,SUMIF('Calendario B'!$M$8:$M$110,$H22,'Calendario B'!$P$8:$P$110)+SUMIF('Calendario B'!$T$8:$T$110,$H22,'Calendario B'!$W$8:$W$110)) -> 5 | N22: =IF($H22="",0,SUMIF('Calendario B'!$M$8:$M$110,$H22,'Calendario B'!$O$8:$O$110)+SUMIF('Calendario B'!$T$8:$T$110,$H22,'Calendario B'!$V$8:$V$110)) -> 0 | O22: =IF($H22="",0,SUMIF('Calendario B'!$M$8:$M$110,$H22,'Calendario B'!$Q$8:$Q$110)+SUMIF('Calendario B'!$T$8:$T$110,$H22,'Calendario B'!$X$8:$X$110)) -> 399 | P22: =IF($H22="",0,SUMIF('Calendario B'!$M$8:$M$110,$H22,'Calendario B'!$R$8:$R$110)+SUMIF('Calendario B'!$T$8:$T$110,$H22,'Calendario B'!$Y$8:$Y$110)) -> 489 | Q22: =IF($H22="",0,SUMIF('Calendario B'!$M$8:$M$110,$H22,'Calendario B'!$S$8:$S$110)+SUMIF('Calendario B'!$T$8:$T$110,$H22,'Calendario B'!$Z$8:$Z$110)) -> -90 | R22: =IF(K22=0,0,ROUND(O22/K22,2)) -> 57 | S22: =IF(K22=0,0,ROUND(P22/K22,2)) -> 69.86 | T22: =IF(K22=0,0,ROUND(Q22/K22,2)) -> -12.86 | U22: =IF(COUNT(Y22:AF22)=0,"-",SUM(Y22:AF22)&"-"&SUM(AH22:AO22)) -> - | V22: =IF(COUNT(Y22:AF22)=0,"-",IF(SUM(AZ22:BG22)=0,TEXT(0,"0.0000"),TEXT(ROUND(SUM(AQ22:AX22)/SUM(AZ22:BG22),4),"0.0000"))) -> - | W22: =IF(H22="","-",IF(P22=0,TEXT(0,"0.0000"),TEXT(ROUND(O22/P22,4),"0.0000"))) -> 0.8160 | X22: =$C22 -> Narvali Nobili-Narvaliopoli NI | Y22: =IF(AND($H22<>"",$H$20<>"",$H22<>$H$20,IFERROR(VLOOKUP($H22,areaCercaPuntiClassificaSquadra,3,FALSE()),-1)=IFERROR(VLOOKUP($H$20,areaCercaPuntiClassificaSquadra,3,FALSE()),-2)),SUMIFS('Calendario B'!$N$8:$N$110,'Calendario B'!$M$8:$M$110,$H22,'Calendario B'!$T$8:$T$110,$H$20)+SUMIFS('Calendario B'!$U$8:$U$110,'Calendario B'!$T$8:$T$110,$H22,'Calendario B'!$M$8:$M$110,$H$20),"-") -> - | Z22: =IF(AND($H22<>"",$H$21<>"",$H22<>$H$21,IFERROR(VLOOKUP($H22,areaCercaPuntiClassificaSquadra,3,FALSE()),-1)=IFERROR(VLOOKUP($H$21,areaCercaPuntiClassificaSquadra,3,FALSE()),-2)),SUMIFS('Calendario B'!$N$8:$N$110,'Calendario B'!$M$8:$M$110,$H22,'Calendario B'!$T$8:$T$110,$H$21)+SUMIFS('Calendario B'!$U$8:$U$110,'Calendario B'!$T$8:$T$110,$H22,'Calendario B'!$M$8:$M$110,$H$21),"-") -> - | AA22: =IF(AND($H22<>"",$H$22<>"",$H22<>$H$22,IFERROR(VLOOKUP($H22,areaCercaPuntiClassificaSquadra,3,FALSE()),-1)=IFERROR(VLOOKUP($H$22,areaCercaPuntiClassificaSquadra,3,FALSE()),-2)),SUMIFS('Calendario B'!$N$8:$N$110,'Calendario B'!$M$8:$M$110,$H22,'Calendario B'!$T$8:$T$110,$H$22)+SUMIFS('Calendario B'!$U$8:$U$110,'Calendario B'!$T$8:$T$110,$H22,'Calendario B'!$M$8:$M$110,$H$22),"-") -> - | AB22: =IF(AND($H22<>"",$H$23<>"",$H22<>$H$23,IFERROR(VLOOKUP($H22,areaCercaPuntiClassificaSquadra,3,FALSE()),-1)=IFERROR(VLOOKUP($H$23,areaCercaPuntiClassificaSquadra,3,FALSE()),-2)),SUMIFS('Calendario B'!$N$8:$N$110,'Calendario B'!$M$8:$M$110,$H22,'Calendario B'!$T$8:$T$110,$H$23)+SUMIFS('Calendario B'!$U$8:$U$110,'Calendario B'!$T$8:$T$110,$H22,'Calendario B'!$M$8:$M$110,$H$23),"-") -> - | AC22: =IF(AND($H22<>"",$H$24<>"",$H22<>$H$24,IFERROR(VLOOKUP($H22,areaCercaPuntiClassificaSquadra,3,FALSE()),-1)=IFERROR(VLOOKUP($H$24,areaCercaPuntiClassificaSquadra,3,FALSE()),-2)),SUMIFS('Calendario B'!$N$8:$N$110,'Calendario B'!$M$8:$M$110,$H22,'Calendario B'!$T$8:$T$110,$H$24)+SUMIFS('Calendario B'!$U$8:$U$110,'Calendario B'!$T$8:$T$110,$H22,'Calendario B'!$M$8:$M$110,$H$24),"-") -> - | AD22: =IF(AND($H22<>"",$H$25<>"",$H22<>$H$25,IFERROR(VLOOKUP($H22,areaCercaPuntiClassificaSquadra,3,FALSE()),-1)=IFERROR(VLOOKUP($H$25,areaCercaPuntiClassificaSquadra,3,FALSE()),-2)),SUMIFS('Calendario B'!$N$8:$N$110,'Calendario B'!$M$8:$M$110,$H22,'Calendario B'!$T$8:$T$110,$H$25)+SUMIFS('Calendario B'!$U$8:$U$110,'Calendario B'!$T$8:$T$110,$H22,'Calendario B'!$M$8:$M$110,$H$25),"-") -> - | AE22: =IF(AND($H22<>"",$H$26<>"",$H22<>$H$26,IFERROR(VLOOKUP($H22,areaCercaPuntiClassificaSquadra,3,FALSE()),-1)=IFERROR(VLOOKUP($H$26,areaCercaPuntiClassificaSquadra,3,FALSE()),-2)),SUMIFS('Calendario B'!$N$8:$N$110,'Calendario B'!$M$8:$M$110,$H22,'Calendario B'!$T$8:$T$110,$H$26)+SUMIFS('Calendario B'!$U$8:$U$110,'Calendario B'!$T$8:$T$110,$H22,'Calendario B'!$M$8:$M$110,$H$26),"-") -> - | AF22: =IF(AND($H22<>"",$H$27<>"",$H22<>$H$27,IFERROR(VLOOKUP($H22,areaCercaPuntiClassificaSquadra,3,FALSE()),-1)=IFERROR(VLOOKUP($H$27,areaCercaPuntiClassificaSquadra,3,FALSE()),-2)),SUMIFS('Calendario B'!$N$8:$N$110,'Calendario B'!$M$8:$M$110,$H22,'Calendario B'!$T$8:$T$110,$H$27)+SUMIFS('Calendario B'!$U$8:$U$110,'Calendario B'!$T$8:$T$110,$H22,'Calendario B'!$M$8:$M$110,$H$27),"-") -> - | AG22: =$C22 -> Narvali Nobili-Narvaliopoli NI | AH22: =IF(AND($H22<>"",$H$20<>"",$H22<>$H$20,IFERROR(VLOOKUP($H22,areaCercaPuntiClassificaSquadra,3,FALSE()),-1)=IFERROR(VLOOKUP($H$20,areaCercaPuntiClassificaSquadra,3,FALSE()),-2)),SUMIFS('Calendario B'!$P$8:$P$110,'Calendario B'!$M$8:$M$110,$H22,'Calendario B'!$T$8:$T$110,$H$20)+SUMIFS('Calendario B'!$W$8:$W$110,'Calendario B'!$T$8:$T$110,$H22,'Calendario B'!$M$8:$M$110,$H$20)+SUMIFS('Calendario B'!$O$8:$O$110,'Calendario B'!$M$8:$M$110,$H22,'Calendario B'!$T$8:$T$110,$H$20)+SUMIFS('Calendario B'!$V$8:$V$110,'Calendario B'!$T$8:$T$110,$H22,'Calendario B'!$M$8:$M$110,$H$20),"-") -> - | AI22: =IF(AND($H22<>"",$H$21<>"",$H22<>$H$21,IFERROR(VLOOKUP($H22,areaCercaPuntiClassificaSquadra,3,FALSE()),-1)=IFERROR(VLOOKUP($H$21,areaCercaPuntiClassificaSquadra,3,FALSE()),-2)),SUMIFS('Calendario B'!$P$8:$P$110,'Calendario B'!$M$8:$M$110,$H22,'Calendario B'!$T$8:$T$110,$H$21)+SUMIFS('Calendario B'!$W$8:$W$110,'Calendario B'!$T$8:$T$110,$H22,'Calendario B'!$M$8:$M$110,$H$21)+SUMIFS('Calendario B'!$O$8:$O$110,'Calendario B'!$M$8:$M$110,$H22,'Calendario B'!$T$8:$T$110,$H$21)+SUMIFS('Calendario B'!$V$8:$V$110,'Calendario B'!$T$8:$T$110,$H22,'Calendario B'!$M$8:$M$110,$H$21),"-") -> - | AJ22: =IF(AND($H22<>"",$H$22<>"",$H22<>$H$22,IFERROR(VLOOKUP($H22,areaCercaPuntiClassificaSquadra,3,FALSE()),-1)=IFERROR(VLOOKUP($H$22,areaCercaPuntiClassificaSquadra,3,FALSE()),-2)),SUMIFS('Calendario B'!$P$8:$P$110,'Calendario B'!$M$8:$M$110,$H22,'Calendario B'!$T$8:$T$110,$H$22)+SUMIFS('Calendario B'!$W$8:$W$110,'Calendario B'!$T$8:$T$110,$H22,'Calendario B'!$M$8:$M$110,$H$22)+SUMIFS('Calendario B'!$O$8:$O$110,'Calendario B'!$M$8:$M$110,$H22,'Calendario B'!$T$8:$T$110,$H$22)+SUMIFS('Calendario B'!$V$8:$V$110,'Calendario B'!$T$8:$T$110,$H22,'Calendario B'!$M$8:$M$110,$H$22),"-") -> - | AK22: =IF(AND($H22<>"",$H$23<>"",$H22<>$H$23,IFERROR(VLOOKUP($H22,areaCercaPuntiClassificaSquadra,3,FALSE()),-1)=IFERROR(VLOOKUP($H$23,areaCercaPuntiClassificaSquadra,3,FALSE()),-2)),SUMIFS('Calendario B'!$P$8:$P$110,'Calendario B'!$M$8:$M$110,$H22,'Calendario B'!$T$8:$T$110,$H$23)+SUMIFS('Calendario B'!$W$8:$W$110,'Calendario B'!$T$8:$T$110,$H22,'Calendario B'!$M$8:$M$110,$H$23)+SUMIFS('Calendario B'!$O$8:$O$110,'Calendario B'!$M$8:$M$110,$H22,'Calendario B'!$T$8:$T$110,$H$23)+SUMIFS('Calendario B'!$V$8:$V$110,'Calendario B'!$T$8:$T$110,$H22,'Calendario B'!$M$8:$M$110,$H$23),"-") -> - | AL22: =IF(AND($H22<>"",$H$24<>"",$H22<>$H$24,IFERROR(VLOOKUP($H22,areaCercaPuntiClassificaSquadra,3,FALSE()),-1)=IFERROR(VLOOKUP($H$24,areaCercaPuntiClassificaSquadra,3,FALSE()),-2)),SUMIFS('Calendario B'!$P$8:$P$110,'Calendario B'!$M$8:$M$110,$H22,'Calendario B'!$T$8:$T$110,$H$24)+SUMIFS('Calendario B'!$W$8:$W$110,'Calendario B'!$T$8:$T$110,$H22,'Calendario B'!$M$8:$M$110,$H$24)+SUMIFS('Calendario B'!$O$8:$O$110,'Calendario B'!$M$8:$M$110,$H22,'Calendario B'!$T$8:$T$110,$H$24)+SUMIFS('Calendario B'!$V$8:$V$110,'Calendario B'!$T$8:$T$110,$H22,'Calendario B'!$M$8:$M$110,$H$24),"-") -> - | AM22: =IF(AND($H22<>"",$H$25<>"",$H22<>$H$25,IFERROR(VLOOKUP($H22,areaCercaPuntiClassificaSquadra,3,FALSE()),-1)=IFERROR(VLOOKUP($H$25,areaCercaPuntiClassificaSquadra,3,FALSE()),-2)),SUMIFS('Calendario B'!$P$8:$P$110,'Calendario B'!$M$8:$M$110,$H22,'Calendario B'!$T$8:$T$110,$H$25)+SUMIFS('Calendario B'!$W$8:$W$110,'Calendario B'!$T$8:$T$110,$H22,'Calendario B'!$M$8:$M$110,$H$25)+SUMIFS('Calendario B'!$O$8:$O$110,'Calendario B'!$M$8:$M$110,$H22,'Calendario B'!$T$8:$T$110,$H$25)+SUMIFS('Calendario B'!$V$8:$V$110,'Calendario B'!$T$8:$T$110,$H22,'Calendario B'!$M$8:$M$110,$H$25),"-") -> - | AN22: =IF(AND($H22<>"",$H$26<>"",$H22<>$H$26,IFERROR(VLOOKUP($H22,areaCercaPuntiClassificaSquadra,3,FALSE()),-1)=IFERROR(VLOOKUP($H$26,areaCercaPuntiClassificaSquadra,3,FALSE()),-2)),SUMIFS('Calendario B'!$P$8:$P$110,'Calendario B'!$M$8:$M$110,$H22,'Calendario B'!$T$8:$T$110,$H$26)+SUMIFS('Calendario B'!$W$8:$W$110,'Calendario B'!$T$8:$T$110,$H22,'Calendario B'!$M$8:$M$110,$H$26)+SUMIFS('Calendario B'!$O$8:$O$110,'Calendario B'!$M$8:$M$110,$H22,'Calendario B'!$T$8:$T$110,$H$26)+SUMIFS('Calendario B'!$V$8:$V$110,'Calendario B'!$T$8:$T$110,$H22,'Calendario B'!$M$8:$M$110,$H$26),"-") -> - | AO22: =IF(AND($H22<>"",$H$27<>"",$H22<>$H$27,IFERROR(VLOOKUP($H22,areaCercaPuntiClassificaSquadra,3,FALSE()),-1)=IFERROR(VLOOKUP($H$27,areaCercaPuntiClassificaSquadra,3,FALSE()),-2)),SUMIFS('Calendario B'!$P$8:$P$110,'Calendario B'!$M$8:$M$110,$H22,'Calendario B'!$T$8:$T$110,$H$27)+SUMIFS('Calendario B'!$W$8:$W$110,'Calendario B'!$T$8:$T$110,$H22,'Calendario B'!$M$8:$M$110,$H$27)+SUMIFS('Calendario B'!$O$8:$O$110,'Calendario B'!$M$8:$M$110,$H22,'Calendario B'!$T$8:$T$110,$H$27)+SUMIFS('Calendario B'!$V$8:$V$110,'Calendario B'!$T$8:$T$110,$H22,'Calendario B'!$M$8:$M$110,$H$27),"-") -> - | AP22: =$C22 -> Narvali Nobili-Narvaliopoli NI | AQ22: =IF(AND($H22<>"",$H$20<>"",$H22<>$H$20,IFERROR(VLOOKUP($H22,areaCercaPuntiClassificaSquadra,3,FALSE()),-1)=IFERROR(VLOOKUP($H$20,areaCercaPuntiClassificaSquadra,3,FALSE()),-2)),SUMIFS('Calendario B'!$Q$8:$Q$110,'Calendario B'!$M$8:$M$110,$H22,'Calendario B'!$T$8:$T$110,$H$20)+SUMIFS('Calendario B'!$X$8:$X$110,'Calendario B'!$T$8:$T$110,$H22,'Calendario B'!$M$8:$M$110,$H$20),"-") -> - | AR22: =IF(AND($H22<>"",$H$21<>"",$H22<>$H$21,IFERROR(VLOOKUP($H22,areaCercaPuntiClassificaSquadra,3,FALSE()),-1)=IFERROR(VLOOKUP($H$21,areaCercaPuntiClassificaSquadra,3,FALSE()),-2)),SUMIFS('Calendario B'!$Q$8:$Q$110,'Calendario B'!$M$8:$M$110,$H22,'Calendario B'!$T$8:$T$110,$H$21)+SUMIFS('Calendario B'!$X$8:$X$110,'Calendario B'!$T$8:$T$110,$H22,'Calendario B'!$M$8:$M$110,$H$21),"-") -> - | AS22: =IF(AND($H22<>"",$H$22<>"",$H22<>$H$22,IFERROR(VLOOKUP($H22,areaCercaPuntiClassificaSquadra,3,FALSE()),-1)=IFERROR(VLOOKUP($H$22,areaCercaPuntiClassificaSquadra,3,FALSE()),-2)),SUMIFS('Calendario B'!$Q$8:$Q$110,'Calendario B'!$M$8:$M$110,$H22,'Calendario B'!$T$8:$T$110,$H$22)+SUMIFS('Calendario B'!$X$8:$X$110,'Calendario B'!$T$8:$T$110,$H22,'Calendario B'!$M$8:$M$110,$H$22),"-") -> - | AT22: =IF(AND($H22<>"",$H$23<>"",$H22<>$H$23,IFERROR(VLOOKUP($H22,areaCercaPuntiClassificaSquadra,3,FALSE()),-1)=IFERROR(VLOOKUP($H$23,areaCercaPuntiClassificaSquadra,3,FALSE()),-2)),SUMIFS('Calendario B'!$Q$8:$Q$110,'Calendario B'!$M$8:$M$110,$H22,'Calendario B'!$T$8:$T$110,$H$23)+SUMIFS('Calendario B'!$X$8:$X$110,'Calendario B'!$T$8:$T$110,$H22,'Calendario B'!$M$8:$M$110,$H$23),"-") -> - | AU22: =IF(AND($H22<>"",$H$24<>"",$H22<>$H$24,IFERROR(VLOOKUP($H22,areaCercaPuntiClassificaSquadra,3,FALSE()),-1)=IFERROR(VLOOKUP($H$24,areaCercaPuntiClassificaSquadra,3,FALSE()),-2)),SUMIFS('Calendario B'!$Q$8:$Q$110,'Calendario B'!$M$8:$M$110,$H22,'Calendario B'!$T$8:$T$110,$H$24)+SUMIFS('Calendario B'!$X$8:$X$110,'Calendario B'!$T$8:$T$110,$H22,'Calendario B'!$M$8:$M$110,$H$24),"-") -> - | AV22: =IF(AND($H22<>"",$H$25<>"",$H22<>$H$25,IFERROR(VLOOKUP($H22,areaCercaPuntiClassificaSquadra,3,FALSE()),-1)=IFERROR(VLOOKUP($H$25,areaCercaPuntiClassificaSquadra,3,FALSE()),-2)),SUMIFS('Calendario B'!$Q$8:$Q$110,'Calendario B'!$M$8:$M$110,$H22,'Calendario B'!$T$8:$T$110,$H$25)+SUMIFS('Calendario B'!$X$8:$X$110,'Calendario B'!$T$8:$T$110,$H22,'Calendario B'!$M$8:$M$110,$H$25),"-") -> - | AW22: =IF(AND($H22<>"",$H$26<>"",$H22<>$H$26,IFERROR(VLOOKUP($H22,areaCercaPuntiClassificaSquadra,3,FALSE()),-1)=IFERROR(VLOOKUP($H$26,areaCercaPuntiClassificaSquadra,3,FALSE()),-2)),SUMIFS('Calendario B'!$Q$8:$Q$110,'Calendario B'!$M$8:$M$110,$H22,'Calendario B'!$T$8:$T$110,$H$26)+SUMIFS('Calendario B'!$X$8:$X$110,'Calendario B'!$T$8:$T$110,$H22,'Calendario B'!$M$8:$M$110,$H$26),"-") -> - | AX22: =IF(AND($H22<>"",$H$27<>"",$H22<>$H$27,IFERROR(VLOOKUP($H22,areaCercaPuntiClassificaSquadra,3,FALSE()),-1)=IFERROR(VLOOKUP($H$27,areaCercaPuntiClassificaSquadra,3,FALSE()),-2)),SUMIFS('Calendario B'!$Q$8:$Q$110,'Calendario B'!$M$8:$M$110,$H22,'Calendario B'!$T$8:$T$110,$H$27)+SUMIFS('Calendario B'!$X$8:$X$110,'Calendario B'!$T$8:$T$110,$H22,'Calendario B'!$M$8:$M$110,$H$27),"-") -> - | AY22: =$C22 -> Narvali Nobili-Narvaliopoli NI | AZ22: =IF(AND($H22<>"",$H$20<>"",$H22<>$H$20,IFERROR(VLOOKUP($H22,areaCercaPuntiClassificaSquadra,3,FALSE()),-1)=IFERROR(VLOOKUP($H$20,areaCercaPuntiClassificaSquadra,3,FALSE()),-2)),SUMIFS('Calendario B'!$R$8:$R$110,'Calendario B'!$M$8:$M$110,$H22,'Calendario B'!$T$8:$T$110,$H$20)+SUMIFS('Calendario B'!$Y$8:$Y$110,'Calendario B'!$T$8:$T$110,$H22,'Calendario B'!$M$8:$M$110,$H$20),"-") -> - | BA22: =IF(AND($H22<>"",$H$21<>"",$H22<>$H$21,IFERROR(VLOOKUP($H22,areaCercaPuntiClassificaSquadra,3,FALSE()),-1)=IFERROR(VLOOKUP($H$21,areaCercaPuntiClassificaSquadra,3,FALSE()),-2)),SUMIFS('Calendario B'!$R$8:$R$110,'Calendario B'!$M$8:$M$110,$H22,'Calendario B'!$T$8:$T$110,$H$21)+SUMIFS('Calendario B'!$Y$8:$Y$110,'Calendario B'!$T$8:$T$110,$H22,'Calendario B'!$M$8:$M$110,$H$21),"-") -> - | BB22: =IF(AND($H22<>"",$H$22<>"",$H22<>$H$22,IFERROR(VLOOKUP($H22,areaCercaPuntiClassificaSquadra,3,FALSE()),-1)=IFERROR(VLOOKUP($H$22,areaCercaPuntiClassificaSquadra,3,FALSE()),-2)),SUMIFS('Calendario B'!$R$8:$R$110,'Calendario B'!$M$8:$M$110,$H22,'Calendario B'!$T$8:$T$110,$H$22)+SUMIFS('Calendario B'!$Y$8:$Y$110,'Calendario B'!$T$8:$T$110,$H22,'Calendario B'!$M$8:$M$110,$H$22),"-") -> - | BC22: =IF(AND($H22<>"",$H$23<>"",$H22<>$H$23,IFERROR(VLOOKUP($H22,areaCercaPuntiClassificaSquadra,3,FALSE()),-1)=IFERROR(VLOOKUP($H$23,areaCercaPuntiClassificaSquadra,3,FALSE()),-2)),SUMIFS('Calendario B'!$R$8:$R$110,'Calendario B'!$M$8:$M$110,$H22,'Calendario B'!$T$8:$T$110,$H$23)+SUMIFS('Calendario B'!$Y$8:$Y$110,'Calendario B'!$T$8:$T$110,$H22,'Calendario B'!$M$8:$M$110,$H$23),"-") -> - | BD22: =IF(AND($H22<>"",$H$24<>"",$H22<>$H$24,IFERROR(VLOOKUP($H22,areaCercaPuntiClassificaSquadra,3,FALSE()),-1)=IFERROR(VLOOKUP($H$24,areaCercaPuntiClassificaSquadra,3,FALSE()),-2)),SUMIFS('Calendario B'!$R$8:$R$110,'Calendario B'!$M$8:$M$110,$H22,'Calendario B'!$T$8:$T$110,$H$24)+SUMIFS('Calendario B'!$Y$8:$Y$110,'Calendario B'!$T$8:$T$110,$H22,'Calendario B'!$M$8:$M$110,$H$24),"-") -> - | BE22: =IF(AND($H22<>"",$H$25<>"",$H22<>$H$25,IFERROR(VLOOKUP($H22,areaCercaPuntiClassificaSquadra,3,FALSE()),-1)=IFERROR(VLOOKUP($H$25,areaCercaPuntiClassificaSquadra,3,FALSE()),-2)),SUMIFS('Calendario B'!$R$8:$R$110,'Calendario B'!$M$8:$M$110,$H22,'Calendario B'!$T$8:$T$110,$H$25)+SUMIFS('Calendario B'!$Y$8:$Y$110,'Calendario B'!$T$8:$T$110,$H22,'Calendario B'!$M$8:$M$110,$H$25),"-") -> - | BF22: =IF(AND($H22<>"",$H$26<>"",$H22<>$H$26,IFERROR(VLOOKUP($H22,areaCercaPuntiClassificaSquadra,3,FALSE()),-1)=IFERROR(VLOOKUP($H$26,areaCercaPuntiClassificaSquadra,3,FALSE()),-2)),SUMIFS('Calendario B'!$R$8:$R$110,'Calendario B'!$M$8:$M$110,$H22,'Calendario B'!$T$8:$T$110,$H$26)+SUMIFS('Calendario B'!$Y$8:$Y$110,'Calendario B'!$T$8:$T$110,$H22,'Calendario B'!$M$8:$M$110,$H$26),"-") -> - | BG22: =IF(AND($H22<>"",$H$27<>"",$H22<>$H$27,IFERROR(VLOOKUP($H22,areaCercaPuntiClassificaSquadra,3,FALSE()),-1)=IFERROR(VLOOKUP($H$27,areaCercaPuntiClassificaSquadra,3,FALSE()),-2)),SUMIFS('Calendario B'!$R$8:$R$110,'Calendario B'!$M$8:$M$110,$H22,'Calendario B'!$T$8:$T$110,$H$27)+SUMIFS('Calendario B'!$Y$8:$Y$110,'Calendario B'!$T$8:$T$110,$H22,'Calendario B'!$M$8:$M$110,$H$27),"-") -> -
