Workbook
Name constNomeCampionato: Campionato!$D$2
Name constGironi: Campionato!$D$5
Name constNomiGironi: Campionato!$D$11
Name constLogo1: Campionato!$D$3
Name constLogo2: Campionato!$D$4
Name constSezioneCampionato: Campionato!$D$5
Name constStagionaCampionato: Campionato!$D$6
Name constPuntiVittoria: Campionato!$D$7
Name constPuntiSconfitta: Campionato!$D$8
Name constPuntiForfait: Campionato!$D$9
Name constPunteggioForfait: Campionato!$D$10
Name areaNomiSquadre: Campionato!$B$14:$C$113
Name areaNomiBreviSquadre: Campionato!$B$14:$H$113
Name areaCoefficienteSquadre: Campionato!$I$14:$I$113
Name areaCercaPuntiClassificaSquadra: Campionato!$H$14:$J$113
Name areaCercaDatiPerPosizioneSquadre: Campionato!$G$14:$W$113
Name areaCampiSquadre: Campionato!$B$117:$D$225
Name ARBITRI: Arbitri!$D$5:$D$104
Name UDC: UdC!$D$5:$D$104
Name areaSquadraACalendario: 'Calendario A'!$M$8:$M$165
Name areaVintaACalendario: 'Calendario A'!$N$8:$N$165
Name areaForfaitACalendario: 'Calendario A'!$O$8:$O$165
Name areaPersaACalendario: 'Calendario A'!$P$8:$P$165
Name areaPuntiFattiACalendario: 'Calendario A'!$Q$8:$Q$165
Name areaPuntiSubitiACalendario: 'Calendario A'!$R$8:$R$165
Name areaDifferenzaPuntiACalendario: 'Calendario A'!$S$8:$S$165
Name areaSquadraBCalendario: 'Calendario A'!$T$8:$T$165
Name areaVintaBCalendario: 'Calendario A'!$U$8:$U$165
Name areaForfaitBCalendario: 'Calendario A'!$V$8:$V$165
Name areaPersaBCalendario: 'Calendario A'!$W$8:$W$165
Name areaPuntiFattiBCalendario: 'Calendario A'!$X$8:$X$165
Name areaPuntiSubitiBCalendario: 'Calendario A'!$Y$8:$Y$165
Name areaDifferenzaPuntiBCalendario: 'Calendario A'!$Z$8:$Z$165
Name areaSquadraACalendario: 'Calendario B'!$M$8:$M$165
Name areaVintaACalendario: 'Calendario B'!$N$8:$N$165
Name areaForfaitACalendario: 'Calendario B'!$O$8:$O$165
Name areaPersaACalendario: 'Calendario B'!$P$8:$P$165
Name areaPuntiFattiACalendario: 'Calendario B'!$Q$8:$Q$165
Name areaPuntiSubitiACalendario: 'Calendario B'!$R$8:$R$165
Name areaDifferenzaPuntiACalendario: 'Calendario B'!$S$8:$S$165
Name areaSquadraBCalendario: 'Calendario B'!$T$8:$T$165
Name areaVintaBCalendario: 'Calendario B'!$U$8:$U$165
Name areaForfaitBCalendario: 'Calendario B'!$V$8:$V$165
Name areaPersaBCalendario: 'Calendario B'!$W$8:$W$165
Name areaPuntiFattiBCalendario: 'Calendario B'!$X$8:$X$165
Name areaPuntiSubitiBCalendario: 'Calendario B'!$Y$8:$Y$165
Name areaDifferenzaPuntiBCalendario: 'Calendario B'!$Z$8:$Z$165
Name areaSquadraACalendario: 'Calendario C'!$M$8:$M$165
Name areaVintaACalendario: 'Calendario C'!$N$8:$N$165
Name areaForfaitACalendario: 'Calendario C'!$O$8:$O$165
Name areaPersaACalendario: 'Calendario C'!$P$8:$P$165
Name areaPuntiFattiACalendario: 'Calendario C'!$Q$8:$Q$165
Name areaPuntiSubitiACalendario: 'Calendario C'!$R$8:$R$165
Name areaDifferenzaPuntiACalendario: 'Calendario C'!$S$8:$S$165
Name areaSquadraBCalendario: 'Calendario C'!$T$8:$T$165
Name areaVintaBCalendario: 'Calendario C'!$U$8:$U$165
Name areaForfaitBCalendario: 'Calendario C'!$V$8:$V$165
Name areaPersaBCalendario: 'Calendario C'!$W$8:$W$165
Name areaPuntiFattiBCalendario: 'Calendario C'!$X$8:$X$165
Name areaPuntiSubitiBCalendario: 'Calendario C'!$Y$8:$Y$165

Sheet Campionato
B1: PARAMETRI
B2: Campionato
B3: Link Logo 1
B4: Link Logo 2
B5: Gironi (separati da virgola) | D5: A,B,C,D,E,F,G,H,I,J
B6: Stagione
B7: Punti vittoria | D7: 3
B8: Punti sconfitta | D8: 1
B9: Punti forfait | D9: 0
B10: Punteggio forfait (vincente-perdente, separati da "-") | D10: 40-0
B11: Nomi gironi per la stampa (stesso ordine, separati da virgola)
B12: SQUADRE | Y12: Squadre del girone (in ordine di inserimento) | AJ12: Squadra | AK12: Vittorie Scontri Diretti | AV12: Squadra | AW12: Sconfitte & Forfait Scontri Diretti | BH12: Squadra | BI12: Punti Fatti Scontri Diretti | BT12: Squadra | BU12: Punti Subiti Scontri Diretti
B13: # | C13: Squadra | D13: Eventuali Punti di Penalizzazione | E13: Girone | G13: Posizione | H13: Squadra | I13: Coefficiente | J13: Punti Classifica | K13: Partite Giocate | L13: Partite Vinte | M13: Partite Perse | N13: Partite Forfait | O13: Punti Fatti | P13: Punti Subiti | Q13: Differenza Punti | R13: Media Punti Fatti | S13: Media Punti Subiti | T13: Media Differenza Punti | U13: Record Scontri Diretti | V13: Quoziente Canestri Scontri Diretti | W13: Quoziente Canestri Totale | X13: Chiave girone | Y13: 1^ | Z13: 2^ | AA13: 3^ | AB13: 4^ | AC13: 5^ | AD13: 6^ | AE13: 7^ | AF13: 8^ | AG13: 9^ | AH13: 10^ | AJ13: Squadra | AK13: 1^ | AL13: 2^ | AM13: 3^ | AN13: 4^ | AO13: 5^ | AP13: 6^ | AQ13: 7^ | AR13: 8^ | AS13: 9^ | AT13: 10^ | AV13: Squadra | AW13: 1^ | AX13: 2^ | AY13: 3^ | AZ13: 4^ | BA13: 5^ | BB13: 6^ | BC13: 7^ | BD13: 8^ | BE13: 9^ | BF13: 10^ | BH13: Squadra | BI13: 1^ | BJ13: 2^ | BK13: 3^ | BL13: 4^ | BM13: 5^ | BN13: 6^ | BO13: 7^ | BP13: 8^ | BQ13: 9^ | BR13: 10^ | BT13: Squadra | BU13: 1^ | BV13: 2^ | BW13: 3^ | BX13: 4^ | BY13: 5^ | BZ13: 6^ | CA13: 7^ | CB13: 8^ | CC13: 9^ | CD13: 10^ | CF13: Vittorie SD
B14: A01 | E14: A | G14: =IF($C14="","",$E14&(COUNTIFS(I$14:I$113,">"&I14,E$14:E$113,"="&E14,C$14:C$113,"<>")+COUNTIFS(I$14:I$113,"="&I14,H$14:H$113,"<="&H14,E$14:E$113,"="&E14,C$14:C$113,"<>"))) | H14: =IF($C14="","",IFERROR(LEFT($C14,FIND("-",$C14)-1),$C14)) | I14: =TEXT(1000000000+J14,"|0000000000|")&TEXT(SUM(AK14:AT14),"0000000000|")&IF(SUM(BU14:CD14)=0,"0000000000|",TEXT(ROUND(SUM(BI14:BR14)/SUM(BU14:CD14),4)*100000,"0000000000|"))&IF(P14=0,"0000000000|",TEXT(ROUND(O14/P14,4)*100000,"0000000000|")) | J14: =L14*constPuntiVittoria+M14*constPuntiSconfitta+N14*constPuntiForfait+IF(D14="",0,D14) | K14: =SUM(L14:N14) | L14: =IF($H14="",0,SUMIF(Dati!$A$2:$A$451,$H14,Dati!$B$2:$B$451)+SUMIF(Dati!$H$2:$H$451,$H14,Dati!$I$2:$I$451)) | M14: =IF($H14="",0,SUMIF(Dati!$A$2:$A$451,$H14,Dati!$D$2:$D$451)+SUMIF(Dati!$H$2:$H$451,$H14,Dati!$K$2:$K$451)) | N14: =IF($H14="",0,SUMIF(Dati!$A$2:$A$451,$H14,Dati!$C$2:$C$451)+SUMIF(Dati!$H$2:$H$451,$H14,Dati!$J$2:$J$451)) | O14: =IF($H14="",0,SUMIF(Dati!$A$2:$A$451,$H14,Dati!$E$2:$E$451)+SUMIF(Dati!$H$2:$H$451,$H14,Dati!$L$2:$L$451)) | P14: =IF($H14="",0,SUMIF(Dati!$A$2:$A$451,$H14,Dati!$F$2:$F$451)+SUMIF(Dati!$H$2:$H$451,$H14,Dati!$M$2:$M$451)) | Q14: =IF($H14="",0,SUMIF(Dati!$A$2:$A$451,$H14,Dati!$G$2:$G$451)+SUMIF(Dati!$H$2:$H$451,$H14,Dati!$N$2:$N$451)) | R14: =IF(K14=0,0,ROUND(O14/K14,2)) | S14: =IF(K14=0,0,ROUND(P14/K14,2)) | T14: =IF(K14=0,0,ROUND(Q14/K14,2)) | U14: =IF(COUNTIFS($E$14:$E$113,$E14,$J$14:$J$113,$J14,$C$14:$C$113,"<>")<=1,"-",SUM(AK14:AT14)&"-"&SUM(AW14:BF14)) | V14: =IF(COUNTIFS($E$14:$E$113,$E14,$J$14:$J$113,$J14,$C$14:$C$113,"<>",$CF$14:$CF$113,$CF14)<=1,"-",IF(SUM(BU14:CD14)=0,0,ROUND(SUM(BI14:BR14)/SUM(BU14:CD14),3))) | W14: =IF(COUNTIFS($E$14:$E$113,$E14,$J$14:$J$113,$J14,$C$14:$C$113,"<>",$CF$14:$CF$113,$CF14,$V$14:$V$113,$V14)<=1,"-",IF(P14=0,0,ROUND(O14/P14,3))) | X14: =IF($C14="","",$E14&"#"&COUNTIFS($E$14:$E14,$E14,$C$14:$C14,"<>")) | Y14: =IFERROR(INDEX($H$14:$H$113,MATCH($E14&"#1",$X$14:$X$113,0)),"") | Z14: =IFERROR(INDEX($H$14:$H$113,MATCH($E14&"#2",$X$14:$X$113,0)),"") | AA14: =IFERROR(INDEX($H$14:$H$113,MATCH($E14&"#3",$X$14:$X$113,0)),"") | AB14: =IFERROR(INDEX($H$14:$H$113,MATCH($E14&"#4",$X$14:$X$113,0)),"") | AC14: =IFERROR(INDEX($H$14:$H$113,MATCH($E14&"#5",$X$14:$X$113,0)),"") | AD14: =IFERROR(INDEX($H$14:$H$113,MATCH($E14&"#6",$X$14:$X$113,0)),"") | AE14: =IFERROR(INDEX($H$14:$H$113,MATCH($E14&"#7",$X$14:$X$113,0)),"") | AF14: =IFERROR(INDEX($H$14:$H$113,MATCH($E14&"#8",$X$14:$X$113,0)),"") | AG14: =IFERROR(INDEX($H$14:$H$113,MATCH($E14&"#9",$X$14:$X$113,0)),"") | AH14: =IFERROR(INDEX($H$14:$H$113,MATCH($E14&"#10",$X$14:$X$113,0)),"") | AJ14: =$C14 | AK14: =IF(AND($H14<>"",$Y14<>"",$H14<>$Y14,IFERROR(VLOOKUP($H14,areaCercaPuntiClassificaSquadra,3,FALSE),-1)=IFERROR(VLOOKUP($Y14,areaCercaPuntiClassificaSquadra,3,FALSE),-2)),SUMIFS(Dati!$B$2:$B$451,Dati!$A$2:$A$451,$H14,Dati!$H$2:$H$451,$Y14)+SUMIFS(Dati!$I$2:$I$451,Dati!$H$2:$H$451,$H14,Dati!$A$2:$A$451,$Y14),"-") | AL14: =IF(AND($H14<>"",$Z14<>"",$H14<>$Z14,IFERROR(VLOOKUP($H14,areaCercaPuntiClassificaSquadra,3,FALSE),-1)=IFERROR(VLOOKUP($Z14,areaCercaPuntiClassificaSquadra,3,FALSE),-2)),SUMIFS(Dati!$B$2:$B$451,Dati!$A$2:$A$451,$H14,Dati!$H$2:$H$451,$Z14)+SUMIFS(Dati!$I$2:$I$451,Dati!$H$2:$H$451,$H14,Dati!$A$2:$A$451,$Z14),"-") | AM14: =IF(AND($H14<>"",$AA14<>"",$H14<>$AA14,IFERROR(VLOOKUP($H14,areaCercaPuntiClassificaSquadra,3,FALSE),-1)=IFERROR(VLOOKUP($AA14,areaCercaPuntiClassificaSquadra,3,FALSE),-2)),SUMIFS(Dati!$B$2:$B$451,Dati!$A$2:$A$451,$H14,Dati!$H$2:$H$451,$AA14)+SUMIFS(Dati!$I$2:$I$451,Dati!$H$2:$H$451,$H14,Dati!$A$2:$A$451,$AA14),"-") | AN14: =IF(AND($H14<>"",$AB14<>"",$H14<>$AB14,IFERROR(VLOOKUP($H14,areaCercaPuntiClassificaSquadra,3,FALSE),-1)=IFERROR(VLOOKUP($AB14,areaCercaPuntiClassificaSquadra,3,FALSE),-2)),SUMIFS(Dati!$B$2:$B$451,Dati!$A$2:$A$451,$H14,Dati!$H$2:$H$451,$AB14)+SUMIFS(Dati!$I$2:$I$451,Dati!$H$2:$H$451,$H14,Dati!$A$2:$A$451,$AB14),"-") | AO14: =IF(AND($H14<>"",$AC14<>"",$H14<>$AC14,IFERROR(VLOOKUP($H14,areaCercaPuntiClassificaSquadra,3,FALSE),-1)=IFERROR(VLOOKUP($AC14,areaCercaPuntiClassificaSquadra,3,FALSE),-2)),SUMIFS(Dati!$B$2:$B$451,Dati!$A$2:$A$451,$H14,Dati!$H$2:$H$451,$AC14)+SUMIFS(Dati!$I$2:$I$451,Dati!$H$2:$H$451,$H14,Dati!$A$2:$A$451,$AC14),"-") | AP14: =IF(AND($H14<>"",$AD14<>"",$H14<>$AD14,IFERROR(VLOOKUP($H14,areaCercaPuntiClassificaSquadra,3,FALSE),-1)=IFERROR(VLOOKUP($AD14,areaCercaPuntiClassificaSquadra,3,FALSE),-2)),SUMIFS(Dati!$B$2:$B$451,Dati!$A$2:$A$451,$H14,Dati!$H$2:$H$451,$AD14)+SUMIFS(Dati!$I$2:$I$451,Dati!$H$2:$H$451,$H14,Dati!$A$2:$A$451,$AD14),"-") | AQ14: =IF(AND($H14<>"",$AE14<>"",$H14<>$AE14,IFERROR(VLOOKUP($H14,areaCercaPuntiClassificaSquadra,3,FALSE),-1)=IFERROR(VLOOKUP($AE14,areaCercaPuntiClassificaSquadra,3,FALSE),-2)),SUMIFS(Dati!$B$2:$B$451,Dati!$A$2:$A$451,$H14,Dati!$H$2:$H$451,$AE14)+SUMIFS(Dati!$I$2:$I$451,Dati!$H$2:$H$451,$H14,Dati!$A$2:$A$451,$AE14),"-") | AR14: =IF(AND($H14<>"",$AF14<>"",$H14<>$AF14,IFERROR(VLOOKUP($H14,areaCercaPuntiClassificaSquadra,3,FALSE),-1)=IFERROR(VLOOKUP($AF14,areaCercaPuntiClassificaSquadra,3,FALSE),-2)),SUMIFS(Dati!$B$2:$B$451,Dati!$A$2:$A$451,$H14,Dati!$H$2:$H$451,$AF14)+SUMIFS(Dati!$I$2:$I$451,Dati!$H$2:$H$451,$H14,Dati!$A$2:$A$451,$AF14),"-") | AS14: =IF(AND($H14<>"",$AG14<>"",$H14<>$AG14,IFERROR(VLOOKUP($H14,areaCercaPuntiClassificaSquadra,3,FALSE),-1)=IFERROR(VLOOKUP($AG14,areaCercaPuntiClassificaSquadra,3,FALSE),-2)),SUMIFS(Dati!$B$2:$B$451,Dati!$A$2:$A$451,$H14,Dati!$H$2:$H$451,$AG14)+SUMIFS(Dati!$I$2:$I$451,Dati!$H$2:$H$451,$H14,Dati!$A$2:$A$451,$AG14),"-") | AT14: =IF(AND($H14<>"",$AH14<>"",$H14<>$AH14,IFERROR(VLOOKUP($H14,areaCercaPuntiClassificaSquadra,3,FALSE),-1)=IFERROR(VLOOKUP($AH14,areaCercaPuntiClassificaSquadra,3,FALSE),-2)),SUMIFS(Dati!$B$2:$B$451,Dati!$A$2:$A$451,$H14,Dati!$H$2:$H$451,$AH14)+SUMIFS(Dati!$I$2:$I$451,Dati!$H$2:$H$451,$H14,Dati!$A$2:$A$451,$AH14),"-") | AV14: =$C14 | AW14: =IF(AND($H14<>"",$Y14<>"",$H14<>$Y14,IFERROR(VLOOKUP($H14,areaCercaPuntiClassificaSquadra,3,FALSE),-1)=IFERROR(VLOOKUP($Y14,areaCercaPuntiClassificaSquadra,3,FALSE),-2)),SUMIFS(Dati!$D$2:$D$451,Dati!$A$2:$A$451,$H14,Dati!$H$2:$H$451,$Y14)+SUMIFS(Dati!$K$2:$K$451,Dati!$H$2:$H$451,$H14,Dati!$A$2:$A$451,$Y14)+SUMIFS(Dati!$C$2:$C$451,Dati!$A$2:$A$451,$H14,Dati!$H$2:$H$451,$Y14)+SUMIFS(Dati!$J$2:$J$451,Dati!$H$2:$H$451,$H14,Dati!$A$2:$A$451,$Y14),"-") | AX14: =IF(AND($H14<>"",$Z14<>"",$H14<>$Z14,IFERROR(VLOOKUP($H14,areaCercaPuntiClassificaSquadra,3,FALSE),-1)=IFERROR(VLOOKUP($Z14,areaCercaPuntiClassificaSquadra,3,FALSE),-2)),SUMIFS(Dati!$D$2:$D$451,Dati!$A$2:$A$451,$H14,Dati!$H$2:$H$451,$Z14)+SUMIFS(Dati!$K$2:$K$451,Dati!$H$2:$H$451,$H14,Dati!$A$2:$A$451,$Z14)+SUMIFS(Dati!$C$2:$C$451,Dati!$A$2:$A$451,$H14,Dati!$H$2:$H$451,$Z14)+SUMIFS(Dati!$J$2:$J$451,Dati!$H$2:$H$451,$H14,Dati!$A$2:$A$451,$Z14),"-") | AY14: =IF(AND($H14<>"",$AA14<>"",$H14<>$AA14,IFERROR(VLOOKUP($H14,areaCercaPuntiClassificaSquadra,3,FALSE),-1)=IFERROR(VLOOKUP($AA14,areaCercaPuntiClassificaSquadra,3,FALSE),-2)),SUMIFS(Dati!$D$2:$D$451,Dati!$A$2:$A$451,$H14,Dati!$H$2:$H$451,$AA14)+SUMIFS(Dati!$K$2:$K$451,Dati!$H$2:$H$451,$H14,Dati!$A$2:$A$451,$AA14)+SUMIFS(Dati!$C$2:$C$451,Dati!$A$2:$A$451,$H14,Dati!$H$2:$H$451,$AA14)+SUMIFS(Dati!$J$2:$J$451,Dati!$H$2:$H$451,$H14,Dati!$A$2:$A$451,$AA14),"-") | AZ14: =IF(AND($H14<>"",$AB14<>"",$H14<>$AB14,IFERROR(VLOOKUP($H14,areaCercaPuntiClassificaSquadra,3,FALSE),-1)=IFERROR(VLOOKUP($AB14,areaCercaPuntiClassificaSquadra,3,FALSE),-2)),SUMIFS(Dati!$D$2:$D$451,Dati!$A$2:$A$451,$H14,Dati!$H$2:$H$451,$AB14)+SUMIFS(Dati!$K$2:$K$451,Dati!$H$2:$H$451,$H14,Dati!$A$2:$A$451,$AB14)+SUMIFS(Dati!$C$2:$C$451,Dati!$A$2:$A$451,$H14,Dati!$H$2:$H$451,$AB14)+SUMIFS(Dati!$J$2:$J$451,Dati!$H$2:$H$451,$H14,Dati!$A$2:$A$451,$AB14),"-") | BA14: =IF(AND($H14<>"",$AC14<>"",$H14<>$AC14,IFERROR(VLOOKUP($H14,areaCercaPuntiClassificaSquadra,3,FALSE),-1)=IFERROR(VLOOKUP($AC14,areaCercaPuntiClassificaSquadra,3,FALSE),-2)),SUMIFS(Dati!$D$2:$D$451,Dati!$A$2:$A$451,$H14,Dati!$H$2:$H$451,$AC14)+SUMIFS(Dati!$K$2:$K$451,Dati!$H$2:$H$451,$H14,Dati!$A$2:$A$451,$AC14)+SUMIFS(Dati!$C$2:$C$451,Dati!$A$2:$A$451,$H14,Dati!$H$2:$H$451,$AC14)+SUMIFS(Dati!$J$2:$J$451,Dati!$H$2:$H$451,$H14,Dati!$A$2:$A$451,$AC14),"-") | BB14: =IF(AND($H14<>"",$AD14<>"",$H14<>$AD14,IFERROR(VLOOKUP($H14,areaCercaPuntiClassificaSquadra,3,FALSE),-1)=IFERROR(VLOOKUP($AD14,areaCercaPuntiClassificaSquadra,3,FALSE),-2)),SUMIFS(Dati!$D$2:$D$451,Dati!$A$2:$A$451,$H14,Dati!$H$2:$H$451,$AD14)+SUMIFS(Dati!$K$2:$K$451,Dati!$H$2:$H$451,$H14,Dati!$A$2:$A$451,$AD14)+SUMIFS(Dati!$C$2:$C$451,Dati!$A$2:$A$451,$H14,Dati!$H$2:$H$451,$AD14)+SUMIFS(Dati!$J$2:$J$451,Dati!$H$2:$H$451,$H14,Dati!$A$2:$A$451,$AD14),"-") | BC14: =IF(AND($H14<>"",$AE14<>"",$H14<>$AE14,IFERROR(VLOOKUP($H14,areaCercaPuntiClassificaSquadra,3,FALSE),-1)=IFERROR(VLOOKUP($AE14,areaCercaPuntiClassificaSquadra,3,FALSE),-2)),SUMIFS(Dati!$D$2:$D$451,Dati!$A$2:$A$451,$H14,Dati!$H$2:$H$451,$AE14)+SUMIFS(Dati!$K$2:$K$451,Dati!$H$2:$H$451,$H14,Dati!$A$2:$A$451,$AE14)+SUMIFS(Dati!$C$2:$C$451,Dati!$A$2:$A$451,$H14,Dati!$H$2:$H$451,$AE14)+SUMIFS(Dati!$J$2:$J$451,Dati!$H$2:$H$451,$H14,Dati!$A$2:$A$451,$AE14),"-") | BD14: =IF(AND($H14<>"",$AF14<>"",$H14<>$AF14,IFERROR(VLOOKUP($H14,areaCercaPuntiClassificaSquadra,3,FALSE),-1)=IFERROR(VLOOKUP($AF14,areaCercaPuntiClassificaSquadra,3,FALSE),-2)),SUMIFS(Dati!$D$2:$D$451,Dati!$A$2:$A$451,$H14,Dati!$H$2:$H$451,$AF14)+SUMIFS(Dati!$K$2:$K$451,Dati!$H$2:$H$451,$H14,Dati!$A$2:$A$451,$AF14)+SUMIFS(Dati!$C$2:$C$451,Dati!$A$2:$A$451,$H14,Dati!$H$2:$H$451,$AF14)+SUMIFS(Dati!$J$2:$J$451,Dati!$H$2:$H$451,$H14,Dati!$A$2:$A$451,$AF14),"-") | BE14: =IF(AND($H14<>"",$AG14<>"",$H14<>$AG14,IFERROR(VLOOKUP($H14,areaCercaPuntiClassificaSquadra,3,FALSE),-1)=IFERROR(VLOOKUP($AG14,areaCercaPuntiClassificaSquadra,3,FALSE),-2)),SUMIFS(Dati!$D$2:$D$451,Dati!$A$2:$A$451,$H14,Dati!$H$2:$H$451,$AG14)+SUMIFS(Dati!$K$2:$K$451,Dati!$H$2:$H$451,$H14,Dati!$A$2:$A$451,$AG14)+SUMIFS(Dati!$C$2:$C$451,Dati!$A$2:$A$451,$H14,Dati!$H$2:$H$451,$AG14)+SUMIFS(Dati!$J$2:$J$451,Dati!$H$2:$H$451,$H14,Dati!$A$2:$A$451,$AG14),"-") | BF14: =IF(AND($H14<>"",$AH14<>"",$H14<>$AH14,IFERROR(VLOOKUP($H14,areaCercaPuntiClassificaSquadra,3,FALSE),-1)=IFERROR(VLOOKUP($AH14,areaCercaPuntiClassificaSquadra,3,FALSE),-2)),SUMIFS(Dati!$D$2:$D$451,Dati!$A$2:$A$451,$H14,Dati!$H$2:$H$451,$AH14)+SUMIFS(Dati!$K$2:$K$451,Dati!$H$2:$H$451,$H14,Dati!$A$2:$A$451,$AH14)+SUMIFS(Dati!$C$2:$C$451,Dati!$A$2:$A$451,$H14,Dati!$H$2:$H$451,$AH14)+SUMIFS(Dati!$J$2:$J$451,Dati!$H$2:$H$451,$H14,Dati!$A$2:$A$451,$AH14),"-") | BH14: =$C14 | BI14: =IF(AND($H14<>"",$Y14<>"",$H14<>$Y14,IFERROR(VLOOKUP($H14,areaCercaPuntiClassificaSquadra,3,FALSE),-1)=IFERROR(VLOOKUP($Y14,areaCercaPuntiClassificaSquadra,3,FALSE),-2)),SUMIFS(Dati!$E$2:$E$451,Dati!$A$2:$A$451,$H14,Dati!$H$2:$H$451,$Y14)+SUMIFS(Dati!$L$2:$L$451,Dati!$H$2:$H$451,$H14,Dati!$A$2:$A$451,$Y14),"-") | BJ14: =IF(AND($H14<>"",$Z14<>"",$H14<>$Z14,IFERROR(VLOOKUP($H14,areaCercaPuntiClassificaSquadra,3,FALSE),-1)=IFERROR(VLOOKUP($Z14,areaCercaPuntiClassificaSquadra,3,FALSE),-2)),SUMIFS(Dati!$E$2:$E$451,Dati!$A$2:$A$451,$H14,Dati!$H$2:$H$451,$Z14)+SUMIFS(Dati!$L$2:$L$451,Dati!$H$2:$H$451,$H14,Dati!$A$2:$A$451,$Z14),"-") | BK14: =IF(AND($H14<>"",$AA14<>"",$H14<>$AA14,IFERROR(VLOOKUP($H14,areaCercaPuntiClassificaSquadra,3,FALSE),-1)=IFERROR(VLOOKUP($AA14,areaCercaPuntiClassificaSquadra,3,FALSE),-2)),SUMIFS(Dati!$E$2:$E$451,Dati!$A$2:$A$451,$H14,Dati!$H$2:$H$451,$AA14)+SUMIFS(Dati!$L$2:$L$451,Dati!$H$2:$H$451,$H14,Dati!$A$2:$A$451,$AA14),"-") | BL14: =IF(AND($H14<>"",$AB14<>"",$H14<>$AB14,IFERROR(VLOOKUP($H14,areaCercaPuntiClassificaSquadra,3,FALSE),-1)=IFERROR(VLOOKUP($AB14,areaCercaPuntiClassificaSquadra,3,FALSE),-2)),SUMIFS(Dati!$E$2:$E$451,Dati!$A$2:$A$451,$H14,Dati!$H$2:$H$451,$AB14)+SUMIFS(Dati!$L$2:$L$451,Dati!$H$2:$H$451,$H14,Dati!$A$2:$A$451,$AB14),"-") | BM14: =IF(AND($H14<>"",$AC14<>"",$H14<>$AC14,IFERROR(VLOOKUP($H14,areaCercaPuntiClassificaSquadra,3,FALSE),-1)=IFERROR(VLOOKUP($AC14,areaCercaPuntiClassificaSquadra,3,FALSE),-2)),SUMIFS(Dati!$E$2:$E$451,Dati!$A$2:$A$451,$H14,Dati!$H$2:$H$451,$AC14)+SUMIFS(Dati!$L$2:$L$451,Dati!$H$2:$H$451,$H14,Dati!$A$2:$A$451,$AC14),"-") | BN14: =IF(AND($H14<>"",$AD14<>"",$H14<>$AD14,IFERROR(VLOOKUP($H14,areaCercaPuntiClassificaSquadra,3,FALSE),-1)=IFERROR(VLOOKUP($AD14,areaCercaPuntiClassificaSquadra,3,FALSE),-2)),SUMIFS(Dati!$E$2:$E$451,Dati!$A$2:$A$451,$H14,Dati!$H$2:$H$451,$AD14)+SUMIFS(Dati!$L$2:$L$451,Dati!$H$2:$H$451,$H14,Dati!$A$2:$A$451,$AD14),"-") | BO14: =IF(AND($H14<>"",$AE14<>"",$H14<>$AE14,IFERROR(VLOOKUP($H14,areaCercaPuntiClassificaSquadra,3,FALSE),-1)=IFERROR(VLOOKUP($AE14,areaCercaPuntiClassificaSquadra,3,FALSE),-2)),SUMIFS(Dati!$E$2:$E$451,Dati!$A$2:$A$451,$H14,Dati!$H$2:$H$451,$AE14)+SUMIFS(Dati!$L$2:$L$451,Dati!$H$2:$H$451,$H14,Dati!$A$2:$A$451,$AE14),"-") | BP14: =IF(AND($H14<>"",$AF14<>"",$H14<>$AF14,IFERROR(VLOOKUP($H14,areaCercaPuntiClassificaSquadra,3,FALSE),-1)=IFERROR(VLOOKUP($AF14,areaCercaPuntiClassificaSquadra,3,FALSE),-2)),SUMIFS(Dati!$E$2:$E$451,Dati!$A$2:$A$451,$H14,Dati!$H$2:$H$451,$AF14)+SUMIFS(Dati!$L$2:$L$451,Dati!$H$2:$H$451,$H14,Dati!$A$2:$A$451,$AF14),"-") | BQ14: =IF(AND($H14<>"",$AG14<>"",$H14<>$AG14,IFERROR(VLOOKUP($H14,areaCercaPuntiClassificaSquadra,3,FALSE),-1)=IFERROR(VLOOKUP($AG14,areaCercaPuntiClassificaSquadra,3,FALSE),-2)),SUMIFS(Dati!$E$2:$E$451,Dati!$A$2:$A$451,$H14,Dati!$H$2:$H$451,$AG14)+SUMIFS(Dati!$L$2:$L$451,Dati!$H$2:$H$451,$H14,Dati!$A$2:$A$451,$AG14),"-") | BR14: =IF(AND($H14<>"",$AH14<>"",$H14<>$AH14,IFERROR(VLOOKUP($H14,areaCercaPuntiClassificaSquadra,3,FALSE),-1)=IFERROR(VLOOKUP($AH14,areaCercaPuntiClassificaSquadra,3,FALSE),-2)),SUMIFS(Dati!$E$2:$E$451,Dati!$A$2:$A$451,$H14,Dati!$H$2:$H$451,$AH14)+SUMIFS(Dati!$L$2:$L$451,Dati!$H$2:$H$451,$H14,Dati!$A$2:$A$451,$AH14),"-") | BT14: =$C14 | BU14: =IF(AND($H14<>"",$Y14<>"",$H14<>$Y14,IFERROR(VLOOKUP($H14,areaCercaPuntiClassificaSquadra,3,FALSE),-1)=IFERROR(VLOOKUP($Y14,areaCercaPuntiClassificaSquadra,3,FALSE),-2)),SUMIFS(Dati!$F$2:$F$451,Dati!$A$2:$A$451,$H14,Dati!$H$2:$H$451,$Y14)+SUMIFS(Dati!$M$2:$M$451,Dati!$H$2:$H$451,$H14,Dati!$A$2:$A$451,$Y14),"-") | BV14: =IF(AND($H14<>"",$Z14<>"",$H14<>$Z14,IFERROR(VLOOKUP($H14,areaCercaPuntiClassificaSquadra,3,FALSE),-1)=IFERROR(VLOOKUP($Z14,areaCercaPuntiClassificaSquadra,3,FALSE),-2)),SUMIFS(Dati!$F$2:$F$451,Dati!$A$2:$A$451,$H14,Dati!$H$2:$H$451,$Z14)+SUMIFS(Dati!$M$2:$M$451,Dati!$H$2:$H$451,$H14,Dati!$A$2:$A$451,$Z14),"-") | BW14: =IF(AND($H14<>"",$AA14<>"",$H14<>$AA14,IFERROR(VLOOKUP($H14,areaCercaPuntiClassificaSquadra,3,FALSE),-1)=IFERROR(VLOOKUP($AA14,areaCercaPuntiClassificaSquadra,3,FALSE),-2)),SUMIFS(Dati!$F$2:$F$451,Dati!$A$2:$A$451,$H14,Dati!$H$2:$H$451,$AA14)+SUMIFS(Dati!$M$2:$M$451,Dati!$H$2:$H$451,$H14,Dati!$A$2:$A$451,$AA14),"-") | BX14: =IF(AND($H14<>"",$AB14<>"",$H14<>$AB14,IFERROR(VLOOKUP($H14,areaCercaPuntiClassificaSquadra,3,FALSE),-1)=IFERROR(VLOOKUP($AB14,areaCercaPuntiClassificaSquadra,3,FALSE),-2)),SUMIFS(Dati!$F$2:$F$451,Dati!$A$2:$A$451,$H14,Dati!$H$2:$H$451,$AB14)+SUMIFS(Dati!$M$2:$M$451,Dati!$H$2:$H$451,$H14,Dati!$A$2:$A$451,$AB14),"-") | BY14: =IF(AND($H14<>"",$AC14<>"",$H14<>$AC14,IFERROR(VLOOKUP($H14,areaCercaPuntiClassificaSquadra,3,FALSE),-1)=IFERROR(VLOOKUP($AC14,areaCercaPuntiClassificaSquadra,3,FALSE),-2)),SUMIFS(Dati!$F$2:$F$451,Dati!$A$2:$A$451,$H14,Dati!$H$2:$H$451,$AC14)+SUMIFS(Dati!$M$2:$M$451,Dati!$H$2:$H$451,$H14,Dati!$A$2:$A$451,$AC14),"-") | BZ14: =IF(AND($H14<>"",$AD14<>"",$H14<>$AD14,IFERROR(VLOOKUP($H14,areaCercaPuntiClassificaSquadra,3,FALSE),-1)=IFERROR(VLOOKUP($AD14,areaCercaPuntiClassificaSquadra,3,FALSE),-2)),SUMIFS(Dati!$F$2:$F$451,Dati!$A$2:$A$451,$H14,Dati!$H$2:$H$451,$AD14)+SUMIFS(Dati!$M$2:$M$451,Dati!$H$2:$H$451,$H14,Dati!$A$2:$A$451,$AD14),"-") | CA14: =IF(AND($H14<>"",$AE14<>"",$H14<>$AE14,IFERROR(VLOOKUP($H14,areaCercaPuntiClassificaSquadra,3,FALSE),-1)=IFERROR(VLOOKUP($AE14,areaCercaPuntiClassificaSquadra,3,FALSE),-2)),SUMIFS(Dati!$F$2:$F$451,Dati!$A$2:$A$451,$H14,Dati!$H$2:$H$451,$AE14)+SUMIFS(Dati!$M$2:$M$451,Dati!$H$2:$H$451,$H14,Dati!$A$2:$A$451,$AE14),"-") | CB14: =IF(AND($H14<>"",$AF14<>"",$H14<>$AF14,IFERROR(VLOOKUP($H14,areaCercaPuntiClassificaSquadra,3,FALSE),-1)=IFERROR(VLOOKUP($AF14,areaCercaPuntiClassificaSquadra,3,FALSE),-2)),SUMIFS(Dati!$F$2:$F$451,Dati!$A$2:$A$451,$H14,Dati!$H$2:$H$451,$AF14)+SUMIFS(Dati!$M$2:$M$451,Dati!$H$2:$H$451,$H14,Dati!$A$2:$A$451,$AF14),"-") | CC14: =IF(AND($H14<>"",$AG14<>"",$H14<>$AG14,IFERROR(VLOOKUP($H14,areaCercaPuntiClassificaSquadra,3,FALSE),-1)=IFERROR(VLOOKUP($AG14,areaCercaPuntiClassificaSquadra,3,FALSE),-2)),SUMIFS(Dati!$F$2:$F$451,Dati!$A$2:$A$451,$H14,Dati!$H$2:$H$451,$AG14)+SUMIFS(Dati!$M$2:$M$451,Dati!$H$2:$H$451,$H14,Dati!$A$2:$A$451,$AG14),"-") | CD14: =IF(AND($H14<>"",$AH14<>"",$H14<>$AH14,IFERROR(VLOOKUP($H14,areaCercaPuntiClassificaSquadra,3,FALSE),-1)=IFERROR(VLOOKUP($AH14,areaCercaPuntiClassificaSquadra,3,FALSE),-2)),SUMIFS(Dati!$F$2:$F$451,Dati!$A$2:$A$451,$H14,Dati!$H$2:$H$451,$AH14)+SUMIFS(Dati!$M$2:$M$451,Dati!$H$2:$H$451,$H14,Dati!$A$2:$A$451,$AH14),"-") | CF14: =IF($C14="","",SUM(AK14:AT14))
B15: A02 | E15: A | G15: =IF($C15="","",$E15&(COUNTIFS(I$14:I$113,">"&I15,E$14:E$113,"="&E15,C$14:C$113,"<>")+COUNTIFS(I$14:I$113,"="&I15,H$14:H$113,"<="&H15,E$14:E$113,"="&E15,C$14:C$113,"<>"))) | H15: =IF($C15="","",IFERROR(LEFT($C15,FIND("-",$C15)-1),$C15)) | I15: =TEXT(1000000000+J15,"|0000000000|")&TEXT(SUM(AK15:AT15),"0000000000|")&IF(SUM(BU15:CD15)=0,"0000000000|",TEXT(ROUND(SUM(BI15:BR15)/SUM(BU15:CD15),4)*100000,"0000000000|"))&IF(P15=0,"0000000000|",TEXT(ROUND(O15/P15,4)*100000,"0000000000|")) | J15: =L15*constPuntiVittoria+M15*constPuntiSconfitta+N15*constPuntiForfait+IF(D15="",0,D15) | K15: =SUM(L15:N15) | L15: =IF($H15="",0,SUMIF(Dati!$A$2:$A$451,$H15,Dati!$B$2:$B$451)+SUMIF(Dati!$H$2:$H$451,$H15,Dati!$I$2:$I$451)) | M15: =IF($H15="",0,SUMIF(Dati!$A$2:$A$451,$H15,Dati!$D$2:$D$451)+SUMIF(Dati!$H$2:$H$451,$H15,Dati!$K$2:$K$451)) | N15: =IF($H15="",0,SUMIF(Dati!$A$2:$A$451,$H15,Dati!$C$2:$C$451)+SUMIF(Dati!$H$2:$H$451,$H15,Dati!$J$2:$J$451)) | O15: =IF($H15="",0,SUMIF(Dati!$A$2:$A$451,$H15,Dati!$E$2:$E$451)+SUMIF(Dati!$H$2:$H$451,$H15,Dati!$L$2:$L$451)) | P15: =IF($H15="",0,SUMIF(Dati!$A$2:$A$451,$H15,Dati!$F$2:$F$451)+SUMIF(Dati!$H$2:$H$451,$H15,Dati!$M$2:$M$451)) | Q15: =IF($H15="",0,SUMIF(Dati!$A$2:$A$451,$H15,Dati!$G$2:$G$451)+SUMIF(Dati!$H$2:$H$451,$H15,Dati!$N$2:$N$451)) | R15: =IF(K15=0,0,ROUND(O15/K15,2)) | S15: =IF(K15=0,0,ROUND(P15/K15,2)) | T15: =IF(K15=0,0,ROUND(Q15/K15,2)) | U15: =IF(COUNTIFS($E$14:$E$113,$E15,$J$14:$J$113,$J15,$C$14:$C$113,"<>")<=1,"-",SUM(AK15:AT15)&"-"&SUM(AW15:BF15)) | V15: =IF(COUNTIFS($E$14:$E$113,$E15,$J$14:$J$113,$J15,$C$14:$C$113,"<>",$CF$14:$CF$113,$CF15)<=1,"-",IF(SUM(BU15:CD15)=0,0,ROUND(SUM(BI15:BR15)/SUM(BU15:CD15),3))) | W15: =IF(COUNTIFS($E$14:$E$113,$E15,$J$14:$J$113,$J15,$C$14:$C$113,"<>",$CF$14:$CF$113,$CF15,$V$14:$V$113,$V15)<=1,"-",IF(P15=0,0,ROUND(O15/P15,3))) | X15: =IF($C15="","",$E15&"#"&COUNTIFS($E$14:$E15,$E15,$C$14:$C15,"<>")) | Y15: =IFERROR(INDEX($H$14:$H$113,MATCH($E15&"#1",$X$14:$X$113,0)),"") | Z15: =IFERROR(INDEX($H$14:$H$113,MATCH($E15&"#2",$X$14:$X$113,0)),"") | AA15: =IFERROR(INDEX($H$14:$H$113,MATCH($E15&"#3",$X$14:$X$113,0)),"") | AB15: =IFERROR(INDEX($H$14:$H$113,MATCH($E15&"#4",$X$14:$X$113,0)),"") | AC15: =IFERROR(INDEX($H$14:$H$113,MATCH($E15&"#5",$X$14:$X$113,0)),"") | AD15: =IFERROR(INDEX($H$14:$H$113,MATCH($E15&"#6",$X$14:$X$113,0)),"") | AE15: =IFERROR(INDEX($H$14:$H$113,MATCH($E15&"#7",$X$14:$X$113,0)),"") | AF15: =IFERROR(INDEX($H$14:$H$113,MATCH($E15&"#8",$X$14:$X$113,0)),"") | AG15: =IFERROR(INDEX($H$14:$H$113,MATCH($E15&"#9",$X$14:$X$113,0)),"") | AH15: =IFERROR(INDEX($H$14:$H$113,MATCH($E15&"#10",$X$14:$X$113,0)),"") | AJ15: =$C15 | AK15: =IF(AND($H15<>"",$Y15<>"",$H15<>$Y15,IFERROR(VLOOKUP($H15,areaCercaPuntiClassificaSquadra,3,FALSE),-1)=IFERROR(VLOOKUP($Y15,areaCercaPuntiClassificaSquadra,3,FALSE),-2)),SUMIFS(Dati!$B$2:$B$451,Dati!$A$2:$A$451,$H15,Dati!$H$2:$H$451,$Y15)+SUMIFS(Dati!$I$2:$I$451,Dati!$H$2:$H$451,$H15,Dati!$A$2:$A$451,$Y15),"-") | AL15: =IF(AND($H15<>"",$Z15<>"",$H15<>$Z15,IFERROR(VLOOKUP($H15,areaCercaPuntiClassificaSquadra,3,FALSE),-1)=IFERROR(VLOOKUP($Z15,areaCercaPuntiClassificaSquadra,3,FALSE),-2)),SUMIFS(Dati!$B$2:$B$451,Dati!$A$2:$A$451,$H15,Dati!$H$2:$H$451,$Z15)+SUMIFS(Dati!$I$2:$I$451,Dati!$H$2:$H$451,$H15,Dati!$A$2:$A$451,$Z15),"-") | AM15: =IF(AND($H15<>"",$AA15<>"",$H15<>$AA15,IFERROR(VLOOKUP($H15,areaCercaPuntiClassificaSquadra,3,FALSE),-1)=IFERROR(VLOOKUP($AA15,areaCercaPuntiClassificaSquadra,3,FALSE),-2)),SUMIFS(Dati!$B$2:$B$451,Dati!$A$2:$A$451,$H15,Dati!$H$2:$H$451,$AA15)+SUMIFS(Dati!$I$2:$I$451,Dati!$H$2:$H$451,$H15,Dati!$A$2:$A$451,$AA15),"-") | AN15: =IF(AND($H15<>"",$AB15<>"",$H15<>$AB15,IFERROR(VLOOKUP($H15,areaCercaPuntiClassificaSquadra,3,FALSE),-1)=IFERROR(VLOOKUP($AB15,areaCercaPuntiClassificaSquadra,3,FALSE),-2)),SUMIFS(Dati!$B$2:$B$451,Dati!$A$2:$A$451,$H15,Dati!$H$2:$H$451,$AB15)+SUMIFS(Dati!$I$2:$I$451,Dati!$H$2:$H$451,$H15,Dati!$A$2:$A$451,$AB15),"-") | AO15: =IF(AND($H15<>"",$AC15<>"",$H15<>$AC15,IFERROR(VLOOKUP($H15,areaCercaPuntiClassificaSquadra,3,FALSE),-1)=IFERROR(VLOOKUP($AC15,areaCercaPuntiClassificaSquadra,3,FALSE),-2)),SUMIFS(Dati!$B$2:$B$451,Dati!$A$2:$A$451,$H15,Dati!$H$2:$H$451,$AC15)+SUMIFS(Dati!$I$2:$I$451,Dati!$H$2:$H$451,$H15,Dati!$A$2:$A$451,$AC15),"-") | AP15: =IF(AND($H15<>"",$AD15<>"",$H15<>$AD15,IFERROR(VLOOKUP($H15,areaCercaPuntiClassificaSquadra,3,FALSE),-1)=IFERROR(VLOOKUP($AD15,areaCercaPuntiClassificaSquadra,3,FALSE),-2)),SUMIFS(Dati!$B$2:$B$451,Dati!$A$2:$A$451,$H15,Dati!$H$2:$H$451,$AD15)+SUMIFS(Dati!$I$2:$I$451,Dati!$H$2:$H$451,$H15,Dati!$A$2:$A$451,$AD15),"-") | AQ15: =IF(AND($H15<>"",$AE15<>"",$H15<>$AE15,IFERROR(VLOOKUP($H15,areaCercaPuntiClassificaSquadra,3,FALSE),-1)=IFERROR(VLOOKUP($AE15,areaCercaPuntiClassificaSquadra,3,FALSE),-2)),SUMIFS(Dati!$B$2:$B$451,Dati!$A$2:$A$451,$H15,Dati!$H$2:$H$451,$AE15)+SUMIFS(Dati!$I$2:$I$451,Dati!$H$2:$H$451,$H15,Dati!$A$2:$A$451,$AE15),"-") | AR15: =IF(AND($H15<>"",$AF15<>"",$H15<>$AF15,IFERROR(VLOOKUP($H15,areaCercaPuntiClassificaSquadra,3,FALSE),-1)=IFERROR(VLOOKUP($AF15,areaCercaPuntiClassificaSquadra,3,FALSE),-2)),SUMIFS(Dati!$B$2:$B$451,Dati!$A$2:$A$451,$H15,Dati!$H$2:$H$451,$AF15)+SUMIFS(Dati!$I$2:$I$451,Dati!$H$2:$H$451,$H15,Dati!$A$2:$A$451,$AF15),"-") | AS15: =IF(AND($H15<>"",$AG15<>"",$H15<>$AG15,IFERROR(VLOOKUP($H15,areaCercaPuntiClassificaSquadra,3,FALSE),-1)=IFERROR(VLOOKUP($AG15,areaCercaPuntiClassificaSquadra,3,FALSE),-2)),SUMIFS(Dati!$B$2:$B$451,Dati!$A$2:$A$451,$H15,Dati!$H$2:$H$451,$AG15)+SUMIFS(Dati!$I$2:$I$451,Dati!$H$2:$H$451,$H15,Dati!$A$2:$A$451,$AG15),"-") | AT15: =IF(AND($H15<>"",$AH15<>"",$H15<>$AH15,IFERROR(VLOOKUP($H15,areaCercaPuntiClassificaSquadra,3,FALSE),-1)=IFERROR(VLOOKUP($AH15,areaCercaPuntiClassificaSquadra,3,FALSE),-2)),SUMIFS(Dati!$B$2:$B$451,Dati!$A$2:$A$451,$H15,Dati!$H$2:$H$451,$AH15)+SUMIFS(Dati!$I$2:$I$451,Dati!$H$2:$H$451,$H15,Dati!$A$2:$A$451,$AH15),"-") | AV15: =$C15 | AW15: =IF(AND($H15<>"",$Y15<>"",$H15<>$Y15,IFERROR(VLOOKUP($H15,areaCercaPuntiClassificaSquadra,3,FALSE),-1)=IFERROR(VLOOKUP($Y15,areaCercaPuntiClassificaSquadra,3,FALSE),-2)),SUMIFS(Dati!$D$2:$D$451,Dati!$A$2:$A$451,$H15,Dati!$H$2:$H$451,$Y15)+SUMIFS(Dati!$K$2:$K$451,Dati!$H$2:$H$451,$H15,Dati!$A$2:$A$451,$Y15)+SUMIFS(Dati!$C$2:$C$451,Dati!$A$2:$A$451,$H15,Dati!$H$2:$H$451,$Y15)+SUMIFS(Dati!$J$2:$J$451,Dati!$H$2:$H$451,$H15,Dati!$A$2:$A$451,$Y15),"-") | AX15: =IF(AND($H15<>"",$Z15<>"",$H15<>$Z15,IFERROR(VLOOKUP($H15,areaCercaPuntiClassificaSquadra,3,FALSE),-1)=IFERROR(VLOOKUP($Z15,areaCercaPuntiClassificaSquadra,3,FALSE),-2)),SUMIFS(Dati!$D$2:$D$451,Dati!$A$2:$A$451,$H15,Dati!$H$2:$H$451,$Z15)+SUMIFS(Dati!$K$2:$K$451,Dati!$H$2:$H$451,$H15,Dati!$A$2:$A$451,$Z15)+SUMIFS(Dati!$C$2:$C$451,Dati!$A$2:$A$451,$H15,Dati!$H$2:$H$451,$Z15)+SUMIFS(Dati!$J$2:$J$451,Dati!$H$2:$H$451,$H15,Dati!$A$2:$A$451,$Z15),"-") | AY15: =IF(AND($H15<>"",$AA15<>"",$H15<>$AA15,IFERROR(VLOOKUP($H15,areaCercaPuntiClassificaSquadra,3,FALSE),-1)=IFERROR(VLOOKUP($AA15,areaCercaPuntiClassificaSquadra,3,FALSE),-2)),SUMIFS(Dati!$D$2:$D$451,Dati!$A$2:$A$451,$H15,Dati!$H$2:$H$451,$AA15)+SUMIFS(Dati!$K$2:$K$451,Dati!$H$2:$H$451,$H15,Dati!$A$2:$A$451,$AA15)+SUMIFS(Dati!$C$2:$C$451,Dati!$A$2:$A$451,$H15,Dati!$H$2:$H$451,$AA15)+SUMIFS(Dati!$J$2:$J$451,Dati!$H$2:$H$451,$H15,Dati!$A$2:$A$451,$AA15),"-") | AZ15: =IF(AND($H15<>"",$AB15<>"",$H15<>$AB15,IFERROR(VLOOKUP($H15,areaCercaPuntiClassificaSquadra,3,FALSE),-1)=IFERROR(VLOOKUP($AB15,areaCercaPuntiClassificaSquadra,3,FALSE),-2)),SUMIFS(Dati!$D$2:$D$451,Dati!$A$2:$A$451,$H15,Dati!$H$2:$H$451,$AB15)+SUMIFS(Dati!$K$2:$K$451,Dati!$H$2:$H$451,$H15,Dati!$A$2:$A$451,$AB15)+SUMIFS(Dati!$C$2:$C$451,Dati!$A$2:$A$451,$H15,Dati!$H$2:$H$451,$AB15)+SUMIFS(Dati!$J$2:$J$451,Dati!$H$2:$H$451,$H15,Dati!$A$2:$A$451,$AB15),"-") | BA15: =IF(AND($H15<>"",$AC15<>"",$H15<>$AC15,IFERROR(VLOOKUP($H15,areaCercaPuntiClassificaSquadra,3,FALSE),-1)=IFERROR(VLOOKUP($AC15,areaCercaPuntiClassificaSquadra,3,FALSE),-2)),SUMIFS(Dati!$D$2:$D$451,Dati!$A$2:$A$451,$H15,Dati!$H$2:$H$451,$AC15)+SUMIFS(Dati!$K$2:$K$451,Dati!$H$2:$H$451,$H15,Dati!$A$2:$A$451,$AC15)+SUMIFS(Dati!$C$2:$C$451,Dati!$A$2:$A$451,$H15,Dati!$H$2:$H$451,$AC15)+SUMIFS(Dati!$J$2:$J$451,Dati!$H$2:$H$451,$H15,Dati!$A$2:$A$451,$AC15),"-") | BB15: =IF(AND($H15<>"",$AD15<>"",$H15<>$AD15,IFERROR(VLOOKUP($H15,areaCercaPuntiClassificaSquadra,3,FALSE),-1)=IFERROR(VLOOKUP($AD15,areaCercaPuntiClassificaSquadra,3,FALSE),-2)),SUMIFS(Dati!$D$2:$D$451,Dati!$A$2:$A$451,$H15,Dati!$H$2:$H$451,$AD15)+SUMIFS(Dati!$K$2:$K$451,Dati!$H$2:$H$451,$H15,Dati!$A$2:$A$451,$AD15)+SUMIFS(Dati!$C$2:$C$451,Dati!$A$2:$A$451,$H15,Dati!$H$2:$H$451,$AD15)+SUMIFS(Dati!$J$2:$J$451,Dati!$H$2:$H$451,$H15,Dati!$A$2:$A$451,$AD15),"-") | BC15: =IF(AND($H15<>"",$AE15<>"",$H15<>$AE15,IFERROR(VLOOKUP($H15,areaCercaPuntiClassificaSquadra,3,FALSE),-1)=IFERROR(VLOOKUP($AE15,areaCercaPuntiClassificaSquadra,3,FALSE),-2)),SUMIFS(Dati!$D$2:$D$451,Dati!$A$2:$A$451,$H15,Dati!$H$2:$H$451,$AE15)+SUMIFS(Dati!$K$2:$K$451,Dati!$H$2:$H$451,$H15,Dati!$A$2:$A$451,$AE15)+SUMIFS(Dati!$C$2:$C$451,Dati!$A$2:$A$451,$H15,Dati!$H$2:$H$451,$AE15)+SUMIFS(Dati!$J$2:$J$451,Dati!$H$2:$H$451,$H15,Dati!$A$2:$A$451,$AE15),"-") | BD15: =IF(AND($H15<>"",$AF15<>"",$H15<>$AF15,IFERROR(VLOOKUP($H15,areaCercaPuntiClassificaSquadra,3,FALSE),-1)=IFERROR(VLOOKUP($AF15,areaCercaPuntiClassificaSquadra,3,FALSE),-2)),SUMIFS(Dati!$D$2:$D$451,Dati!$A$2:$A$451,$H15,Dati!$H$2:$H$451,$AF15)+SUMIFS(Dati!$K$2:$K$451,Dati!$H$2:$H$451,$H15,Dati!$A$2:$A$451,$AF15)+SUMIFS(Dati!$C$2:$C$451,Dati!$A$2:$A$451,$H15,Dati!$H$2:$H$451,$AF15)+SUMIFS(Dati!$J$2:$J$451,Dati!$H$2:$H$451,$H15,Dati!$A$2:$A$451,$AF15),"-") | BE15: =IF(AND($H15<>"",$AG15<>"",$H15<>$AG15,IFERROR(VLOOKUP($H15,areaCercaPuntiClassificaSquadra,3,FALSE),-1)=IFERROR(VLOOKUP($AG15,areaCercaPuntiClassificaSquadra,3,FALSE),-2)),SUMIFS(Dati!$D$2:$D$451,Dati!$A$2:$A$451,$H15,Dati!$H$2:$H$451,$AG15)+SUMIFS(Dati!$K$2:$K$451,Dati!$H$2:$H$451,$H15,Dati!$A$2:$A$451,$AG15)+SUMIFS(Dati!$C$2:$C$451,Dati!$A$2:$A$451,$H15,Dati!$H$2:$H$451,$AG15)+SUMIFS(Dati!$J$2:$J$451,Dati!$H$2:$H$451,$H15,Dati!$A$2:$A$451,$AG15),"-") | BF15: =IF(AND($H15<>"",$AH15<>"",$H15<>$AH15,IFERROR(VLOOKUP($H15,areaCercaPuntiClassificaSquadra,3,FALSE),-1)=IFERROR(VLOOKUP($AH15,areaCercaPuntiClassificaSquadra,3,FALSE),-2)),SUMIFS(Dati!$D$2:$D$451,Dati!$A$2:$A$451,$H15,Dati!$H$2:$H$451,$AH15)+SUMIFS(Dati!$K$2:$K$451,Dati!$H$2:$H$451,$H15,Dati!$A$2:$A$451,$AH15)+SUMIFS(Dati!$C$2:$C$451,Dati!$A$2:$A$451,$H15,Dati!$H$2:$H$451,$AH15)+SUMIFS(Dati!$J$2:$J$451,Dati!$H$2:$H$451,$H15,Dati!$A$2:$A$451,$AH15),"-") | BH15: =$C15 | BI15: =IF(AND($H15<>"",$Y15<>"",$H15<>$Y15,IFERROR(VLOOKUP($H15,areaCercaPuntiClassificaSquadra,3,FALSE),-1)=IFERROR(VLOOKUP($Y15,areaCercaPuntiClassificaSquadra,3,FALSE),-2)),SUMIFS(Dati!$E$2:$E$451,Dati!$A$2:$A$451,$H15,Dati!$H$2:$H$451,$Y15)+SUMIFS(Dati!$L$2:$L$451,Dati!$H$2:$H$451,$H15,Dati!$A$2:$A$451,$Y15),"-") | BJ15: =IF(AND($H15<>"",$Z15<>"",$H15<>$Z15,IFERROR(VLOOKUP($H15,areaCercaPuntiClassificaSquadra,3,FALSE),-1)=IFERROR(VLOOKUP($Z15,areaCercaPuntiClassificaSquadra,3,FALSE),-2)),SUMIFS(Dati!$E$2:$E$451,Dati!$A$2:$A$451,$H15,Dati!$H$2:$H$451,$Z15)+SUMIFS(Dati!$L$2:$L$451,Dati!$H$2:$H$451,$H15,Dati!$A$2:$A$451,$Z15),"-") | BK15: =IF(AND($H15<>"",$AA15<>"",$H15<>$AA15,IFERROR(VLOOKUP($H15,areaCercaPuntiClassificaSquadra,3,FALSE),-1)=IFERROR(VLOOKUP($AA15,areaCercaPuntiClassificaSquadra,3,FALSE),-2)),SUMIFS(Dati!$E$2:$E$451,Dati!$A$2:$A$451,$H15,Dati!$H$2:$H$451,$AA15)+SUMIFS(Dati!$L$2:$L$451,Dati!$H$2:$H$451,$H15,Dati!$A$2:$A$451,$AA15),"-") | BL15: =IF(AND($H15<>"",$AB15<>"",$H15<>$AB15,IFERROR(VLOOKUP($H15,areaCercaPuntiClassificaSquadra,3,FALSE),-1)=IFERROR(VLOOKUP($AB15,areaCercaPuntiClassificaSquadra,3,FALSE),-2)),SUMIFS(Dati!$E$2:$E$451,Dati!$A$2:$A$451,$H15,Dati!$H$2:$H$451,$AB15)+SUMIFS(Dati!$L$2:$L$451,Dati!$H$2:$H$451,$H15,Dati!$A$2:$A$451,$AB15),"-") | BM15: =IF(AND($H15<>"",$AC15<>"",$H15<>$AC15,IFERROR(VLOOKUP($H15,areaCercaPuntiClassificaSquadra,3,FALSE),-1)=IFERROR(VLOOKUP($AC15,areaCercaPuntiClassificaSquadra,3,FALSE),-2)),SUMIFS(Dati!$E$2:$E$451,Dati!$A$2:$A$451,$H15,Dati!$H$2:$H$451,$AC15)+SUMIFS(Dati!$L$2:$L$451,Dati!$H$2:$H$451,$H15,Dati!$A$2:$A$451,$AC15),"-") | BN15: =IF(AND($H15<>"",$AD15<>"",$H15<>$AD15,IFERROR(VLOOKUP($H15,areaCercaPuntiClassificaSquadra,3,FALSE),-1)=IFERROR(VLOOKUP($AD15,areaCercaPuntiClassificaSquadra,3,FALSE),-2)),SUMIFS(Dati!$E$2:$E$451,Dati!$A$2:$A$451,$H15,Dati!$H$2:$H$451,$AD15)+SUMIFS(Dati!$L$2:$L$451,Dati!$H$2:$H$451,$H15,Dati!$A$2:$A$451,$AD15),"-") | BO15: =IF(AND($H15<>"",$AE15<>"",$H15<>$AE15,IFERROR(VLOOKUP($H15,areaCercaPuntiClassificaSquadra,3,FALSE),-1)=IFERROR(VLOOKUP($AE15,areaCercaPuntiClassificaSquadra,3,FALSE),-2)),SUMIFS(Dati!$E$2:$E$451,Dati!$A$2:$A$451,$H15,Dati!$H$2:$H$451,$AE15)+SUMIFS(Dati!$L$2:$L$451,Dati!$H$2:$H$451,$H15,Dati!$A$2:$A$451,$AE15),"-") | BP15: =IF(AND($H15<>"",$AF15<>"",$H15<>$AF15,IFERROR(VLOOKUP($H15,areaCercaPuntiClassificaSquadra,3,FALSE),-1)=IFERROR(VLOOKUP($AF15,areaCercaPuntiClassificaSquadra,3,FALSE),-2)),SUMIFS(Dati!$E$2:$E$451,Dati!$A$2:$A$451,$H15,Dati!$H$2:$H$451,$AF15)+SUMIFS(Dati!$L$2:$L$451,Dati!$H$2:$H$451,$H15,Dati!$A$2:$A$451,$AF15),"-") | BQ15: =IF(AND($H15<>"",$AG15<>"",$H15<>$AG15,IFERROR(VLOOKUP($H15,areaCercaPuntiClassificaSquadra,3,FALSE),-1)=IFERROR(VLOOKUP($AG15,areaCercaPuntiClassificaSquadra,3,FALSE),-2)),SUMIFS(Dati!$E$2:$E$451,Dati!$A$2:$A$451,$H15,Dati!$H$2:$H$451,$AG15)+SUMIFS(Dati!$L$2:$L$451,Dati!$H$2:$H$451,$H15,Dati!$A$2:$A$451,$AG15),"-") | BR15: =IF(AND($H15<>"",$AH15<>"",$H15<>$AH15,IFERROR(VLOOKUP($H15,areaCercaPuntiClassificaSquadra,3,FALSE),-1)=IFERROR(VLOOKUP($AH15,areaCercaPuntiClassificaSquadra,3,FALSE),-2)),SUMIFS(Dati!$E$2:$E$451,Dati!$A$2:$A$451,$H15,Dati!$H$2:$H$451,$AH15)+SUMIFS(Dati!$L$2:$L$451,Dati!$H$2:$H$451,$H15,Dati!$A$2:$A$451,$AH15),"-") | BT15: =$C15 | BU15: =IF(AND($H15<>"",$Y15<>"",$H15<>$Y15,IFERROR(VLOOKUP($H15,areaCercaPuntiClassificaSquadra,3,FALSE),-1)=IFERROR(VLOOKUP($Y15,areaCercaPuntiClassificaSquadra,3,FALSE),-2)),SUMIFS(Dati!$F$2:$F$451,Dati!$A$2:$A$451,$H15,Dati!$H$2:$H$451,$Y15)+SUMIFS(Dati!$M$2:$M$451,Dati!$H$2:$H$451,$H15,Dati!$A$2:$A$451,$Y15),"-") | BV15: =IF(AND($H15<>"",$Z15<>"",$H15<>$Z15,IFERROR(VLOOKUP($H15,areaCercaPuntiClassificaSquadra,3,FALSE),-1)=IFERROR(VLOOKUP($Z15,areaCercaPuntiClassificaSquadra,3,FALSE),-2)),SUMIFS(Dati!$F$2:$F$451,Dati!$A$2:$A$451,$H15,Dati!$H$2:$H$451,$Z15)+SUMIFS(Dati!$M$2:$M$451,Dati!$H$2:$H$451,$H15,Dati!$A$2:$A$451,$Z15),"-") | BW15: =IF(AND($H15<>"",$AA15<>"",$H15<>$AA15,IFERROR(VLOOKUP($H15,areaCercaPuntiClassificaSquadra,3,FALSE),-1)=IFERROR(VLOOKUP($AA15,areaCercaPuntiClassificaSquadra,3,FALSE),-2)),SUMIFS(Dati!$F$2:$F$451,Dati!$A$2:$A$451,$H15,Dati!$H$2:$H$451,$AA15)+SUMIFS(Dati!$M$2:$M$451,Dati!$H$2:$H$451,$H15,Dati!$A$2:$A$451,$AA15),"-") | BX15: =IF(AND($H15<>"",$AB15<>"",$H15<>$AB15,IFERROR(VLOOKUP($H15,areaCercaPuntiClassificaSquadra,3,FALSE),-1)=IFERROR(VLOOKUP($AB15,areaCercaPuntiClassificaSquadra,3,FALSE),-2)),SUMIFS(Dati!$F$2:$F$451,Dati!$A$2:$A$451,$H15,Dati!$H$2:$H$451,$AB15)+SUMIFS(Dati!$M$2:$M$451,Dati!$H$2:$H$451,$H15,Dati!$A$2:$A$451,$AB15),"-") | BY15: =IF(AND($H15<>"",$AC15<>"",$H15<>$AC15,IFERROR(VLOOKUP($H15,areaCercaPuntiClassificaSquadra,3,FALSE),-1)=IFERROR(VLOOKUP($AC15,areaCercaPuntiClassificaSquadra,3,FALSE),-2)),SUMIFS(Dati!$F$2:$F$451,Dati!$A$2:$A$451,$H15,Dati!$H$2:$H$451,$AC15)+SUMIFS(Dati!$M$2:$M$451,Dati!$H$2:$H$451,$H15,Dati!$A$2:$A$451,$AC15),"-") | BZ15: =IF(AND($H15<>"",$AD15<>"",$H15<>$AD15,IFERROR(VLOOKUP($H15,areaCercaPuntiClassificaSquadra,3,FALSE),-1)=IFERROR(VLOOKUP($AD15,areaCercaPuntiClassificaSquadra,3,FALSE),-2)),SUMIFS(Dati!$F$2:$F$451,Dati!$A$2:$A$451,$H15,Dati!$H$2:$H$451,$AD15)+SUMIFS(Dati!$M$2:$M$451,Dati!$H$2:$H$451,$H15,Dati!$A$2:$A$451,$AD15),"-") | CA15: =IF(AND($H15<>"",$AE15<>"",$H15<>$AE15,IFERROR(VLOOKUP($H15,areaCercaPuntiClassificaSquadra,3,FALSE),-1)=IFERROR(VLOOKUP($AE15,areaCercaPuntiClassificaSquadra,3,FALSE),-2)),SUMIFS(Dati!$F$2:$F$451,Dati!$A$2:$A$451,$H15,Dati!$H$2:$H$451,$AE15)+SUMIFS(Dati!$M$2:$M$451,Dati!$H$2:$H$451,$H15,Dati!$A$2:$A$451,$AE15),"-") | CB15: =IF(AND($H15<>"",$AF15<>"",$H15<>$AF15,IFERROR(VLOOKUP($H15,areaCercaPuntiClassificaSquadra,3,FALSE),-1)=IFERROR(VLOOKUP($AF15,areaCercaPuntiClassificaSquadra,3,FALSE),-2)),SUMIFS(Dati!$F$2:$F$451,Dati!$A$2:$A$451,$H15,Dati!$H$2:$H$451,$AF15)+SUMIFS(Dati!$M$2:$M$451,Dati!$H$2:$H$451,$H15,Dati!$A$2:$A$451,$AF15),"-") | CC15: =IF(AND($H15<>"",$AG15<>"",$H15<>$AG15,IFERROR(VLOOKUP($H15,areaCercaPuntiClassificaSquadra,3,FALSE),-1)=IFERROR(VLOOKUP($AG15,areaCercaPuntiClassificaSquadra,3,FALSE),-2)),SUMIFS(Dati!$F$2:$F$451,Dati!$A$2:$A$451,$H15,Dati!$H$2:$H$451,$AG15)+SUMIFS(Dati!$M$2:$M$451,Dati!$H$2:$H$451,$H15,Dati!$A$2:$A$451,$AG15),"-") | CD15: =IF(AND($H15<>"",$AH15<>"",$H15<>$AH15,IFERROR(VLOOKUP($H15,areaCercaPuntiClassificaSquadra,3,FALSE),-1)=IFERROR(VLOOKUP($AH15,areaCercaPuntiClassificaSquadra,3,FALSE),-2)),SUMIFS(Dati!$F$2:$F$451,Dati!$A$2:$A$451,$H15,Dati!$H$2:$H$451,$AH15)+SUMIFS(Dati!$M$2:$M$451,Dati!$H$2:$H$451,$H15,Dati!$A$2:$A$451,$AH15),"-") | CF15: =IF($C15="","",SUM(AK15:AT15))
B16: A03 | E16: A | G16: =IF($C16="","",$E16&(COUNTIFS(I$14:I$113,">"&I16,E$14:E$113,"="&E16,C$14:C$113,"<>")+COUNTIFS(I$14:I$113,"="&I16,H$14:H$113,"<="&H16,E$14:E$113,"="&E16,C$14:C$113,"<>"))) | H16: =IF($C16="","",IFERROR(LEFT($C16,FIND("-",$C16)-1),$C16)) | I16: =TEXT(1000000000+J16,"|0000000000|")&TEXT(SUM(AK16:AT16),"0000000000|")&IF(SUM(BU16:CD16)=0,"0000000000|",TEXT(ROUND(SUM(BI16:BR16)/SUM(BU16:CD16),4)*100000,"0000000000|"))&IF(P16=0,"0000000000|",TEXT(ROUND(O16/P16,4)*100000,"0000000000|")) | J16: =L16*constPuntiVittoria+M16*constPuntiSconfitta+N16*constPuntiForfait+IF(D16="",0,D16) | K16: =SUM(L16:N16) | L16: =IF($H16="",0,SUMIF(Dati!$A$2:$A$451,$H16,Dati!$B$2:$B$451)+SUMIF(Dati!$H$2:$H$451,$H16,Dati!$I$2:$I$451)) | M16: =IF($H16="",0,SUMIF(Dati!$A$2:$A$451,$H16,Dati!$D$2:$D$451)+SUMIF(Dati!$H$2:$H$451,$H16,Dati!$K$2:$K$451)) | N16: =IF($H16="",0,SUMIF(Dati!$A$2:$A$451,$H16,Dati!$C$2:$C$451)+SUMIF(Dati!$H$2:$H$451,$H16,Dati!$J$2:$J$451)) | O16: =IF($H16="",0,SUMIF(Dati!$A$2:$A$451,$H16,Dati!$E$2:$E$451)+SUMIF(Dati!$H$2:$H$451,$H16,Dati!$L$2:$L$451)) | P16: =IF($H16="",0,SUMIF(Dati!$A$2:$A$451,$H16,Dati!$F$2:$F$451)+SUMIF(Dati!$H$2:$H$451,$H16,Dati!$M$2:$M$451)) | Q16: =IF($H16="",0,SUMIF(Dati!$A$2:$A$451,$H16,Dati!$G$2:$G$451)+SUMIF(Dati!$H$2:$H$451,$H16,Dati!$N$2:$N$451)) | R16: =IF(K16=0,0,ROUND(O16/K16,2)) | S16: =IF(K16=0,0,ROUND(P16/K16,2)) | T16: =IF(K16=0,0,ROUND(Q16/K16,2)) | U16: =IF(COUNTIFS($E$14:$E$113,$E16,$J$14:$J$113,$J16,$C$14:$C$113,"<>")<=1,"-",SUM(AK16:AT16)&"-"&SUM(AW16:BF16)) | V16: =IF(COUNTIFS($E$14:$E$113,$E16,$J$14:$J$113,$J16,$C$14:$C$113,"<>",$CF$14:$CF$113,$CF16)<=1,"-",IF(SUM(BU16:CD16)=0,0,ROUND(SUM(BI16:BR16)/SUM(BU16:CD16),3))) | W16: =IF(COUNTIFS($E$14:$E$113,$E16,$J$14:$J$113,$J16,$C$14:$C$113,"<>",$CF$14:$CF$113,$CF16,$V$14:$V$113,$V16)<=1,"-",IF(P16=0,0,ROUND(O16/P16,3))) | X16: =IF($C16="","",$E16&"#"&COUNTIFS($E$14:$E16,$E16,$C$14:$C16,"<>")) | Y16: =IFERROR(INDEX($H$14:$H$113,MATCH($E16&"#1",$X$14:$X$113,0)),"") | Z16: =IFERROR(INDEX($H$14:$H$113,MATCH($E16&"#2",$X$14:$X$113,0)),"") | AA16: =IFERROR(INDEX($H$14:$H$113,MATCH($E16&"#3",$X$14:$X$113,0)),"") | AB16: =IFERROR(INDEX($H$14:$H$113,MATCH($E16&"#4",$X$14:$X$113,0)),"") | AC16: =IFERROR(INDEX($H$14:$H$113,MATCH($E16&"#5",$X$14:$X$113,0)),"") | AD16: =IFERROR(INDEX($H$14:$H$113,MATCH($E16&"#6",$X$14:$X$113,0)),"") | AE16: =IFERROR(INDEX($H$14:$H$113,MATCH($E16&"#7",$X$14:$X$113,0)),"") | AF16: =IFERROR(INDEX($H$14:$H$113,MATCH($E16&"#8",$X$14:$X$113,0)),"") | AG16: =IFERROR(INDEX($H$14:$H$113,MATCH($E16&"#9",$X$14:$X$113,0)),"") | AH16: =IFERROR(INDEX($H$14:$H$113,MATCH($E16&"#10",$X$14:$X$113,0)),"") | AJ16: =$C16 | AK16: =IF(AND($H16<>"",$Y16<>"",$H16<>$Y16,IFERROR(VLOOKUP($H16,areaCercaPuntiClassificaSquadra,3,FALSE),-1)=IFERROR(VLOOKUP($Y16,areaCercaPuntiClassificaSquadra,3,FALSE),-2)),SUMIFS(Dati!$B$2:$B$451,Dati!$A$2:$A$451,$H16,Dati!$H$2:$H$451,$Y16)+SUMIFS(Dati!$I$2:$I$451,Dati!$H$2:$H$451,$H16,Dati!$A$2:$A$451,$Y16),"-") | AL16: =IF(AND($H16<>"",$Z16<>"",$H16<>$Z16,IFERROR(VLOOKUP($H16,areaCercaPuntiClassificaSquadra,3,FALSE),-1)=IFERROR(VLOOKUP($Z16,areaCercaPuntiClassificaSquadra,3,FALSE),-2)),SUMIFS(Dati!$B$2:$B$451,Dati!$A$2:$A$451,$H16,Dati!$H$2:$H$451,$Z16)+SUMIFS(Dati!$I$2:$I$451,Dati!$H$2:$H$451,$H16,Dati!$A$2:$A$451,$Z16),"-") | AM16: =IF(AND($H16<>"",$AA16<>"",$H16<>$AA16,IFERROR(VLOOKUP($H16,areaCercaPuntiClassificaSquadra,3,FALSE),-1)=IFERROR(VLOOKUP($AA16,areaCercaPuntiClassificaSquadra,3,FALSE),-2)),SUMIFS(Dati!$B$2:$B$451,Dati!$A$2:$A$451,$H16,Dati!$H$2:$H$451,$AA16)+SUMIFS(Dati!$I$2:$I$451,Dati!$H$2:$H$451,$H16,Dati!$A$2:$A$451,$AA16),"-") | AN16: =IF(AND($H16<>"",$AB16<>"",$H16<>$AB16,IFERROR(VLOOKUP($H16,areaCercaPuntiClassificaSquadra,3,FALSE),-1)=IFERROR(VLOOKUP($AB16,areaCercaPuntiClassificaSquadra,3,FALSE),-2)),SUMIFS(Dati!$B$2:$B$451,Dati!$A$2:$A$451,$H16,Dati!$H$2:$H$451,$AB16)+SUMIFS(Dati!$I$2:$I$451,Dati!$H$2:$H$451,$H16,Dati!$A$2:$A$451,$AB16),"-") | AO16: =IF(AND($H16<>"",$AC16<>"",$H16<>$AC16,IFERROR(VLOOKUP($H16,areaCercaPuntiClassificaSquadra,3,FALSE),-1)=IFERROR(VLOOKUP($AC16,areaCercaPuntiClassificaSquadra,3,FALSE),-2)),SUMIFS(Dati!$B$2:$B$451,Dati!$A$2:$A$451,$H16,Dati!$H$2:$H$451,$AC16)+SUMIFS(Dati!$I$2:$I$451,Dati!$H$2:$H$451,$H16,Dati!$A$2:$A$451,$AC16),"-") | AP16: =IF(AND($H16<>"",$AD16<>"",$H16<>$AD16,IFERROR(VLOOKUP($H16,areaCercaPuntiClassificaSquadra,3,FALSE),-1)=IFERROR(VLOOKUP($AD16,areaCercaPuntiClassificaSquadra,3,FALSE),-2)),SUMIFS(Dati!$B$2:$B$451,Dati!$A$2:$A$451,$H16,Dati!$H$2:$H$451,$AD16)+SUMIFS(Dati!$I$2:$I$451,Dati!$H$2:$H$451,$H16,Dati!$A$2:$A$451,$AD16),"-") | AQ16: =IF(AND($H16<>"",$AE16<>"",$H16<>$AE16,IFERROR(VLOOKUP($H16,areaCercaPuntiClassificaSquadra,3,FALSE),-1)=IFERROR(VLOOKUP($AE16,areaCercaPuntiClassificaSquadra,3,FALSE),-2)),SUMIFS(Dati!$B$2:$B$451,Dati!$A$2:$A$451,$H16,Dati!$H$2:$H$451,$AE16)+SUMIFS(Dati!$I$2:$I$451,Dati!$H$2:$H$451,$H16,Dati!$A$2:$A$451,$AE16),"-") | AR16: =IF(AND($H16<>"",$AF16<>"",$H16<>$AF16,IFERROR(VLOOKUP($H16,areaCercaPuntiClassificaSquadra,3,FALSE),-1)=IFERROR(VLOOKUP($AF16,areaCercaPuntiClassificaSquadra,3,FALSE),-2)),SUMIFS(Dati!$B$2:$B$451,Dati!$A$2:$A$451,$H16,Dati!$H$2:$H$451,$AF16)+SUMIFS(Dati!$I$2:$I$451,Dati!$H$2:$H$451,$H16,Dati!$A$2:$A$451,$AF16),"-") | AS16: =IF(AND($H16<>"",$AG16<>"",$H16<>$AG16,IFERROR(VLOOKUP($H16,areaCercaPuntiClassificaSquadra,3,FALSE),-1)=IFERROR(VLOOKUP($AG16,areaCercaPuntiClassificaSquadra,3,FALSE),-2)),SUMIFS(Dati!$B$2:$B$451,Dati!$A$2:$A$451,$H16,Dati!$H$2:$H$451,$AG16)+SUMIFS(Dati!$I$2:$I$451,Dati!$H$2:$H$451,$H16,Dati!$A$2:$A$451,$AG16),"-") | AT16: =IF(AND($H16<>"",$AH16<>"",$H16<>$AH16,IFERROR(VLOOKUP($H16,areaCercaPuntiClassificaSquadra,3,FALSE),-1)=IFERROR(VLOOKUP($AH16,areaCercaPuntiClassificaSquadra,3,FALSE),-2)),SUMIFS(Dati!$B$2:$B$451,Dati!$A$2:$A$451,$H16,Dati!$H$2:$H$451,$AH16)+SUMIFS(Dati!$I$2:$I$451,Dati!$H$2:$H$451,$H16,Dati!$A$2:$A$451,$AH16),"-") | AV16: =$C16 | AW16: =IF(AND($H16<>"",$Y16<>"",$H16<>$Y16,IFERROR(VLOOKUP($H16,areaCercaPuntiClassificaSquadra,3,FALSE),-1)=IFERROR(VLOOKUP($Y16,areaCercaPuntiClassificaSquadra,3,FALSE),-2)),SUMIFS(Dati!$D$2:$D$451,Dati!$A$2:$A$451,$H16,Dati!$H$2:$H$451,$Y16)+SUMIFS(Dati!$K$2:$K$451,Dati!$H$2:$H$451,$H16,Dati!$A$2:$A$451,$Y16)+SUMIFS(Dati!$C$2:$C$451,Dati!$A$2:$A$451,$H16,Dati!$H$2:$H$451,$Y16)+SUMIFS(Dati!$J$2:$J$451,Dati!$H$2:$H$451,$H16,Dati!$A$2:$A$451,$Y16),"-") | AX16: =IF(AND($H16<>"",$Z16<>"",$H16<>$Z16,IFERROR(VLOOKUP($H16,areaCercaPuntiClassificaSquadra,3,FALSE),-1)=IFERROR(VLOOKUP($Z16,areaCercaPuntiClassificaSquadra,3,FALSE),-2)),SUMIFS(Dati!$D$2:$D$451,Dati!$A$2:$A$451,$H16,Dati!$H$2:$H$451,$Z16)+SUMIFS(Dati!$K$2:$K$451,Dati!$H$2:$H$451,$H16,Dati!$A$2:$A$451,$Z16)+SUMIFS(Dati!$C$2:$C$451,Dati!$A$2:$A$451,$H16,Dati!$H$2:$H$451,$Z16)+SUMIFS(Dati!$J$2:$J$451,Dati!$H$2:$H$451,$H16,Dati!$A$2:$A$451,$Z16),"-") | AY16: =IF(AND($H16<>"",$AA16<>"",$H16<>$AA16,IFERROR(VLOOKUP($H16,areaCercaPuntiClassificaSquadra,3,FALSE),-1)=IFERROR(VLOOKUP($AA16,areaCercaPuntiClassificaSquadra,3,FALSE),-2)),SUMIFS(Dati!$D$2:$D$451,Dati!$A$2:$A$451,$H16,Dati!$H$2:$H$451,$AA16)+SUMIFS(Dati!$K$2:$K$451,Dati!$H$2:$H$451,$H16,Dati!$A$2:$A$451,$AA16)+SUMIFS(Dati!$C$2:$C$451,Dati!$A$2:$A$451,$H16,Dati!$H$2:$H$451,$AA16)+SUMIFS(Dati!$J$2:$J$451,Dati!$H$2:$H$451,$H16,Dati!$A$2:$A$451,$AA16),"-") | AZ16: =IF(AND($H16<>"",$AB16<>"",$H16<>$AB16,IFERROR(VLOOKUP($H16,areaCercaPuntiClassificaSquadra,3,FALSE),-1)=IFERROR(VLOOKUP($AB16,areaCercaPuntiClassificaSquadra,3,FALSE),-2)),SUMIFS(Dati!$D$2:$D$451,Dati!$A$2:$A$451,$H16,Dati!$H$2:$H$451,$AB16)+SUMIFS(Dati!$K$2:$K$451,Dati!$H$2:$H$451,$H16,Dati!$A$2:$A$451,$AB16)+SUMIFS(Dati!$C$2:$C$451,Dati!$A$2:$A$451,$H16,Dati!$H$2:$H$451,$AB16)+SUMIFS(Dati!$J$2:$J$451,Dati!$H$2:$H$451,$H16,Dati!$A$2:$A$451,$AB16),"-") | BA16: =IF(AND($H16<>"",$AC16<>"",$H16<>$AC16,IFERROR(VLOOKUP($H16,areaCercaPuntiClassificaSquadra,3,FALSE),-1)=IFERROR(VLOOKUP($AC16,areaCercaPuntiClassificaSquadra,3,FALSE),-2)),SUMIFS(Dati!$D$2:$D$451,Dati!$A$2:$A$451,$H16,Dati!$H$2:$H$451,$AC16)+SUMIFS(Dati!$K$2:$K$451,Dati!$H$2:$H$451,$H16,Dati!$A$2:$A$451,$AC16)+SUMIFS(Dati!$C$2:$C$451,Dati!$A$2:$A$451,$H16,Dati!$H$2:$H$451,$AC16)+SUMIFS(Dati!$J$2:$J$451,Dati!$H$2:$H$451,$H16,Dati!$A$2:$A$451,$AC16),"-") | BB16: =IF(AND($H16<>"",$AD16<>"",$H16<>$AD16,IFERROR(VLOOKUP($H16,areaCercaPuntiClassificaSquadra,3,FALSE),-1)=IFERROR(VLOOKUP($AD16,areaCercaPuntiClassificaSquadra,3,FALSE),-2)),SUMIFS(Dati!$D$2:$D$451,Dati!$A$2:$A$451,$H16,Dati!$H$2:$H$451,$AD16)+SUMIFS(Dati!$K$2:$K$451,Dati!$H$2:$H$451,$H16,Dati!$A$2:$A$451,$AD16)+SUMIFS(Dati!$C$2:$C$451,Dati!$A$2:$A$451,$H16,Dati!$H$2:$H$451,$AD16)+SUMIFS(Dati!$J$2:$J$451,Dati!$H$2:$H$451,$H16,Dati!$A$2:$A$451,$AD16),"-") | BC16: =IF(AND($H16<>"",$AE16<>"",$H16<>$AE16,IFERROR(VLOOKUP($H16,areaCercaPuntiClassificaSquadra,3,FALSE),-1)=IFERROR(VLOOKUP($AE16,areaCercaPuntiClassificaSquadra,3,FALSE),-2)),SUMIFS(Dati!$D$2:$D$451,Dati!$A$2:$A$451,$H16,Dati!$H$2:$H$451,$AE16)+SUMIFS(Dati!$K$2:$K$451,Dati!$H$2:$H$451,$H16,Dati!$A$2:$A$451,$AE16)+SUMIFS(Dati!$C$2:$C$451,Dati!$A$2:$A$451,$H16,Dati!$H$2:$H$451,$AE16)+SUMIFS(Dati!$J$2:$J$451,Dati!$H$2:$H$451,$H16,Dati!$A$2:$A$451,$AE16),"-") | BD16: =IF(AND($H16<>"",$AF16<>"",$H16<>$AF16,IFERROR(VLOOKUP($H16,areaCercaPuntiClassificaSquadra,3,FALSE),-1)=IFERROR(VLOOKUP($AF16,areaCercaPuntiClassificaSquadra,3,FALSE),-2)),SUMIFS(Dati!$D$2:$D$451,Dati!$A$2:$A$451,$H16,Dati!$H$2:$H$451,$AF16)+SUMIFS(Dati!$K$2:$K$451,Dati!$H$2:$H$451,$H16,Dati!$A$2:$A$451,$AF16)+SUMIFS(Dati!$C$2:$C$451,Dati!$A$2:$A$451,$H16,Dati!$H$2:$H$451,$AF16)+SUMIFS(Dati!$J$2:$J$451,Dati!$H$2:$H$451,$H16,Dati!$A$2:$A$451,$AF16),"-") | BE16: =IF(AND($H16<>"",$AG16<>"",$H16<>$AG16,IFERROR(VLOOKUP($H16,areaCercaPuntiClassificaSquadra,3,FALSE),-1)=IFERROR(VLOOKUP($AG16,areaCercaPuntiClassificaSquadra,3,FALSE),-2)),SUMIFS(Dati!$D$2:$D$451,Dati!$A$2:$A$451,$H16,Dati!$H$2:$H$451,$AG16)+SUMIFS(Dati!$K$2:$K$451,Dati!$H$2:$H$451,$H16,Dati!$A$2:$A$451,$AG16)+SUMIFS(Dati!$C$2:$C$451,Dati!$A$2:$A$451,$H16,Dati!$H$2:$H$451,$AG16)+SUMIFS(Dati!$J$2:$J$451,Dati!$H$2:$H$451,$H16,Dati!$A$2:$A$451,$AG16),"-") | BF16: =IF(AND($H16<>"",$AH16<>"",$H16<>$AH16,IFERROR(VLOOKUP($H16,areaCercaPuntiClassificaSquadra,3,FALSE),-1)=IFERROR(VLOOKUP($AH16,areaCercaPuntiClassificaSquadra,3,FALSE),-2)),SUMIFS(Dati!$D$2:$D$451,Dati!$A$2:$A$451,$H16,Dati!$H$2:$H$451,$AH16)+SUMIFS(Dati!$K$2:$K$451,Dati!$H$2:$H$451,$H16,Dati!$A$2:$A$451,$AH16)+SUMIFS(Dati!$C$2:$C$451,Dati!$A$2:$A$451,$H16,Dati!$H$2:$H$451,$AH16)+SUMIFS(Dati!$J$2:$J$451,Dati!$H$2:$H$451,$H16,Dati!$A$2:$A$451,$AH16),"-") | BH16: =$C16 | BI16: =IF(AND($H16<>"",$Y16<>"",$H16<>$Y16,IFERROR(VLOOKUP($H16,areaCercaPuntiClassificaSquadra,3,FALSE),-1)=IFERROR(VLOOKUP($Y16,areaCercaPuntiClassificaSquadra,3,FALSE),-2)),SUMIFS(Dati!$E$2:$E$451,Dati!$A$2:$A$451,$H16,Dati!$H$2:$H$451,$Y16)+SUMIFS(Dati!$L$2:$L$451,Dati!$H$2:$H$451,$H16,Dati!$A$2:$A$451,$Y16),"-") | BJ16: =IF(AND($H16<>"",$Z16<>"",$H16<>$Z16,IFERROR(VLOOKUP($H16,areaCercaPuntiClassificaSquadra,3,FALSE),-1)=IFERROR(VLOOKUP($Z16,areaCercaPuntiClassificaSquadra,3,FALSE),-2)),SUMIFS(Dati!$E$2:$E$451,Dati!$A$2:$A$451,$H16,Dati!$H$2:$H$451,$Z16)+SUMIFS(Dati!$L$2:$L$451,Dati!$H$2:$H$451,$H16,Dati!$A$2:$A$451,$Z16),"-") | BK16: =IF(AND($H16<>"",$AA16<>"",$H16<>$AA16,IFERROR(VLOOKUP($H16,areaCercaPuntiClassificaSquadra,3,FALSE),-1)=IFERROR(VLOOKUP($AA16,areaCercaPuntiClassificaSquadra,3,FALSE),-2)),SUMIFS(Dati!$E$2:$E$451,Dati!$A$2:$A$451,$H16,Dati!$H$2:$H$451,$AA16)+SUMIFS(Dati!$L$2:$L$451,Dati!$H$2:$H$451,$H16,Dati!$A$2:$A$451,$AA16),"-") | BL16: =IF(AND($H16<>"",$AB16<>"",$H16<>$AB16,IFERROR(VLOOKUP($H16,areaCercaPuntiClassificaSquadra,3,FALSE),-1)=IFERROR(VLOOKUP($AB16,areaCercaPuntiClassificaSquadra,3,FALSE),-2)),SUMIFS(Dati!$E$2:$E$451,Dati!$A$2:$A$451,$H16,Dati!$H$2:$H$451,$AB16)+SUMIFS(Dati!$L$2:$L$451,Dati!$H$2:$H$451,$H16,Dati!$A$2:$A$451,$AB16),"-") | BM16: =IF(AND($H16<>"",$AC16<>"",$H16<>$AC16,IFERROR(VLOOKUP($H16,areaCercaPuntiClassificaSquadra,3,FALSE),-1)=IFERROR(VLOOKUP($AC16,areaCercaPuntiClassificaSquadra,3,FALSE),-2)),SUMIFS(Dati!$E$2:$E$451,Dati!$A$2:$A$451,$H16,Dati!$H$2:$H$451,$AC16)+SUMIFS(Dati!$L$2:$L$451,Dati!$H$2:$H$451,$H16,Dati!$A$2:$A$451,$AC16),"-") | BN16: =IF(AND($H16<>"",$AD16<>"",$H16<>$AD16,IFERROR(VLOOKUP($H16,areaCercaPuntiClassificaSquadra,3,FALSE),-1)=IFERROR(VLOOKUP($AD16,areaCercaPuntiClassificaSquadra,3,FALSE),-2)),SUMIFS(Dati!$E$2:$E$451,Dati!$A$2:$A$451,$H16,Dati!$H$2:$H$451,$AD16)+SUMIFS(Dati!$L$2:$L$451,Dati!$H$2:$H$451,$H16,Dati!$A$2:$A$451,$AD16),"-") | BO16: =IF(AND($H16<>"",$AE16<>"",$H16<>$AE16,IFERROR(VLOOKUP($H16,areaCercaPuntiClassificaSquadra,3,FALSE),-1)=IFERROR(VLOOKUP($AE16,areaCercaPuntiClassificaSquadra,3,FALSE),-2)),SUMIFS(Dati!$E$2:$E$451,Dati!$A$2:$A$451,$H16,Dati!$H$2:$H$451,$AE16)+SUMIFS(Dati!$L$2:$L$451,Dati!$H$2:$H$451,$H16,Dati!$A$2:$A$451,$AE16),"-") | BP16: =IF(AND($H16<>"",$AF16<>"",$H16<>$AF16,IFERROR(VLOOKUP($H16,areaCercaPuntiClassificaSquadra,3,FALSE),-1)=IFERROR(VLOOKUP($AF16,areaCercaPuntiClassificaSquadra,3,FALSE),-2)),SUMIFS(Dati!$E$2:$E$451,Dati!$A$2:$A$451,$H16,Dati!$H$2:$H$451,$AF16)+SUMIFS(Dati!$L$2:$L$451,Dati!$H$2:$H$451,$H16,Dati!$A$2:$A$451,$AF16),"-") | BQ16: =IF(AND($H16<>"",$AG16<>"",$H16<>$AG16,IFERROR(VLOOKUP($H16,areaCercaPuntiClassificaSquadra,3,FALSE),-1)=IFERROR(VLOOKUP($AG16,areaCercaPuntiClassificaSquadra,3,FALSE),-2)),SUMIFS(Dati!$E$2:$E$451,Dati!$A$2:$A$451,$H16,Dati!$H$2:$H$451,$AG16)+SUMIFS(Dati!$L$2:$L$451,Dati!$H$2:$H$451,$H16,Dati!$A$2:$A$451,$AG16),"-") | BR16: =IF(AND($H16<>"",$AH16<>"",$H16<>$AH16,IFERROR(VLOOKUP($H16,areaCercaPuntiClassificaSquadra,3,FALSE),-1)=IFERROR(VLOOKUP($AH16,areaCercaPuntiClassificaSquadra,3,FALSE),-2)),SUMIFS(Dati!$E$2:$E$451,Dati!$A$2:$A$451,$H16,Dati!$H$2:$H$451,$AH16)+SUMIFS(Dati!$L$2:$L$451,Dati!$H$2:$H$451,$H16,Dati!$A$2:$A$451,$AH16),"-") | BT16: =$C16 | BU16: =IF(AND($H16<>"",$Y16<>"",$H16<>$Y16,IFERROR(VLOOKUP($H16,areaCercaPuntiClassificaSquadra,3,FALSE),-1)=IFERROR(VLOOKUP($Y16,areaCercaPuntiClassificaSquadra,3,FALSE),-2)),SUMIFS(Dati!$F$2:$F$451,Dati!$A$2:$A$451,$H16,Dati!$H$2:$H$451,$Y16)+SUMIFS(Dati!$M$2:$M$451,Dati!$H$2:$H$451,$H16,Dati!$A$2:$A$451,$Y16),"-") | BV16: =IF(AND($H16<>"",$Z16<>"",$H16<>$Z16,IFERROR(VLOOKUP($H16,areaCercaPuntiClassificaSquadra,3,FALSE),-1)=IFERROR(VLOOKUP($Z16,areaCercaPuntiClassificaSquadra,3,FALSE),-2)),SUMIFS(Dati!$F$2:$F$451,Dati!$A$2:$A$451,$H16,Dati!$H$2:$H$451,$Z16)+SUMIFS(Dati!$M$2:$M$451,Dati!$H$2:$H$451,$H16,Dati!$A$2:$A$451,$Z16),"-") | BW16: =IF(AND($H16<>"",$AA16<>"",$H16<>$AA16,IFERROR(VLOOKUP($H16,areaCercaPuntiClassificaSquadra,3,FALSE),-1)=IFERROR(VLOOKUP($AA16,areaCercaPuntiClassificaSquadra,3,FALSE),-2)),SUMIFS(Dati!$F$2:$F$451,Dati!$A$2:$A$451,$H16,Dati!$H$2:$H$451,$AA16)+SUMIFS(Dati!$M$2:$M$451,Dati!$H$2:$H$451,$H16,Dati!$A$2:$A$451,$AA16),"-") | BX16: =IF(AND($H16<>"",$AB16<>"",$H16<>$AB16,IFERROR(VLOOKUP($H16,areaCercaPuntiClassificaSquadra,3,FALSE),-1)=IFERROR(VLOOKUP($AB16,areaCercaPuntiClassificaSquadra,3,FALSE),-2)),SUMIFS(Dati!$F$2:$F$451,Dati!$A$2:$A$451,$H16,Dati!$H$2:$H$451,$AB16)+SUMIFS(Dati!$M$2:$M$451,Dati!$H$2:$H$451,$H16,Dati!$A$2:$A$451,$AB16),"-") | BY16: =IF(AND($H16<>"",$AC16<>"",$H16<>$AC16,IFERROR(VLOOKUP($H16,areaCercaPuntiClassificaSquadra,3,FALSE),-1)=IFERROR(VLOOKUP($AC16,areaCercaPuntiClassificaSquadra,3,FALSE),-2)),SUMIFS(Dati!$F$2:$F$451,Dati!$A$2:$A$451,$H16,Dati!$H$2:$H$451,$AC16)+SUMIFS(Dati!$M$2:$M$451,Dati!$H$2:$H$451,$H16,Dati!$A$2:$A$451,$AC16),"-") | BZ16: =IF(AND($H16<>"",$AD16<>"",$H16<>$AD16,IFERROR(VLOOKUP($H16,areaCercaPuntiClassificaSquadra,3,FALSE),-1)=IFERROR(VLOOKUP($AD16,areaCercaPuntiClassificaSquadra,3,FALSE),-2)),SUMIFS(Dati!$F$2:$F$451,Dati!$A$2:$A$451,$H16,Dati!$H$2:$H$451,$AD16)+SUMIFS(Dati!$M$2:$M$451,Dati!$H$2:$H$451,$H16,Dati!$A$2:$A$451,$AD16),"-") | CA16: =IF(AND($H16<>"",$AE16<>"",$H16<>$AE16,IFERROR(VLOOKUP($H16,areaCercaPuntiClassificaSquadra,3,FALSE),-1)=IFERROR(VLOOKUP($AE16,areaCercaPuntiClassificaSquadra,3,FALSE),-2)),SUMIFS(Dati!$F$2:$F$451,Dati!$A$2:$A$451,$H16,Dati!$H$2:$H$451,$AE16)+SUMIFS(Dati!$M$2:$M$451,Dati!$H$2:$H$451,$H16,Dati!$A$2:$A$451,$AE16),"-") | CB16: =IF(AND($H16<>"",$AF16<>"",$H16<>$AF16,IFERROR(VLOOKUP($H16,areaCercaPuntiClassificaSquadra,3,FALSE),-1)=IFERROR(VLOOKUP($AF16,areaCercaPuntiClassificaSquadra,3,FALSE),-2)),SUMIFS(Dati!$F$2:$F$451,Dati!$A$2:$A$451,$H16,Dati!$H$2:$H$451,$AF16)+SUMIFS(Dati!$M$2:$M$451,Dati!$H$2:$H$451,$H16,Dati!$A$2:$A$451,$AF16),"-") | CC16: =IF(AND($H16<>"",$AG16<>"",$H16<>$AG16,IFERROR(VLOOKUP($H16,areaCercaPuntiClassificaSquadra,3,FALSE),-1)=IFERROR(VLOOKUP($AG16,areaCercaPuntiClassificaSquadra,3,FALSE),-2)),SUMIFS(Dati!$F$2:$F$451,Dati!$A$2:$A$451,$H16,Dati!$H$2:$H$451,$AG16)+SUMIFS(Dati!$M$2:$M$451,Dati!$H$2:$H$451,$H16,Dati!$A$2:$A$451,$AG16),"-") | CD16: =IF(AND($H16<>"",$AH16<>"",$H16<>$AH16,IFERROR(VLOOKUP($H16,areaCercaPuntiClassificaSquadra,3,FALSE),-1)=IFERROR(VLOOKUP($AH16,areaCercaPuntiClassificaSquadra,3,FALSE),-2)),SUMIFS(Dati!$F$2:$F$451,Dati!$A$2:$A$451,$H16,Dati!$H$2:$H$451,$AH16)+SUMIFS(Dati!$M$2:$M$451,Dati!$H$2:$H$451,$H16,Dati!$A$2:$A$451,$AH16),"-") | CF16: =IF($C16="","",SUM(AK16:AT16))
B17: A04 | E17: A | G17: =IF($C17="","",$E17&(COUNTIFS(I$14:I$113,">"&I17,E$14:E$113,"="&E17,C$14:C$113,"<>")+COUNTIFS(I$14:I$113,"="&I17,H$14:H$113,"<="&H17,E$14:E$113,"="&E17,C$14:C$113,"<>"))) | H17: =IF($C17="","",IFERROR(LEFT($C17,FIND("-",$C17)-1),$C17)) | I17: =TEXT(1000000000+J17,"|0000000000|")&TEXT(SUM(AK17:AT17),"0000000000|")&IF(SUM(BU17:CD17)=0,"0000000000|",TEXT(ROUND(SUM(BI17:BR17)/SUM(BU17:CD17),4)*100000,"0000000000|"))&IF(P17=0,"0000000000|",TEXT(ROUND(O17/P17,4)*100000,"0000000000|")) | J17: =L17*constPuntiVittoria+M17*constPuntiSconfitta+N17*constPuntiForfait+IF(D17="",0,D17) | K17: =SUM(L17:N17) | L17: =IF($H17="",0,SUMIF(Dati!$A$2:$A$451,$H17,Dati!$B$2:$B$451)+SUMIF(Dati!$H$2:$H$451,$H17,Dati!$I$2:$I$451)) | M17: =IF($H17="",0,SUMIF(Dati!$A$2:$A$451,$H17,Dati!$D$2:$D$451)+SUMIF(Dati!$H$2:$H$451,$H17,Dati!$K$2:$K$451)) | N17: =IF($H17="",0,SUMIF(Dati!$A$2:$A$451,$H17,Dati!$C$2:$C$451)+SUMIF(Dati!$H$2:$H$451,$H17,Dati!$J$2:$J$451)) | O17: =IF($H17="",0,SUMIF(Dati!$A$2:$A$451,$H17,Dati!$E$2:$E$451)+SUMIF(Dati!$H$2:$H$451,$H17,Dati!$L$2:$L$451)) | P17: =IF($H17="",0,SUMIF(Dati!$A$2:$A$451,$H17,Dati!$F$2:$F$451)+SUMIF(Dati!$H$2:$H$451,$H17,Dati!$M$2:$M$451)) | Q17: =IF($H17="",0,SUMIF(Dati!$A$2:$A$451,$H17,Dati!$G$2:$G$451)+SUMIF(Dati!$H$2:$H$451,$H17,Dati!$N$2:$N$451)) | R17: =IF(K17=0,0,ROUND(O17/K17,2)) | S17: =IF(K17=0,0,ROUND(P17/K17,2)) | T17: =IF(K17=0,0,ROUND(Q17/K17,2)) | U17: =IF(COUNTIFS($E$14:$E$113,$E17,$J$14:$J$113,$J17,$C$14:$C$113,"<>")<=1,"-",SUM(AK17:AT17)&"-"&SUM(AW17:BF17)) | V17: =IF(COUNTIFS($E$14:$E$113,$E17,$J$14:$J$113,$J17,$C$14:$C$113,"<>",$CF$14:$CF$113,$CF17)<=1,"-",IF(SUM(BU17:CD17)=0,0,ROUND(SUM(BI17:BR17)/SUM(BU17:CD17),3))) | W17: =IF(COUNTIFS($E$14:$E$113,$E17,$J$14:$J$113,$J17,$C$14:$C$113,"<>",$CF$14:$CF$113,$CF17,$V$14:$V$113,$V17)<=1,"-",IF(P17=0,0,ROUND(O17/P17,3))) | X17: =IF($C17="","",$E17&"#"&COUNTIFS($E$14:$E17,$E17,$C$14:$C17,"<>")) | Y17: =IFERROR(INDEX($H$14:$H$113,MATCH($E17&"#1",$X$14:$X$113,0)),"") | Z17: =IFERROR(INDEX($H$14:$H$113,MATCH($E17&"#2",$X$14:$X$113,0)),"") | AA17: =IFERROR(INDEX($H$14:$H$113,MATCH($E17&"#3",$X$14:$X$113,0)),"") | AB17: =IFERROR(INDEX($H$14:$H$113,MATCH($E17&"#4",$X$14:$X$113,0)),"") | AC17: =IFERROR(INDEX($H$14:$H$113,MATCH($E17&"#5",$X$14:$X$113,0)),"") | AD17: =IFERROR(INDEX($H$14:$H$113,MATCH($E17&"#6",$X$14:$X$113,0)),"") | AE17: =IFERROR(INDEX($H$14:$H$113,MATCH($E17&"#7",$X$14:$X$113,0)),"") | AF17: =IFERROR(INDEX($H$14:$H$113,MATCH($E17&"#8",$X$14:$X$113,0)),"") | AG17: =IFERROR(INDEX($H$14:$H$113,MATCH($E17&"#9",$X$14:$X$113,0)),"") | AH17: =IFERROR(INDEX($H$14:$H$113,MATCH($E17&"#10",$X$14:$X$113,0)),"") | AJ17: =$C17 | AK17: =IF(AND($H17<>"",$Y17<>"",$H17<>$Y17,IFERROR(VLOOKUP($H17,areaCercaPuntiClassificaSquadra,3,FALSE),-1)=IFERROR(VLOOKUP($Y17,areaCercaPuntiClassificaSquadra,3,FALSE),-2)),SUMIFS(Dati!$B$2:$B$451,Dati!$A$2:$A$451,$H17,Dati!$H$2:$H$451,$Y17)+SUMIFS(Dati!$I$2:$I$451,Dati!$H$2:$H$451,$H17,Dati!$A$2:$A$451,$Y17),"-") | AL17: =IF(AND($H17<>"",$Z17<>"",$H17<>$Z17,IFERROR(VLOOKUP($H17,areaCercaPuntiClassificaSquadra,3,FALSE),-1)=IFERROR(VLOOKUP($Z17,areaCercaPuntiClassificaSquadra,3,FALSE),-2)),SUMIFS(Dati!$B$2:$B$451,Dati!$A$2:$A$451,$H17,Dati!$H$2:$H$451,$Z17)+SUMIFS(Dati!$I$2:$I$451,Dati!$H$2:$H$451,$H17,Dati!$A$2:$A$451,$Z17),"-") | AM17: =IF(AND($H17<>"",$AA17<>"",$H17<>$AA17,IFERROR(VLOOKUP($H17,areaCercaPuntiClassificaSquadra,3,FALSE),-1)=IFERROR(VLOOKUP($AA17,areaCercaPuntiClassificaSquadra,3,FALSE),-2)),SUMIFS(Dati!$B$2:$B$451,Dati!$A$2:$A$451,$H17,Dati!$H$2:$H$451,$AA17)+SUMIFS(Dati!$I$2:$I$451,Dati!$H$2:$H$451,$H17,Dati!$A$2:$A$451,$AA17),"-") | AN17: =IF(AND($H17<>"",$AB17<>"",$H17<>$AB17,IFERROR(VLOOKUP($H17,areaCercaPuntiClassificaSquadra,3,FALSE),-1)=IFERROR(VLOOKUP($AB17,areaCercaPuntiClassificaSquadra,3,FALSE),-2)),SUMIFS(Dati!$B$2:$B$451,Dati!$A$2:$A$451,$H17,Dati!$H$2:$H$451,$AB17)+SUMIFS(Dati!$I$2:$I$451,Dati!$H$2:$H$451,$H17,Dati!$A$2:$A$451,$AB17),"-") | AO17: =IF(AND($H17<>"",$AC17<>"",$H17<>$AC17,IFERROR(VLOOKUP($H17,areaCercaPuntiClassificaSquadra,3,FALSE),-1)=IFERROR(VLOOKUP($AC17,areaCercaPuntiClassificaSquadra,3,FALSE),-2)),SUMIFS(Dati!$B$2:$B$451,Dati!$A$2:$A$451,$H17,Dati!$H$2:$H$451,$AC17)+SUMIFS(Dati!$I$2:$I$451,Dati!$H$2:$H$451,$H17,Dati!$A$2:$A$451,$AC17),"-") | AP17: =IF(AND($H17<>"",$AD17<>"",$H17<>$AD17,IFERROR(VLOOKUP($H17,areaCercaPuntiClassificaSquadra,3,FALSE),-1)=IFERROR(VLOOKUP($AD17,areaCercaPuntiClassificaSquadra,3,FALSE),-2)),SUMIFS(Dati!$B$2:$B$451,Dati!$A$2:$A$451,$H17,Dati!$H$2:$H$451,$AD17)+SUMIFS(Dati!$I$2:$I$451,Dati!$H$2:$H$451,$H17,Dati!$A$2:$A$451,$AD17),"-") | AQ17: =IF(AND($H17<>"",$AE17<>"",$H17<>$AE17,IFERROR(VLOOKUP($H17,areaCercaPuntiClassificaSquadra,3,FALSE),-1)=IFERROR(VLOOKUP($AE17,areaCercaPuntiClassificaSquadra,3,FALSE),-2)),SUMIFS(Dati!$B$2:$B$451,Dati!$A$2:$A$451,$H17,Dati!$H$2:$H$451,$AE17)+SUMIFS(Dati!$I$2:$I$451,Dati!$H$2:$H$451,$H17,Dati!$A$2:$A$451,$AE17),"-") | AR17: =IF(AND($H17<>"",$AF17<>"",$H17<>$AF17,IFERROR(VLOOKUP($H17,areaCercaPuntiClassificaSquadra,3,FALSE),-1)=IFERROR(VLOOKUP($AF17,areaCercaPuntiClassificaSquadra,3,FALSE),-2)),SUMIFS(Dati!$B$2:$B$451,Dati!$A$2:$A$451,$H17,Dati!$H$2:$H$451,$AF17)+SUMIFS(Dati!$I$2:$I$451,Dati!$H$2:$H$451,$H17,Dati!$A$2:$A$451,$AF17),"-") | AS17: =IF(AND($H17<>"",$AG17<>"",$H17<>$AG17,IFERROR(VLOOKUP($H17,areaCercaPuntiClassificaSquadra,3,FALSE),-1)=IFERROR(VLOOKUP($AG17,areaCercaPuntiClassificaSquadra,3,FALSE),-2)),SUMIFS(Dati!$B$2:$B$451,Dati!$A$2:$A$451,$H17,Dati!$H$2:$H$451,$AG17)+SUMIFS(Dati!$I$2:$I$451,Dati!$H$2:$H$451,$H17,Dati!$A$2:$A$451,$AG17),"-") | AT17: =IF(AND($H17<>"",$AH17<>"",$H17<>$AH17,IFERROR(VLOOKUP($H17,areaCercaPuntiClassificaSquadra,3,FALSE),-1)=IFERROR(VLOOKUP($AH17,areaCercaPuntiClassificaSquadra,3,FALSE),-2)),SUMIFS(Dati!$B$2:$B$451,Dati!$A$2:$A$451,$H17,Dati!$H$2:$H$451,$AH17)+SUMIFS(Dati!$I$2:$I$451,Dati!$H$2:$H$451,$H17,Dati!$A$2:$A$451,$AH17),"-") | AV17: =$C17 | AW17: =IF(AND($H17<>"",$Y17<>"",$H17<>$Y17,IFERROR(VLOOKUP($H17,areaCercaPuntiClassificaSquadra,3,FALSE),-1)=IFERROR(VLOOKUP($Y17,areaCercaPuntiClassificaSquadra,3,FALSE),-2)),SUMIFS(Dati!$D$2:$D$451,Dati!$A$2:$A$451,$H17,Dati!$H$2:$H$451,$Y17)+SUMIFS(Dati!$K$2:$K$451,Dati!$H$2:$H$451,$H17,Dati!$A$2:$A$451,$Y17)+SUMIFS(Dati!$C$2:$C$451,Dati!$A$2:$A$451,$H17,Dati!$H$2:$H$451,$Y17)+SUMIFS(Dati!$J$2:$J$451,Dati!$H$2:$H$451,$H17,Dati!$A$2:$A$451,$Y17),"-") | AX17: =IF(AND($H17<>"",$Z17<>"",$H17<>$Z17,IFERROR(VLOOKUP($H17,areaCercaPuntiClassificaSquadra,3,FALSE),-1)=IFERROR(VLOOKUP($Z17,areaCercaPuntiClassificaSquadra,3,FALSE),-2)),SUMIFS(Dati!$D$2:$D$451,Dati!$A$2:$A$451,$H17,Dati!$H$2:$H$451,$Z17)+SUMIFS(Dati!$K$2:$K$451,Dati!$H$2:$H$451,$H17,Dati!$A$2:$A$451,$Z17)+SUMIFS(Dati!$C$2:$C$451,Dati!$A$2:$A$451,$H17,Dati!$H$2:$H$451,$Z17)+SUMIFS(Dati!$J$2:$J$451,Dati!$H$2:$H$451,$H17,Dati!$A$2:$A$451,$Z17),"-") | AY17: =IF(AND($H17<>"",$AA17<>"",$H17<>$AA17,IFERROR(VLOOKUP($H17,areaCercaPuntiClassificaSquadra,3,FALSE),-1)=IFERROR(VLOOKUP($AA17,areaCercaPuntiClassificaSquadra,3,FALSE),-2)),SUMIFS(Dati!$D$2:$D$451,Dati!$A$2:$A$451,$H17,Dati!$H$2:$H$451,$AA17)+SUMIFS(Dati!$K$2:$K$451,Dati!$H$2:$H$451,$H17,Dati!$A$2:$A$451,$AA17)+SUMIFS(Dati!$C$2:$C$451,Dati!$A$2:$A$451,$H17,Dati!$H$2:$H$451,$AA17)+SUMIFS(Dati!$J$2:$J$451,Dati!$H$2:$H$451,$H17,Dati!$A$2:$A$451,$AA17),"-") | AZ17: =IF(AND($H17<>"",$AB17<>"",$H17<>$AB17,IFERROR(VLOOKUP($H17,areaCercaPuntiClassificaSquadra,3,FALSE),-1)=IFERROR(VLOOKUP($AB17,areaCercaPuntiClassificaSquadra,3,FALSE),-2)),SUMIFS(Dati!$D$2:$D$451,Dati!$A$2:$A$451,$H17,Dati!$H$2:$H$451,$AB17)+SUMIFS(Dati!$K$2:$K$451,Dati!$H$2:$H$451,$H17,Dati!$A$2:$A$451,$AB17)+SUMIFS(Dati!$C$2:$C$451,Dati!$A$2:$A$451,$H17,Dati!$H$2:$H$451,$AB17)+SUMIFS(Dati!$J$2:$J$451,Dati!$H$2:$H$451,$H17,Dati!$A$2:$A$451,$AB17),"-") | BA17: =IF(AND($H17<>"",$AC17<>"",$H17<>$AC17,IFERROR(VLOOKUP($H17,areaCercaPuntiClassificaSquadra,3,FALSE),-1)=IFERROR(VLOOKUP($AC17,areaCercaPuntiClassificaSquadra,3,FALSE),-2)),SUMIFS(Dati!$D$2:$D$451,Dati!$A$2:$A$451,$H17,Dati!$H$2:$H$451,$AC17)+SUMIFS(Dati!$K$2:$K$451,Dati!$H$2:$H$451,$H17,Dati!$A$2:$A$451,$AC17)+SUMIFS(Dati!$C$2:$C$451,Dati!$A$2:$A$451,$H17,Dati!$H$2:$H$451,$AC17)+SUMIFS(Dati!$J$2:$J$451,Dati!$H$2:$H$451,$H17,Dati!$A$2:$A$451,$AC17),"-") | BB17: =IF(AND($H17<>"",$AD17<>"",$H17<>$AD17,IFERROR(VLOOKUP($H17,areaCercaPuntiClassificaSquadra,3,FALSE),-1)=IFERROR(VLOOKUP($AD17,areaCercaPuntiClassificaSquadra,3,FALSE),-2)),SUMIFS(Dati!$D$2:$D$451,Dati!$A$2:$A$451,$H17,Dati!$H$2:$H$451,$AD17)+SUMIFS(Dati!$K$2:$K$451,Dati!$H$2:$H$451,$H17,Dati!$A$2:$A$451,$AD17)+SUMIFS(Dati!$C$2:$C$451,Dati!$A$2:$A$451,$H17,Dati!$H$2:$H$451,$AD17)+SUMIFS(Dati!$J$2:$J$451,Dati!$H$2:$H$451,$H17,Dati!$A$2:$A$451,$AD17),"-") | BC17: =IF(AND($H17<>"",$AE17<>"",$H17<>$AE17,IFERROR(VLOOKUP($H17,areaCercaPuntiClassificaSquadra,3,FALSE),-1)=IFERROR(VLOOKUP($AE17,areaCercaPuntiClassificaSquadra,3,FALSE),-2)),SUMIFS(Dati!$D$2:$D$451,Dati!$A$2:$A$451,$H17,Dati!$H$2:$H$451,$AE17)+SUMIFS(Dati!$K$2:$K$451,Dati!$H$2:$H$451,$H17,Dati!$A$2:$A$451,$AE17)+SUMIFS(Dati!$C$2:$C$451,Dati!$A$2:$A$451,$H17,Dati!$H$2:$H$451,$AE17)+SUMIFS(Dati!$J$2:$J$451,Dati!$H$2:$H$451,$H17,Dati!$A$2:$A$451,$AE17),"-") | BD17: =IF(AND($H17<>"",$AF17<>"",$H17<>$AF17,IFERROR(VLOOKUP($H17,areaCercaPuntiClassificaSquadra,3,FALSE),-1)=IFERROR(VLOOKUP($AF17,areaCercaPuntiClassificaSquadra,3,FALSE),-2)),SUMIFS(Dati!$D$2:$D$451,Dati!$A$2:$A$451,$H17,Dati!$H$2:$H$451,$AF17)+SUMIFS(Dati!$K$2:$K$451,Dati!$H$2:$H$451,$H17,Dati!$A$2:$A$451,$AF17)+SUMIFS(Dati!$C$2:$C$451,Dati!$A$2:$A$451,$H17,Dati!$H$2:$H$451,$AF17)+SUMIFS(Dati!$J$2:$J$451,Dati!$H$2:$H$451,$H17,Dati!$A$2:$A$451,$AF17),"-") | BE17: =IF(AND($H17<>"",$AG17<>"",$H17<>$AG17,IFERROR(VLOOKUP($H17,areaCercaPuntiClassificaSquadra,3,FALSE),-1)=IFERROR(VLOOKUP($AG17,areaCercaPuntiClassificaSquadra,3,FALSE),-2)),SUMIFS(Dati!$D$2:$D$451,Dati!$A$2:$A$451,$H17,Dati!$H$2:$H$451,$AG17)+SUMIFS(Dati!$K$2:$K$451,Dati!$H$2:$H$451,$H17,Dati!$A$2:$A$451,$AG17)+SUMIFS(Dati!$C$2:$C$451,Dati!$A$2:$A$451,$H17,Dati!$H$2:$H$451,$AG17)+SUMIFS(Dati!$J$2:$J$451,Dati!$H$2:$H$451,$H17,Dati!$A$2:$A$451,$AG17),"-") | BF17: =IF(AND($H17<>"",$AH17<>"",$H17<>$AH17,IFERROR(VLOOKUP($H17,areaCercaPuntiClassificaSquadra,3,FALSE),-1)=IFERROR(VLOOKUP($AH17,areaCercaPuntiClassificaSquadra,3,FALSE),-2)),SUMIFS(Dati!$D$2:$D$451,Dati!$A$2:$A$451,$H17,Dati!$H$2:$H$451,$AH17)+SUMIFS(Dati!$K$2:$K$451,Dati!$H$2:$H$451,$H17,Dati!$A$2:$A$451,$AH17)+SUMIFS(Dati!$C$2:$C$451,Dati!$A$2:$A$451,$H17,Dati!$H$2:$H$451,$AH17)+SUMIFS(Dati!$J$2:$J$451,Dati!$H$2:$H$451,$H17,Dati!$A$2:$A$451,$AH17),"-") | BH17: =$C17 | BI17: =IF(AND($H17<>"",$Y17<>"",$H17<>$Y17,IFERROR(VLOOKUP($H17,areaCercaPuntiClassificaSquadra,3,FALSE),-1)=IFERROR(VLOOKUP($Y17,areaCercaPuntiClassificaSquadra,3,FALSE),-2)),SUMIFS(Dati!$E$2:$E$451,Dati!$A$2:$A$451,$H17,Dati!$H$2:$H$451,$Y17)+SUMIFS(Dati!$L$2:$L$451,Dati!$H$2:$H$451,$H17,Dati!$A$2:$A$451,$Y17),"-") | BJ17: =IF(AND($H17<>"",$Z17<>"",$H17<>$Z17,IFERROR(VLOOKUP($H17,areaCercaPuntiClassificaSquadra,3,FALSE),-1)=IFERROR(VLOOKUP($Z17,areaCercaPuntiClassificaSquadra,3,FALSE),-2)),SUMIFS(Dati!$E$2:$E$451,Dati!$A$2:$A$451,$H17,Dati!$H$2:$H$451,$Z17)+SUMIFS(Dati!$L$2:$L$451,Dati!$H$2:$H$451,$H17,Dati!$A$2:$A$451,$Z17),"-") | BK17: =IF(AND($H17<>"",$AA17<>"",$H17<>$AA17,IFERROR(VLOOKUP($H17,areaCercaPuntiClassificaSquadra,3,FALSE),-1)=IFERROR(VLOOKUP($AA17,areaCercaPuntiClassificaSquadra,3,FALSE),-2)),SUMIFS(Dati!$E$2:$E$451,Dati!$A$2:$A$451,$H17,Dati!$H$2:$H$451,$AA17)+SUMIFS(Dati!$L$2:$L$451,Dati!$H$2:$H$451,$H17,Dati!$A$2:$A$451,$AA17),"-") | BL17: =IF(AND($H17<>"",$AB17<>"",$H17<>$AB17,IFERROR(VLOOKUP($H17,areaCercaPuntiClassificaSquadra,3,FALSE),-1)=IFERROR(VLOOKUP($AB17,areaCercaPuntiClassificaSquadra,3,FALSE),-2)),SUMIFS(Dati!$E$2:$E$451,Dati!$A$2:$A$451,$H17,Dati!$H$2:$H$451,$AB17)+SUMIFS(Dati!$L$2:$L$451,Dati!$H$2:$H$451,$H17,Dati!$A$2:$A$451,$AB17),"-") | BM17: =IF(AND($H17<>"",$AC17<>"",$H17<>$AC17,IFERROR(VLOOKUP($H17,areaCercaPuntiClassificaSquadra,3,FALSE),-1)=IFERROR(VLOOKUP($AC17,areaCercaPuntiClassificaSquadra,3,FALSE),-2)),SUMIFS(Dati!$E$2:$E$451,Dati!$A$2:$A$451,$H17,Dati!$H$2:$H$451,$AC17)+SUMIFS(Dati!$L$2:$L$451,Dati!$H$2:$H$451,$H17,Dati!$A$2:$A$451,$AC17),"-") | BN17: =IF(AND($H17<>"",$AD17<>"",$H17<>$AD17,IFERROR(VLOOKUP($H17,areaCercaPuntiClassificaSquadra,3,FALSE),-1)=IFERROR(VLOOKUP($AD17,areaCercaPuntiClassificaSquadra,3,FALSE),-2)),SUMIFS(Dati!$E$2:$E$451,Dati!$A$2:$A$451,$H17,Dati!$H$2:$H$451,$AD17)+SUMIFS(Dati!$L$2:$L$451,Dati!$H$2:$H$451,$H17,Dati!$A$2:$A$451,$AD17),"-") | BO17: =IF(AND($H17<>"",$AE17<>"",$H17<>$AE17,IFERROR(VLOOKUP($H17,areaCercaPuntiClassificaSquadra,3,FALSE),-1)=IFERROR(VLOOKUP($AE17,areaCercaPuntiClassificaSquadra,3,FALSE),-2)),SUMIFS(Dati!$E$2:$E$451,Dati!$A$2:$A$451,$H17,Dati!$H$2:$H$451,$AE17)+SUMIFS(Dati!$L$2:$L$451,Dati!$H$2:$H$451,$H17,Dati!$A$2:$A$451,$AE17),"-") | BP17: =IF(AND($H17<>"",$AF17<>"",$H17<>$AF17,IFERROR(VLOOKUP($H17,areaCercaPuntiClassificaSquadra,3,FALSE),-1)=IFERROR(VLOOKUP($AF17,areaCercaPuntiClassificaSquadra,3,FALSE),-2)),SUMIFS(Dati!$E$2:$E$451,Dati!$A$2:$A$451,$H17,Dati!$H$2:$H$451,$AF17)+SUMIFS(Dati!$L$2:$L$451,Dati!$H$2:$H$451,$H17,Dati!$A$2:$A$451,$AF17),"-") | BQ17: =IF(AND($H17<>"",$AG17<>"",$H17<>$AG17,IFERROR(VLOOKUP($H17,areaCercaPuntiClassificaSquadra,3,FALSE),-1)=IFERROR(VLOOKUP($AG17,areaCercaPuntiClassificaSquadra,3,FALSE),-2)),SUMIFS(Dati!$E$2:$E$451,Dati!$A$2:$A$451,$H17,Dati!$H$2:$H$451,$AG17)+SUMIFS(Dati!$L$2:$L$451,Dati!$H$2:$H$451,$H17,Dati!$A$2:$A$451,$AG17),"-") | BR17: =IF(AND($H17<>"",$AH17<>"",$H17<>$AH17,IFERROR(VLOOKUP($H17,areaCercaPuntiClassificaSquadra,3,FALSE),-1)=IFERROR(VLOOKUP($AH17,areaCercaPuntiClassificaSquadra,3,FALSE),-2)),SUMIFS(Dati!$E$2:$E$451,Dati!$A$2:$A$451,$H17,Dati!$H$2:$H$451,$AH17)+SUMIFS(Dati!$L$2:$L$451,Dati!$H$2:$H$451,$H17,Dati!$A$2:$A$451,$AH17),"-") | BT17: =$C17 | BU17: =IF(AND($H17<>"",$Y17<>"",$H17<>$Y17,IFERROR(VLOOKUP($H17,areaCercaPuntiClassificaSquadra,3,FALSE),-1)=IFERROR(VLOOKUP($Y17,areaCercaPuntiClassificaSquadra,3,FALSE),-2)),SUMIFS(Dati!$F$2:$F$451,Dati!$A$2:$A$451,$H17,Dati!$H$2:$H$451,$Y17)+SUMIFS(Dati!$M$2:$M$451,Dati!$H$2:$H$451,$H17,Dati!$A$2:$A$451,$Y17),"-") | BV17: =IF(AND($H17<>"",$Z17<>"",$H17<>$Z17,IFERROR(VLOOKUP($H17,areaCercaPuntiClassificaSquadra,3,FALSE),-1)=IFERROR(VLOOKUP($Z17,areaCercaPuntiClassificaSquadra,3,FALSE),-2)),SUMIFS(Dati!$F$2:$F$451,Dati!$A$2:$A$451,$H17,Dati!$H$2:$H$451,$Z17)+SUMIFS(Dati!$M$2:$M$451,Dati!$H$2:$H$451,$H17,Dati!$A$2:$A$451,$Z17),"-") | BW17: =IF(AND($H17<>"",$AA17<>"",$H17<>$AA17,IFERROR(VLOOKUP($H17,areaCercaPuntiClassificaSquadra,3,FALSE),-1)=IFERROR(VLOOKUP($AA17,areaCercaPuntiClassificaSquadra,3,FALSE),-2)),SUMIFS(Dati!$F$2:$F$451,Dati!$A$2:$A$451,$H17,Dati!$H$2:$H$451,$AA17)+SUMIFS(Dati!$M$2:$M$451,Dati!$H$2:$H$451,$H17,Dati!$A$2:$A$451,$AA17),"-") | BX17: =IF(AND($H17<>"",$AB17<>"",$H17<>$AB17,IFERROR(VLOOKUP($H17,areaCercaPuntiClassificaSquadra,3,FALSE),-1)=IFERROR(VLOOKUP($AB17,areaCercaPuntiClassificaSquadra,3,FALSE),-2)),SUMIFS(Dati!$F$2:$F$451,Dati!$A$2:$A$451,$H17,Dati!$H$2:$H$451,$AB17)+SUMIFS(Dati!$M$2:$M$451,Dati!$H$2:$H$451,$H17,Dati!$A$2:$A$451,$AB17),"-") | BY17: =IF(AND($H17<>"",$AC17<>"",$H17<>$AC17,IFERROR(VLOOKUP($H17,areaCercaPuntiClassificaSquadra,3,FALSE),-1)=IFERROR(VLOOKUP($AC17,areaCercaPuntiClassificaSquadra,3,FALSE),-2)),SUMIFS(Dati!$F$2:$F$451,Dati!$A$2:$A$451,$H17,Dati!$H$2:$H$451,$AC17)+SUMIFS(Dati!$M$2:$M$451,Dati!$H$2:$H$451,$H17,Dati!$A$2:$A$451,$AC17),"-") | BZ17: =IF(AND($H17<>"",$AD17<>"",$H17<>$AD17,IFERROR(VLOOKUP($H17,areaCercaPuntiClassificaSquadra,3,FALSE),-1)=IFERROR(VLOOKUP($AD17,areaCercaPuntiClassificaSquadra,3,FALSE),-2)),SUMIFS(Dati!$F$2:$F$451,Dati!$A$2:$A$451,$H17,Dati!$H$2:$H$451,$AD17)+SUMIFS(Dati!$M$2:$M$451,Dati!$H$2:$H$451,$H17,Dati!$A$2:$A$451,$AD17),"-") | CA17: =IF(AND($H17<>"",$AE17<>"",$H17<>$AE17,IFERROR(VLOOKUP($H17,areaCercaPuntiClassificaSquadra,3,FALSE),-1)=IFERROR(VLOOKUP($AE17,areaCercaPuntiClassificaSquadra,3,FALSE),-2)),SUMIFS(Dati!$F$2:$F$451,Dati!$A$2:$A$451,$H17,Dati!$H$2:$H$451,$AE17)+SUMIFS(Dati!$M$2:$M$451,Dati!$H$2:$H$451,$H17,Dati!$A$2:$A$451,$AE17),"-") | CB17: =IF(AND($H17<>"",$AF17<>"",$H17<>$AF17,IFERROR(VLOOKUP($H17,areaCercaPuntiClassificaSquadra,3,FALSE),-1)=IFERROR(VLOOKUP($AF17,areaCercaPuntiClassificaSquadra,3,FALSE),-2)),SUMIFS(Dati!$F$2:$F$451,Dati!$A$2:$A$451,$H17,Dati!$H$2:$H$451,$AF17)+SUMIFS(Dati!$M$2:$M$451,Dati!$H$2:$H$451,$H17,Dati!$A$2:$A$451,$AF17),"-") | CC17: =IF(AND($H17<>"",$AG17<>"",$H17<>$AG17,IFERROR(VLOOKUP($H17,areaCercaPuntiClassificaSquadra,3,FALSE),-1)=IFERROR(VLOOKUP($AG17,areaCercaPuntiClassificaSquadra,3,FALSE),-2)),SUMIFS(Dati!$F$2:$F$451,Dati!$A$2:$A$451,$H17,Dati!$H$2:$H$451,$AG17)+SUMIFS(Dati!$M$2:$M$451,Dati!$H$2:$H$451,$H17,Dati!$A$2:$A$451,$AG17),"-") | CD17: =IF(AND($H17<>"",$AH17<>"",$H17<>$AH17,IFERROR(VLOOKUP($H17,areaCercaPuntiClassificaSquadra,3,FALSE),-1)=IFERROR(VLOOKUP($AH17,areaCercaPuntiClassificaSquadra,3,FALSE),-2)),SUMIFS(Dati!$F$2:$F$451,Dati!$A$2:$A$451,$H17,Dati!$H$2:$H$451,$AH17)+SUMIFS(Dati!$M$2:$M$451,Dati!$H$2:$H$451,$H17,Dati!$A$2:$A$451,$AH17),"-") | CF17: =IF($C17="","",SUM(AK17:AT17))
B18: A05 | E18: A | G18: =IF($C18="","",$E18&(COUNTIFS(I$14:I$113,">"&I18,E$14:E$113,"="&E18,C$14:C$113,"<>")+COUNTIFS(I$14:I$113,"="&I18,H$14:H$113,"<="&H18,E$14:E$113,"="&E18,C$14:C$113,"<>"))) | H18: =IF($C18="","",IFERROR(LEFT($C18,FIND("-",$C18)-1),$C18)) | I18: =TEXT(1000000000+J18,"|0000000000|")&TEXT(SUM(AK18:AT18),"0000000000|")&IF(SUM(BU18:CD18)=0,"0000000000|",TEXT(ROUND(SUM(BI18:BR18)/SUM(BU18:CD18),4)*100000,"0000000000|"))&IF(P18=0,"0000000000|",TEXT(ROUND(O18/P18,4)*100000,"0000000000|")) | J18: =L18*constPuntiVittoria+M18*constPuntiSconfitta+N18*constPuntiForfait+IF(D18="",0,D18) | K18: =SUM(L18:N18) | L18: =IF($H18="",0,SUMIF(Dati!$A$2:$A$451,$H18,Dati!$B$2:$B$451)+SUMIF(Dati!$H$2:$H$451,$H18,Dati!$I$2:$I$451)) | M18: =IF($H18="",0,SUMIF(Dati!$A$2:$A$451,$H18,Dati!$D$2:$D$451)+SUMIF(Dati!$H$2:$H$451,$H18,Dati!$K$2:$K$451)) | N18: =IF($H18="",0,SUMIF(Dati!$A$2:$A$451,$H18,Dati!$C$2:$C$451)+SUMIF(Dati!$H$2:$H$451,$H18,Dati!$J$2:$J$451)) | O18: =IF($H18="",0,SUMIF(Dati!$A$2:$A$451,$H18,Dati!$E$2:$E$451)+SUMIF(Dati!$H$2:$H$451,$H18,Dati!$L$2:$L$451)) | P18: =IF($H18="",0,SUMIF(Dati!$A$2:$A$451,$H18,Dati!$F$2:$F$451)+SUMIF(Dati!$H$2:$H$451,$H18,Dati!$M$2:$M$451)) | Q18: =IF($H18="",0,SUMIF(Dati!$A$2:$A$451,$H18,Dati!$G$2:$G$451)+SUMIF(Dati!$H$2:$H$451,$H18,Dati!$N$2:$N$451)) | R18: =IF(K18=0,0,ROUND(O18/K18,2)) | S18: =IF(K18=0,0,ROUND(P18/K18,2)) | T18: =IF(K18=0,0,ROUND(Q18/K18,2)) | U18: =IF(COUNTIFS($E$14:$E$113,$E18,$J$14:$J$113,$J18,$C$14:$C$113,"<>")<=1,"-",SUM(AK18:AT18)&"-"&SUM(AW18:BF18)) | V18: =IF(COUNTIFS($E$14:$E$113,$E18,$J$14:$J$113,$J18,$C$14:$C$113,"<>",$CF$14:$CF$113,$CF18)<=1,"-",IF(SUM(BU18:CD18)=0,0,ROUND(SUM(BI18:BR18)/SUM(BU18:CD18),3))) | W18: =IF(COUNTIFS($E$14:$E$113,$E18,$J$14:$J$113,$J18,$C$14:$C$113,"<>",$CF$14:$CF$113,$CF18,$V$14:$V$113,$V18)<=1,"-",IF(P18=0,0,ROUND(O18/P18,3))) | X18: =IF($C18="","",$E18&"#"&COUNTIFS($E$14:$E18,$E18,$C$14:$C18,"<>")) | Y18: =IFERROR(INDEX($H$14:$H$113,MATCH($E18&"#1",$X$14:$X$113,0)),"") | Z18: =IFERROR(INDEX($H$14:$H$113,MATCH($E18&"#2",$X$14:$X$113,0)),"") | AA18: =IFERROR(INDEX($H$14:$H$113,MATCH($E18&"#3",$X$14:$X$113,0)),"") | AB18: =IFERROR(INDEX($H$14:$H$113,MATCH($E18&"#4",$X$14:$X$113,0)),"") | AC18: =IFERROR(INDEX($H$14:$H$113,MATCH($E18&"#5",$X$14:$X$113,0)),"") | AD18: =IFERROR(INDEX($H$14:$H$113,MATCH($E18&"#6",$X$14:$X$113,0)),"") | AE18: =IFERROR(INDEX($H$14:$H$113,MATCH($E18&"#7",$X$14:$X$113,0)),"") | AF18: =IFERROR(INDEX($H$14:$H$113,MATCH($E18&"#8",$X$14:$X$113,0)),"") | AG18: =IFERROR(INDEX($H$14:$H$113,MATCH($E18&"#9",$X$14:$X$113,0)),"") | AH18: =IFERROR(INDEX($H$14:$H$113,MATCH($E18&"#10",$X$14:$X$113,0)),"") | AJ18: =$C18 | AK18: =IF(AND($H18<>"",$Y18<>"",$H18<>$Y18,IFERROR(VLOOKUP($H18,areaCercaPuntiClassificaSquadra,3,FALSE),-1)=IFERROR(VLOOKUP($Y18,areaCercaPuntiClassificaSquadra,3,FALSE),-2)),SUMIFS(Dati!$B$2:$B$451,Dati!$A$2:$A$451,$H18,Dati!$H$2:$H$451,$Y18)+SUMIFS(Dati!$I$2:$I$451,Dati!$H$2:$H$451,$H18,Dati!$A$2:$A$451,$Y18),"-") | AL18: =IF(AND($H18<>"",$Z18<>"",$H18<>$Z18,IFERROR(VLOOKUP($H18,areaCercaPuntiClassificaSquadra,3,FALSE),-1)=IFERROR(VLOOKUP($Z18,areaCercaPuntiClassificaSquadra,3,FALSE),-2)),SUMIFS(Dati!$B$2:$B$451,Dati!$A$2:$A$451,$H18,Dati!$H$2:$H$451,$Z18)+SUMIFS(Dati!$I$2:$I$451,Dati!$H$2:$H$451,$H18,Dati!$A$2:$A$451,$Z18),"-") | AM18: =IF(AND($H18<>"",$AA18<>"",$H18<>$AA18,IFERROR(VLOOKUP($H18,areaCercaPuntiClassificaSquadra,3,FALSE),-1)=IFERROR(VLOOKUP($AA18,areaCercaPuntiClassificaSquadra,3,FALSE),-2)),SUMIFS(Dati!$B$2:$B$451,Dati!$A$2:$A$451,$H18,Dati!$H$2:$H$451,$AA18)+SUMIFS(Dati!$I$2:$I$451,Dati!$H$2:$H$451,$H18,Dati!$A$2:$A$451,$AA18),"-") | AN18: =IF(AND($H18<>"",$AB18<>"",$H18<>$AB18,IFERROR(VLOOKUP($H18,areaCercaPuntiClassificaSquadra,3,FALSE),-1)=IFERROR(VLOOKUP($AB18,areaCercaPuntiClassificaSquadra,3,FALSE),-2)),SUMIFS(Dati!$B$2:$B$451,Dati!$A$2:$A$451,$H18,Dati!$H$2:$H$451,$AB18)+SUMIFS(Dati!$I$2:$I$451,Dati!$H$2:$H$451,$H18,Dati!$A$2:$A$451,$AB18),"-") | AO18: =IF(AND($H18<>"",$AC18<>"",$H18<>$AC18,IFERROR(VLOOKUP($H18,areaCercaPuntiClassificaSquadra,3,FALSE),-1)=IFERROR(VLOOKUP($AC18,areaCercaPuntiClassificaSquadra,3,FALSE),-2)),SUMIFS(Dati!$B$2:$B$451,Dati!$A$2:$A$451,$H18,Dati!$H$2:$H$451,$AC18)+SUMIFS(Dati!$I$2:$I$451,Dati!$H$2:$H$451,$H18,Dati!$A$2:$A$451,$AC18),"-") | AP18: =IF(AND($H18<>"",$AD18<>"",$H18<>$AD18,IFERROR(VLOOKUP($H18,areaCercaPuntiClassificaSquadra,3,FALSE),-1)=IFERROR(VLOOKUP($AD18,areaCercaPuntiClassificaSquadra,3,FALSE),-2)),SUMIFS(Dati!$B$2:$B$451,Dati!$A$2:$A$451,$H18,Dati!$H$2:$H$451,$AD18)+SUMIFS(Dati!$I$2:$I$451,Dati!$H$2:$H$451,$H18,Dati!$A$2:$A$451,$AD18),"-") | AQ18: =IF(AND($H18<>"",$AE18<>"",$H18<>$AE18,IFERROR(VLOOKUP($H18,areaCercaPuntiClassificaSquadra,3,FALSE),-1)=IFERROR(VLOOKUP($AE18,areaCercaPuntiClassificaSquadra,3,FALSE),-2)),SUMIFS(Dati!$B$2:$B$451,Dati!$A$2:$A$451,$H18,Dati!$H$2:$H$451,$AE18)+SUMIFS(Dati!$I$2:$I$451,Dati!$H$2:$H$451,$H18,Dati!$A$2:$A$451,$AE18),"-") | AR18: =IF(AND($H18<>"",$AF18<>"",$H18<>$AF18,IFERROR(VLOOKUP($H18,areaCercaPuntiClassificaSquadra,3,FALSE),-1)=IFERROR(VLOOKUP($AF18,areaCercaPuntiClassificaSquadra,3,FALSE),-2)),SUMIFS(Dati!$B$2:$B$451,Dati!$A$2:$A$451,$H18,Dati!$H$2:$H$451,$AF18)+SUMIFS(Dati!$I$2:$I$451,Dati!$H$2:$H$451,$H18,Dati!$A$2:$A$451,$AF18),"-") | AS18: =IF(AND($H18<>"",$AG18<>"",$H18<>$AG18,IFERROR(VLOOKUP($H18,areaCercaPuntiClassificaSquadra,3,FALSE),-1)=IFERROR(VLOOKUP($AG18,areaCercaPuntiClassificaSquadra,3,FALSE),-2)),SUMIFS(Dati!$B$2:$B$451,Dati!$A$2:$A$451,$H18,Dati!$H$2:$H$451,$AG18)+SUMIFS(Dati!$I$2:$I$451,Dati!$H$2:$H$451,$H18,Dati!$A$2:$A$451,$AG18),"-") | AT18: =IF(AND($H18<>"",$AH18<>"",$H18<>$AH18,IFERROR(VLOOKUP($H18,areaCercaPuntiClassificaSquadra,3,FALSE),-1)=IFERROR(VLOOKUP($AH18,areaCercaPuntiClassificaSquadra,3,FALSE),-2)),SUMIFS(Dati!$B$2:$B$451,Dati!$A$2:$A$451,$H18,Dati!$H$2:$H$451,$AH18)+SUMIFS(Dati!$I$2:$I$451,Dati!$H$2:$H$451,$H18,Dati!$A$2:$A$451,$AH18),"-") | AV18: =$C18 | AW18: =IF(AND($H18<>"",$Y18<>"",$H18<>$Y18,IFERROR(VLOOKUP($H18,areaCercaPuntiClassificaSquadra,3,FALSE),-1)=IFERROR(VLOOKUP($Y18,areaCercaPuntiClassificaSquadra,3,FALSE),-2)),SUMIFS(Dati!$D$2:$D$451,Dati!$A$2:$A$451,$H18,Dati!$H$2:$H$451,$Y18)+SUMIFS(Dati!$K$2:$K$451,Dati!$H$2:$H$451,$H18,Dati!$A$2:$A$451,$Y18)+SUMIFS(Dati!$C$2:$C$451,Dati!$A$2:$A$451,$H18,Dati!$H$2:$H$451,$Y18)+SUMIFS(Dati!$J$2:$J$451,Dati!$H$2:$H$451,$H18,Dati!$A$2:$A$451,$Y18),"-") | AX18: =IF(AND($H18<>"",$Z18<>"",$H18<>$Z18,IFERROR(VLOOKUP($H18,areaCercaPuntiClassificaSquadra,3,FALSE),-1)=IFERROR(VLOOKUP($Z18,areaCercaPuntiClassificaSquadra,3,FALSE),-2)),SUMIFS(Dati!$D$2:$D$451,Dati!$A$2:$A$451,$H18,Dati!$H$2:$H$451,$Z18)+SUMIFS(Dati!$K$2:$K$451,Dati!$H$2:$H$451,$H18,Dati!$A$2:$A$451,$Z18)+SUMIFS(Dati!$C$2:$C$451,Dati!$A$2:$A$451,$H18,Dati!$H$2:$H$451,$Z18)+SUMIFS(Dati!$J$2:$J$451,Dati!$H$2:$H$451,$H18,Dati!$A$2:$A$451,$Z18),"-") | AY18: =IF(AND($H18<>"",$AA18<>"",$H18<>$AA18,IFERROR(VLOOKUP($H18,areaCercaPuntiClassificaSquadra,3,FALSE),-1)=IFERROR(VLOOKUP($AA18,areaCercaPuntiClassificaSquadra,3,FALSE),-2)),SUMIFS(Dati!$D$2:$D$451,Dati!$A$2:$A$451,$H18,Dati!$H$2:$H$451,$AA18)+SUMIFS(Dati!$K$2:$K$451,Dati!$H$2:$H$451,$H18,Dati!$A$2:$A$451,$AA18)+SUMIFS(Dati!$C$2:$C$451,Dati!$A$2:$A$451,$H18,Dati!$H$2:$H$451,$AA18)+SUMIFS(Dati!$J$2:$J$451,Dati!$H$2:$H$451,$H18,Dati!$A$2:$A$451,$AA18),"-") | AZ18: =IF(AND($H18<>"",$AB18<>"",$H18<>$AB18,IFERROR(VLOOKUP($H18,areaCercaPuntiClassificaSquadra,3,FALSE),-1)=IFERROR(VLOOKUP($AB18,areaCercaPuntiClassificaSquadra,3,FALSE),-2)),SUMIFS(Dati!$D$2:$D$451,Dati!$A$2:$A$451,$H18,Dati!$H$2:$H$451,$AB18)+SUMIFS(Dati!$K$2:$K$451,Dati!$H$2:$H$451,$H18,Dati!$A$2:$A$451,$AB18)+SUMIFS(Dati!$C$2:$C$451,Dati!$A$2:$A$451,$H18,Dati!$H$2:$H$451,$AB18)+SUMIFS(Dati!$J$2:$J$451,Dati!$H$2:$H$451,$H18,Dati!$A$2:$A$451,$AB18),"-") | BA18: =IF(AND($H18<>"",$AC18<>"",$H18<>$AC18,IFERROR(VLOOKUP($H18,areaCercaPuntiClassificaSquadra,3,FALSE),-1)=IFERROR(VLOOKUP($AC18,areaCercaPuntiClassificaSquadra,3,FALSE),-2)),SUMIFS(Dati!$D$2:$D$451,Dati!$A$2:$A$451,$H18,Dati!$H$2:$H$451,$AC18)+SUMIFS(Dati!$K$2:$K$451,Dati!$H$2:$H$451,$H18,Dati!$A$2:$A$451,$AC18)+SUMIFS(Dati!$C$2:$C$451,Dati!$A$2:$A$451,$H18,Dati!$H$2:$H$451,$AC18)+SUMIFS(Dati!$J$2:$J$451,Dati!$H$2:$H$451,$H18,Dati!$A$2:$A$451,$AC18),"-") | BB18: =IF(AND($H18<>"",$AD18<>"",$H18<>$AD18,IFERROR(VLOOKUP($H18,areaCercaPuntiClassificaSquadra,3,FALSE),-1)=IFERROR(VLOOKUP($AD18,areaCercaPuntiClassificaSquadra,3,FALSE),-2)),SUMIFS(Dati!$D$2:$D$451,Dati!$A$2:$A$451,$H18,Dati!$H$2:$H$451,$AD18)+SUMIFS(Dati!$K$2:$K$451,Dati!$H$2:$H$451,$H18,Dati!$A$2:$A$451,$AD18)+SUMIFS(Dati!$C$2:$C$451,Dati!$A$2:$A$451,$H18,Dati!$H$2:$H$451,$AD18)+SUMIFS(Dati!$J$2:$J$451,Dati!$H$2:$H$451,$H18,Dati!$A$2:$A$451,$AD18),"-") | BC18: =IF(AND($H18<>"",$AE18<>"",$H18<>$AE18,IFERROR(VLOOKUP($H18,areaCercaPuntiClassificaSquadra,3,FALSE),-1)=IFERROR(VLOOKUP($AE18,areaCercaPuntiClassificaSquadra,3,FALSE),-2)),SUMIFS(Dati!$D$2:$D$451,Dati!$A$2:$A$451,$H18,Dati!$H$2:$H$451,$AE18)+SUMIFS(Dati!$K$2:$K$451,Dati!$H$2:$H$451,$H18,Dati!$A$2:$A$451,$AE18)+SUMIFS(Dati!$C$2:$C$451,Dati!$A$2:$A$451,$H18,Dati!$H$2:$H$451,$AE18)+SUMIFS(Dati!$J$2:$J$451,Dati!$H$2:$H$451,$H18,Dati!$A$2:$A$451,$AE18),"-") | BD18: =IF(AND($H18<>"",$AF18<>"",$H18<>$AF18,IFERROR(VLOOKUP($H18,areaCercaPuntiClassificaSquadra,3,FALSE),-1)=IFERROR(VLOOKUP($AF18,areaCercaPuntiClassificaSquadra,3,FALSE),-2)),SUMIFS(Dati!$D$2:$D$451,Dati!$A$2:$A$451,$H18,Dati!$H$2:$H$451,$AF18)+SUMIFS(Dati!$K$2:$K$451,Dati!$H$2:$H$451,$H18,Dati!$A$2:$A$451,$AF18)+SUMIFS(Dati!$C$2:$C$451,Dati!$A$2:$A$451,$H18,Dati!$H$2:$H$451,$AF18)+SUMIFS(Dati!$J$2:$J$451,Dati!$H$2:$H$451,$H18,Dati!$A$2:$A$451,$AF18),"-") | BE18: =IF(AND($H18<>"",$AG18<>"",$H18<>$AG18,IFERROR(VLOOKUP($H18,areaCercaPuntiClassificaSquadra,3,FALSE),-1)=IFERROR(VLOOKUP($AG18,areaCercaPuntiClassificaSquadra,3,FALSE),-2)),SUMIFS(Dati!$D$2:$D$451,Dati!$A$2:$A$451,$H18,Dati!$H$2:$H$451,$AG18)+SUMIFS(Dati!$K$2:$K$451,Dati!$H$2:$H$451,$H18,Dati!$A$2:$A$451,$AG18)+SUMIFS(Dati!$C$2:$C$451,Dati!$A$2:$A$451,$H18,Dati!$H$2:$H$451,$AG18)+SUMIFS(Dati!$J$2:$J$451,Dati!$H$2:$H$451,$H18,Dati!$A$2:$A$451,$AG18),"-") | BF18: =IF(AND($H18<>"",$AH18<>"",$H18<>$AH18,IFERROR(VLOOKUP($H18,areaCercaPuntiClassificaSquadra,3,FALSE),-1)=IFERROR(VLOOKUP($AH18,areaCercaPuntiClassificaSquadra,3,FALSE),-2)),SUMIFS(Dati!$D$2:$D$451,Dati!$A$2:$A$451,$H18,Dati!$H$2:$H$451,$AH18)+SUMIFS(Dati!$K$2:$K$451,Dati!$H$2:$H$451,$H18,Dati!$A$2:$A$451,$AH18)+SUMIFS(Dati!$C$2:$C$451,Dati!$A$2:$A$451,$H18,Dati!$H$2:$H$451,$AH18)+SUMIFS(Dati!$J$2:$J$451,Dati!$H$2:$H$451,$H18,Dati!$A$2:$A$451,$AH18),"-") | BH18: =$C18 | BI18: =IF(AND($H18<>"",$Y18<>"",$H18<>$Y18,IFERROR(VLOOKUP($H18,areaCercaPuntiClassificaSquadra,3,FALSE),-1)=IFERROR(VLOOKUP($Y18,areaCercaPuntiClassificaSquadra,3,FALSE),-2)),SUMIFS(Dati!$E$2:$E$451,Dati!$A$2:$A$451,$H18,Dati!$H$2:$H$451,$Y18)+SUMIFS(Dati!$L$2:$L$451,Dati!$H$2:$H$451,$H18,Dati!$A$2:$A$451,$Y18),"-") | BJ18: =IF(AND($H18<>"",$Z18<>"",$H18<>$Z18,IFERROR(VLOOKUP($H18,areaCercaPuntiClassificaSquadra,3,FALSE),-1)=IFERROR(VLOOKUP($Z18,areaCercaPuntiClassificaSquadra,3,FALSE),-2)),SUMIFS(Dati!$E$2:$E$451,Dati!$A$2:$A$451,$H18,Dati!$H$2:$H$451,$Z18)+SUMIFS(Dati!$L$2:$L$451,Dati!$H$2:$H$451,$H18,Dati!$A$2:$A$451,$Z18),"-") | BK18: =IF(AND($H18<>"",$AA18<>"",$H18<>$AA18,IFERROR(VLOOKUP($H18,areaCercaPuntiClassificaSquadra,3,FALSE),-1)=IFERROR(VLOOKUP($AA18,areaCercaPuntiClassificaSquadra,3,FALSE),-2)),SUMIFS(Dati!$E$2:$E$451,Dati!$A$2:$A$451,$H18,Dati!$H$2:$H$451,$AA18)+SUMIFS(Dati!$L$2:$L$451,Dati!$H$2:$H$451,$H18,Dati!$A$2:$A$451,$AA18),"-") | BL18: =IF(AND($H18<>"",$AB18<>"",$H18<>$AB18,IFERROR(VLOOKUP($H18,areaCercaPuntiClassificaSquadra,3,FALSE),-1)=IFERROR(VLOOKUP($AB18,areaCercaPuntiClassificaSquadra,3,FALSE),-2)),SUMIFS(Dati!$E$2:$E$451,Dati!$A$2:$A$451,$H18,Dati!$H$2:$H$451,$AB18)+SUMIFS(Dati!$L$2:$L$451,Dati!$H$2:$H$451,$H18,Dati!$A$2:$A$451,$AB18),"-") | BM18: =IF(AND($H18<>"",$AC18<>"",$H18<>$AC18,IFERROR(VLOOKUP($H18,areaCercaPuntiClassificaSquadra,3,FALSE),-1)=IFERROR(VLOOKUP($AC18,areaCercaPuntiClassificaSquadra,3,FALSE),-2)),SUMIFS(Dati!$E$2:$E$451,Dati!$A$2:$A$451,$H18,Dati!$H$2:$H$451,$AC18)+SUMIFS(Dati!$L$2:$L$451,Dati!$H$2:$H$451,$H18,Dati!$A$2:$A$451,$AC18),"-") | BN18: =IF(AND($H18<>"",$AD18<>"",$H18<>$AD18,IFERROR(VLOOKUP($H18,areaCercaPuntiClassificaSquadra,3,FALSE),-1)=IFERROR(VLOOKUP($AD18,areaCercaPuntiClassificaSquadra,3,FALSE),-2)),SUMIFS(Dati!$E$2:$E$451,Dati!$A$2:$A$451,$H18,Dati!$H$2:$H$451,$AD18)+SUMIFS(Dati!$L$2:$L$451,Dati!$H$2:$H$451,$H18,Dati!$A$2:$A$451,$AD18),"-") | BO18: =IF(AND($H18<>"",$AE18<>"",$H18<>$AE18,IFERROR(VLOOKUP($H18,areaCercaPuntiClassificaSquadra,3,FALSE),-1)=IFERROR(VLOOKUP($AE18,areaCercaPuntiClassificaSquadra,3,FALSE),-2)),SUMIFS(Dati!$E$2:$E$451,Dati!$A$2:$A$451,$H18,Dati!$H$2:$H$451,$AE18)+SUMIFS(Dati!$L$2:$L$451,Dati!$H$2:$H$451,$H18,Dati!$A$2:$A$451,$AE18),"-") | BP18: =IF(AND($H18<>"",$AF18<>"",$H18<>$AF18,IFERROR(VLOOKUP($H18,areaCercaPuntiClassificaSquadra,3,FALSE),-1)=IFERROR(VLOOKUP($AF18,areaCercaPuntiClassificaSquadra,3,FALSE),-2)),SUMIFS(Dati!$E$2:$E$451,Dati!$A$2:$A$451,$H18,Dati!$H$2:$H$451,$AF18)+SUMIFS(Dati!$L$2:$L$451,Dati!$H$2:$H$451,$H18,Dati!$A$2:$A$451,$AF18),"-") | BQ18: =IF(AND($H18<>"",$AG18<>"",$H18<>$AG18,IFERROR(VLOOKUP($H18,areaCercaPuntiClassificaSquadra,3,FALSE),-1)=IFERROR(VLOOKUP($AG18,areaCercaPuntiClassificaSquadra,3,FALSE),-2)),SUMIFS(Dati!$E$2:$E$451,Dati!$A$2:$A$451,$H18,Dati!$H$2:$H$451,$AG18)+SUMIFS(Dati!$L$2:$L$451,Dati!$H$2:$H$451,$H18,Dati!$A$2:$A$451,$AG18),"-") | BR18: =IF(AND($H18<>"",$AH18<>"",$H18<>$AH18,IFERROR(VLOOKUP($H18,areaCercaPuntiClassificaSquadra,3,FALSE),-1)=IFERROR(VLOOKUP($AH18,areaCercaPuntiClassificaSquadra,3,FALSE),-2)),SUMIFS(Dati!$E$2:$E$451,Dati!$A$2:$A$451,$H18,Dati!$H$2:$H$451,$AH18)+SUMIFS(Dati!$L$2:$L$451,Dati!$H$2:$H$451,$H18,Dati!$A$2:$A$451,$AH18),"-") | BT18: =$C18 | BU18: =IF(AND($H18<>"",$Y18<>"",$H18<>$Y18,IFERROR(VLOOKUP($H18,areaCercaPuntiClassificaSquadra,3,FALSE),-1)=IFERROR(VLOOKUP($Y18,areaCercaPuntiClassificaSquadra,3,FALSE),-2)),SUMIFS(Dati!$F$2:$F$451,Dati!$A$2:$A$451,$H18,Dati!$H$2:$H$451,$Y18)+SUMIFS(Dati!$M$2:$M$451,Dati!$H$2:$H$451,$H18,Dati!$A$2:$A$451,$Y18),"-") | BV18: =IF(AND($H18<>"",$Z18<>"",$H18<>$Z18,IFERROR(VLOOKUP($H18,areaCercaPuntiClassificaSquadra,3,FALSE),-1)=IFERROR(VLOOKUP($Z18,areaCercaPuntiClassificaSquadra,3,FALSE),-2)),SUMIFS(Dati!$F$2:$F$451,Dati!$A$2:$A$451,$H18,Dati!$H$2:$H$451,$Z18)+SUMIFS(Dati!$M$2:$M$451,Dati!$H$2:$H$451,$H18,Dati!$A$2:$A$451,$Z18),"-") | BW18: =IF(AND($H18<>"",$AA18<>"",$H18<>$AA18,IFERROR(VLOOKUP($H18,areaCercaPuntiClassificaSquadra,3,FALSE),-1)=IFERROR(VLOOKUP($AA18,areaCercaPuntiClassificaSquadra,3,FALSE),-2)),SUMIFS(Dati!$F$2:$F$451,Dati!$A$2:$A$451,$H18,Dati!$H$2:$H$451,$AA18)+SUMIFS(Dati!$M$2:$M$451,Dati!$H$2:$H$451,$H18,Dati!$A$2:$A$451,$AA18),"-") | BX18: =IF(AND($H18<>"",$AB18<>"",$H18<>$AB18,IFERROR(VLOOKUP($H18,areaCercaPuntiClassificaSquadra,3,FALSE),-1)=IFERROR(VLOOKUP($AB18,areaCercaPuntiClassificaSquadra,3,FALSE),-2)),SUMIFS(Dati!$F$2:$F$451,Dati!$A$2:$A$451,$H18,Dati!$H$2:$H$451,$AB18)+SUMIFS(Dati!$M$2:$M$451,Dati!$H$2:$H$451,$H18,Dati!$A$2:$A$451,$AB18),"-") | BY18: =IF(AND($H18<>"",$AC18<>"",$H18<>$AC18,IFERROR(VLOOKUP($H18,areaCercaPuntiClassificaSquadra,3,FALSE),-1)=IFERROR(VLOOKUP($AC18,areaCercaPuntiClassificaSquadra,3,FALSE),-2)),SUMIFS(Dati!$F$2:$F$451,Dati!$A$2:$A$451,$H18,Dati!$H$2:$H$451,$AC18)+SUMIFS(Dati!$M$2:$M$451,Dati!$H$2:$H$451,$H18,Dati!$A$2:$A$451,$AC18),"-") | BZ18: =IF(AND($H18<>"",$AD18<>"",$H18<>$AD18,IFERROR(VLOOKUP($H18,areaCercaPuntiClassificaSquadra,3,FALSE),-1)=IFERROR(VLOOKUP($AD18,areaCercaPuntiClassificaSquadra,3,FALSE),-2)),SUMIFS(Dati!$F$2:$F$451,Dati!$A$2:$A$451,$H18,Dati!$H$2:$H$451,$AD18)+SUMIFS(Dati!$M$2:$M$451,Dati!$H$2:$H$451,$H18,Dati!$A$2:$A$451,$AD18),"-") | CA18: =IF(AND($H18<>"",$AE18<>"",$H18<>$AE18,IFERROR(VLOOKUP($H18,areaCercaPuntiClassificaSquadra,3,FALSE),-1)=IFERROR(VLOOKUP($AE18,areaCercaPuntiClassificaSquadra,3,FALSE),-2)),SUMIFS(Dati!$F$2:$F$451,Dati!$A$2:$A$451,$H18,Dati!$H$2:$H$451,$AE18)+SUMIFS(Dati!$M$2:$M$451,Dati!$H$2:$H$451,$H18,Dati!$A$2:$A$451,$AE18),"-") | CB18: =IF(AND($H18<>"",$AF18<>"",$H18<>$AF18,IFERROR(VLOOKUP($H18,areaCercaPuntiClassificaSquadra,3,FALSE),-1)=IFERROR(VLOOKUP($AF18,areaCercaPuntiClassificaSquadra,3,FALSE),-2)),SUMIFS(Dati!$F$2:$F$451,Dati!$A$2:$A$451,$H18,Dati!$H$2:$H$451,$AF18)+SUMIFS(Dati!$M$2:$M$451,Dati!$H$2:$H$451,$H18,Dati!$A$2:$A$451,$AF18),"-") | CC18: =IF(AND($H18<>"",$AG18<>"",$H18<>$AG18,IFERROR(VLOOKUP($H18,areaCercaPuntiClassificaSquadra,3,FALSE),-1)=IFERROR(VLOOKUP($AG18,areaCercaPuntiClassificaSquadra,3,FALSE),-2)),SUMIFS(Dati!$F$2:$F$451,Dati!$A$2:$A$451,$H18,Dati!$H$2:$H$451,$AG18)+SUMIFS(Dati!$M$2:$M$451,Dati!$H$2:$H$451,$H18,Dati!$A$2:$A$451,$AG18),"-") | CD18: =IF(AND($H18<>"",$AH18<>"",$H18<>$AH18,IFERROR(VLOOKUP($H18,areaCercaPuntiClassificaSquadra,3,FALSE),-1)=IFERROR(VLOOKUP($AH18,areaCercaPuntiClassificaSquadra,3,FALSE),-2)),SUMIFS(Dati!$F$2:$F$451,Dati!$A$2:$A$451,$H18,Dati!$H$2:$H$451,$AH18)+SUMIFS(Dati!$M$2:$M$451,Dati!$H$2:$H$451,$H18,Dati!$A$2:$A$451,$AH18),"-") | CF18: =IF($C18="","",SUM(AK18:AT18))
B19: A06 | E19: A | G19: =IF($C19="","",$E19&(COUNTIFS(I$14:I$113,">"&I19,E$14:E$113,"="&E19,C$14:C$113,"<>")+COUNTIFS(I$14:I$113,"="&I19,H$14:H$113,"<="&H19,E$14:E$113,"="&E19,C$14:C$113,"<>"))) | H19: =IF($C19="","",IFERROR(LEFT($C19,FIND("-",$C19)-1),$C19)) | I19: =TEXT(1000000000+J19,"|0000000000|")&TEXT(SUM(AK19:AT19),"0000000000|")&IF(SUM(BU19:CD19)=0,"0000000000|",TEXT(ROUND(SUM(BI19:BR19)/SUM(BU19:CD19),4)*100000,"0000000000|"))&IF(P19=0,"0000000000|",TEXT(ROUND(O19/P19,4)*100000,"0000000000|")) | J19: =L19*constPuntiVittoria+M19*constPuntiSconfitta+N19*constPuntiForfait+IF(D19="",0,D19) | K19: =SUM(L19:N19) | L19: =IF($H19="",0,SUMIF(Dati!$A$2:$A$451,$H19,Dati!$B$2:$B$451)+SUMIF(Dati!$H$2:$H$451,$H19,Dati!$I$2:$I$451)) | M19: =IF($H19="",0,SUMIF(Dati!$A$2:$A$451,$H19,Dati!$D$2:$D$451)+SUMIF(Dati!$H$2:$H$451,$H19,Dati!$K$2:$K$451)) | N19: =IF($H19="",0,SUMIF(Dati!$A$2:$A$451,$H19,Dati!$C$2:$C$451)+SUMIF(Dati!$H$2:$H$451,$H19,Dati!$J$2:$J$451)) | O19: =IF($H19="",0,SUMIF(Dati!$A$2:$A$451,$H19,Dati!$E$2:$E$451)+SUMIF(Dati!$H$2:$H$451,$H19,Dati!$L$2:$L$451)) | P19: =IF($H19="",0,SUMIF(Dati!$A$2:$A$451,$H19,Dati!$F$2:$F$451)+SUMIF(Dati!$H$2:$H$451,$H19,Dati!$M$2:$M$451)) | Q19: =IF($H19="",0,SUMIF(Dati!$A$2:$A$451,$H19,Dati!$G$2:$G$451)+SUMIF(Dati!$H$2:$H$451,$H19,Dati!$N$2:$N$451)) | R19: =IF(K19=0,0,ROUND(O19/K19,2)) | S19: =IF(K19=0,0,ROUND(P19/K19,2)) | T19: =IF(K19=0,0,ROUND(Q19/K19,2)) | U19: =IF(COUNTIFS($E$14:$E$113,$E19,$J$14:$J$113,$J19,$C$14:$C$113,"<>")<=1,"-",SUM(AK19:AT19)&"-"&SUM(AW19:BF19)) | V19: =IF(COUNTIFS($E$14:$E$113,$E19,$J$14:$J$113,$J19,$C$14:$C$113,"<>",$CF$14:$CF$113,$CF19)<=1,"-",IF(SUM(BU19:CD19)=0,0,ROUND(SUM(BI19:BR19)/SUM(BU19:CD19),3))) | W19: =IF(COUNTIFS($E$14:$E$113,$E19,$J$14:$J$113,$J19,$C$14:$C$113,"<>",$CF$14:$CF$113,$CF19,$V$14:$V$113,$V19)<=1,"-",IF(P19=0,0,ROUND(O19/P19,3))) | X19: =IF($C19="","",$E19&"#"&COUNTIFS($E$14:$E19,$E19,$C$14:$C19,"<>")) | Y19: =IFERROR(INDEX($H$14:$H$113,MATCH($E19&"#1",$X$14:$X$113,0)),"") | Z19: =IFERROR(INDEX($H$14:$H$113,MATCH($E19&"#2",$X$14:$X$113,0)),"") | AA19: =IFERROR(INDEX($H$14:$H$113,MATCH($E19&"#3",$X$14:$X$113,0)),"") | AB19: =IFERROR(INDEX($H$14:$H$113,MATCH($E19&"#4",$X$14:$X$113,0)),"") | AC19: =IFERROR(INDEX($H$14:$H$113,MATCH($E19&"#5",$X$14:$X$113,0)),"") | AD19: =IFERROR(INDEX($H$14:$H$113,MATCH($E19&"#6",$X$14:$X$113,0)),"") | AE19: =IFERROR(INDEX($H$14:$H$113,MATCH($E19&"#7",$X$14:$X$113,0)),"") | AF19: =IFERROR(INDEX($H$14:$H$113,MATCH($E19&"#8",$X$14:$X$113,0)),"") | AG19: =IFERROR(INDEX($H$14:$H$113,MATCH($E19&"#9",$X$14:$X$113,0)),"") | AH19: =IFERROR(INDEX($H$14:$H$113,MATCH($E19&"#10",$X$14:$X$113,0)),"") | AJ19: =$C19 | AK19: =IF(AND($H19<>"",$Y19<>"",$H19<>$Y19,IFERROR(VLOOKUP($H19,areaCercaPuntiClassificaSquadra,3,FALSE),-1)=IFERROR(VLOOKUP($Y19,areaCercaPuntiClassificaSquadra,3,FALSE),-2)),SUMIFS(Dati!$B$2:$B$451,Dati!$A$2:$A$451,$H19,Dati!$H$2:$H$451,$Y19)+SUMIFS(Dati!$I$2:$I$451,Dati!$H$2:$H$451,$H19,Dati!$A$2:$A$451,$Y19),"-") | AL19: =IF(AND($H19<>"",$Z19<>"",$H19<>$Z19,IFERROR(VLOOKUP($H19,areaCercaPuntiClassificaSquadra,3,FALSE),-1)=IFERROR(VLOOKUP($Z19,areaCercaPuntiClassificaSquadra,3,FALSE),-2)),SUMIFS(Dati!$B$2:$B$451,Dati!$A$2:$A$451,$H19,Dati!$H$2:$H$451,$Z19)+SUMIFS(Dati!$I$2:$I$451,Dati!$H$2:$H$451,$H19,Dati!$A$2:$A$451,$Z19),"-") | AM19: =IF(AND($H19<>"",$AA19<>"",$H19<>$AA19,IFERROR(VLOOKUP($H19,areaCercaPuntiClassificaSquadra,3,FALSE),-1)=IFERROR(VLOOKUP($AA19,areaCercaPuntiClassificaSquadra,3,FALSE),-2)),SUMIFS(Dati!$B$2:$B$451,Dati!$A$2:$A$451,$H19,Dati!$H$2:$H$451,$AA19)+SUMIFS(Dati!$I$2:$I$451,Dati!$H$2:$H$451,$H19,Dati!$A$2:$A$451,$AA19),"-") | AN19: =IF(AND($H19<>"",$AB19<>"",$H19<>$AB19,IFERROR(VLOOKUP($H19,areaCercaPuntiClassificaSquadra,3,FALSE),-1)=IFERROR(VLOOKUP($AB19,areaCercaPuntiClassificaSquadra,3,FALSE),-2)),SUMIFS(Dati!$B$2:$B$451,Dati!$A$2:$A$451,$H19,Dati!$H$2:$H$451,$AB19)+SUMIFS(Dati!$I$2:$I$451,Dati!$H$2:$H$451,$H19,Dati!$A$2:$A$451,$AB19),"-") | AO19: =IF(AND($H19<>"",$AC19<>"",$H19<>$AC19,IFERROR(VLOOKUP($H19,areaCercaPuntiClassificaSquadra,3,FALSE),-1)=IFERROR(VLOOKUP($AC19,areaCercaPuntiClassificaSquadra,3,FALSE),-2)),SUMIFS(Dati!$B$2:$B$451,Dati!$A$2:$A$451,$H19,Dati!$H$2:$H$451,$AC19)+SUMIFS(Dati!$I$2:$I$451,Dati!$H$2:$H$451,$H19,Dati!$A$2:$A$451,$AC19),"-") | AP19: =IF(AND($H19<>"",$AD19<>"",$H19<>$AD19,IFERROR(VLOOKUP($H19,areaCercaPuntiClassificaSquadra,3,FALSE),-1)=IFERROR(VLOOKUP($AD19,areaCercaPuntiClassificaSquadra,3,FALSE),-2)),SUMIFS(Dati!$B$2:$B$451,Dati!$A$2:$A$451,$H19,Dati!$H$2:$H$451,$AD19)+SUMIFS(Dati!$I$2:$I$451,Dati!$H$2:$H$451,$H19,Dati!$A$2:$A$451,$AD19),"-") | AQ19: =IF(AND($H19<>"",$AE19<>"",$H19<>$AE19,IFERROR(VLOOKUP($H19,areaCercaPuntiClassificaSquadra,3,FALSE),-1)=IFERROR(VLOOKUP($AE19,areaCercaPuntiClassificaSquadra,3,FALSE),-2)),SUMIFS(Dati!$B$2:$B$451,Dati!$A$2:$A$451,$H19,Dati!$H$2:$H$451,$AE19)+SUMIFS(Dati!$I$2:$I$451,Dati!$H$2:$H$451,$H19,Dati!$A$2:$A$451,$AE19),"-") | AR19: =IF(AND($H19<>"",$AF19<>"",$H19<>$AF19,IFERROR(VLOOKUP($H19,areaCercaPuntiClassificaSquadra,3,FALSE),-1)=IFERROR(VLOOKUP($AF19,areaCercaPuntiClassificaSquadra,3,FALSE),-2)),SUMIFS(Dati!$B$2:$B$451,Dati!$A$2:$A$451,$H19,Dati!$H$2:$H$451,$AF19)+SUMIFS(Dati!$I$2:$I$451,Dati!$H$2:$H$451,$H19,Dati!$A$2:$A$451,$AF19),"-") | AS19: =IF(AND($H19<>"",$AG19<>"",$H19<>$AG19,IFERROR(VLOOKUP($H19,areaCercaPuntiClassificaSquadra,3,FALSE),-1)=IFERROR(VLOOKUP($AG19,areaCercaPuntiClassificaSquadra,3,FALSE),-2)),SUMIFS(Dati!$B$2:$B$451,Dati!$A$2:$A$451,$H19,Dati!$H$2:$H$451,$AG19)+SUMIFS(Dati!$I$2:$I$451,Dati!$H$2:$H$451,$H19,Dati!$A$2:$A$451,$AG19),"-") | AT19: =IF(AND($H19<>"",$AH19<>"",$H19<>$AH19,IFERROR(VLOOKUP($H19,areaCercaPuntiClassificaSquadra,3,FALSE),-1)=IFERROR(VLOOKUP($AH19,areaCercaPuntiClassificaSquadra,3,FALSE),-2)),SUMIFS(Dati!$B$2:$B$451,Dati!$A$2:$A$451,$H19,Dati!$H$2:$H$451,$AH19)+SUMIFS(Dati!$I$2:$I$451,Dati!$H$2:$H$451,$H19,Dati!$A$2:$A$451,$AH19),"-") | AV19: =$C19 | AW19: =IF(AND($H19<>"",$Y19<>"",$H19<>$Y19,IFERROR(VLOOKUP($H19,areaCercaPuntiClassificaSquadra,3,FALSE),-1)=IFERROR(VLOOKUP($Y19,areaCercaPuntiClassificaSquadra,3,FALSE),-2)),SUMIFS(Dati!$D$2:$D$451,Dati!$A$2:$A$451,$H19,Dati!$H$2:$H$451,$Y19)+SUMIFS(Dati!$K$2:$K$451,Dati!$H$2:$H$451,$H19,Dati!$A$2:$A$451,$Y19)+SUMIFS(Dati!$C$2:$C$451,Dati!$A$2:$A$451,$H19,Dati!$H$2:$H$451,$Y19)+SUMIFS(Dati!$J$2:$J$451,Dati!$H$2:$H$451,$H19,Dati!$A$2:$A$451,$Y19),"-") | AX19: =IF(AND($H19<>"",$Z19<>"",$H19<>$Z19,IFERROR(VLOOKUP($H19,areaCercaPuntiClassificaSquadra,3,FALSE),-1)=IFERROR(VLOOKUP($Z19,areaCercaPuntiClassificaSquadra,3,FALSE),-2)),SUMIFS(Dati!$D$2:$D$451,Dati!$A$2:$A$451,$H19,Dati!$H$2:$H$451,$Z19)+SUMIFS(Dati!$K$2:$K$451,Dati!$H$2:$H$451,$H19,Dati!$A$2:$A$451,$Z19)+SUMIFS(Dati!$C$2:$C$451,Dati!$A$2:$A$451,$H19,Dati!$H$2:$H$451,$Z19)+SUMIFS(Dati!$J$2:$J$451,Dati!$H$2:$H$451,$H19,Dati!$A$2:$A$451,$Z19),"-") | AY19: =IF(AND($H19<>"",$AA19<>"",$H19<>$AA19,IFERROR(VLOOKUP($H19,areaCercaPuntiClassificaSquadra,3,FALSE),-1)=IFERROR(VLOOKUP($AA19,areaCercaPuntiClassificaSquadra,3,FALSE),-2)),SUMIFS(Dati!$D$2:$D$451,Dati!$A$2:$A$451,$H19,Dati!$H$2:$H$451,$AA19)+SUMIFS(Dati!$K$2:$K$451,Dati!$H$2:$H$451,$H19,Dati!$A$2:$A$451,$AA19)+SUMIFS(Dati!$C$2:$C$451,Dati!$A$2:$A$451,$H19,Dati!$H$2:$H$451,$AA19)+SUMIFS(Dati!$J$2:$J$451,Dati!$H$2:$H$451,$H19,Dati!$A$2:$A$451,$AA19),"-") | AZ19: =IF(AND($H19<>"",$AB19<>"",$H19<>$AB19,IFERROR(VLOOKUP($H19,areaCercaPuntiClassificaSquadra,3,FALSE),-1)=IFERROR(VLOOKUP($AB19,areaCercaPuntiClassificaSquadra,3,FALSE),-2)),SUMIFS(Dati!$D$2:$D$451,Dati!$A$2:$A$451,$H19,Dati!$H$2:$H$451,$AB19)+SUMIFS(Dati!$K$2:$K$451,Dati!$H$2:$H$451,$H19,Dati!$A$2:$A$451,$AB19)+SUMIFS(Dati!$C$2:$C$451,Dati!$A$2:$A$451,$H19,Dati!$H$2:$H$451,$AB19)+SUMIFS(Dati!$J$2:$J$451,Dati!$H$2:$H$451,$H19,Dati!$A$2:$A$451,$AB19),"-") | BA19: =IF(AND($H19<>"",$AC19<>"",$H19<>$AC19,IFERROR(VLOOKUP($H19,areaCercaPuntiClassificaSquadra,3,FALSE),-1)=IFERROR(VLOOKUP($AC19,areaCercaPuntiClassificaSquadra,3,FALSE),-2)),SUMIFS(Dati!$D$2:$D$451,Dati!$A$2:$A$451,$H19,Dati!$H$2:$H$451,$AC19)+SUMIFS(Dati!$K$2:$K$451,Dati!$H$2:$H$451,$H19,Dati!$A$2:$A$451,$AC19)+SUMIFS(Dati!$C$2:$C$451,Dati!$A$2:$A$451,$H19,Dati!$H$2:$H$451,$AC19)+SUMIFS(Dati!$J$2:$J$451,Dati!$H$2:$H$451,$H19,Dati!$A$2:$A$451,$AC19),"-") | BB19: =IF(AND($H19<>"",$AD19<>"",$H19<>$AD19,IFERROR(VLOOKUP($H19,areaCercaPuntiClassificaSquadra,3,FALSE),-1)=IFERROR(VLOOKUP($AD19,areaCercaPuntiClassificaSquadra,3,FALSE),-2)),SUMIFS(Dati!$D$2:$D$451,Dati!$A$2:$A$451,$H19,Dati!$H$2:$H$451,$AD19)+SUMIFS(Dati!$K$2:$K$451,Dati!$H$2:$H$451,$H19,Dati!$A$2:$A$451,$AD19)+SUMIFS(Dati!$C$2:$C$451,Dati!$A$2:$A$451,$H19,Dati!$H$2:$H$451,$AD19)+SUMIFS(Dati!$J$2:$J$451,Dati!$H$2:$H$451,$H19,Dati!$A$2:$A$451,$AD19),"-") | BC19: =IF(AND($H19<>"",$AE19<>"",$H19<>$AE19,IFERROR(VLOOKUP($H19,areaCercaPuntiClassificaSquadra,3,FALSE),-1)=IFERROR(VLOOKUP($AE19,areaCercaPuntiClassificaSquadra,3,FALSE),-2)),SUMIFS(Dati!$D$2:$D$451,Dati!$A$2:$A$451,$H19,Dati!$H$2:$H$451,$AE19)+SUMIFS(Dati!$K$2:$K$451,Dati!$H$2:$H$451,$H19,Dati!$A$2:$A$451,$AE19)+SUMIFS(Dati!$C$2:$C$451,Dati!$A$2:$A$451,$H19,Dati!$H$2:$H$451,$AE19)+SUMIFS(Dati!$J$2:$J$451,Dati!$H$2:$H$451,$H19,Dati!$A$2:$A$451,$AE19),"-") | BD19: =IF(AND($H19<>"",$AF19<>"",$H19<>$AF19,IFERROR(VLOOKUP($H19,areaCercaPuntiClassificaSquadra,3,FALSE),-1)=IFERROR(VLOOKUP($AF19,areaCercaPuntiClassificaSquadra,3,FALSE),-2)),SUMIFS(Dati!$D$2:$D$451,Dati!$A$2:$A$451,$H19,Dati!$H$2:$H$451,$AF19)+SUMIFS(Dati!$K$2:$K$451,Dati!$H$2:$H$451,$H19,Dati!$A$2:$A$451,$AF19)+SUMIFS(Dati!$C$2:$C$451,Dati!$A$2:$A$451,$H19,Dati!$H$2:$H$451,$AF19)+SUMIFS(Dati!$J$2:$J$451,Dati!$H$2:$H$451,$H19,Dati!$A$2:$A$451,$AF19),"-") | BE19: =IF(AND($H19<>"",$AG19<>"",$H19<>$AG19,IFERROR(VLOOKUP($H19,areaCercaPuntiClassificaSquadra,3,FALSE),-1)=IFERROR(VLOOKUP($AG19,areaCercaPuntiClassificaSquadra,3,FALSE),-2)),SUMIFS(Dati!$D$2:$D$451,Dati!$A$2:$A$451,$H19,Dati!$H$2:$H$451,$AG19)+SUMIFS(Dati!$K$2:$K$451,Dati!$H$2:$H$451,$H19,Dati!$A$2:$A$451,$AG19)+SUMIFS(Dati!$C$2:$C$451,Dati!$A$2:$A$451,$H19,Dati!$H$2:$H$451,$AG19)+SUMIFS(Dati!$J$2:$J$451,Dati!$H$2:$H$451,$H19,Dati!$A$2:$A$451,$AG19),"-") | BF19: =IF(AND($H19<>"",$AH19<>"",$H19<>$AH19,IFERROR(VLOOKUP($H19,areaCercaPuntiClassificaSquadra,3,FALSE),-1)=IFERROR(VLOOKUP($AH19,areaCercaPuntiClassificaSquadra,3,FALSE),-2)),SUMIFS(Dati!$D$2:$D$451,Dati!$A$2:$A$451,$H19,Dati!$H$2:$H$451,$AH19)+SUMIFS(Dati!$K$2:$K$451,Dati!$H$2:$H$451,$H19,Dati!$A$2:$A$451,$AH19)+SUMIFS(Dati!$C$2:$C$451,Dati!$A$2:$A$451,$H19,Dati!$H$2:$H$451,$AH19)+SUMIFS(Dati!$J$2:$J$451,Dati!$H$2:$H$451,$H19,Dati!$A$2:$A$451,$AH19),"-") | BH19: =$C19 | BI19: =IF(AND($H19<>"",$Y19<>"",$H19<>$Y19,IFERROR(VLOOKUP($H19,areaCercaPuntiClassificaSquadra,3,FALSE),-1)=IFERROR(VLOOKUP($Y19,areaCercaPuntiClassificaSquadra,3,FALSE),-2)),SUMIFS(Dati!$E$2:$E$451,Dati!$A$2:$A$451,$H19,Dati!$H$2:$H$451,$Y19)+SUMIFS(Dati!$L$2:$L$451,Dati!$H$2:$H$451,$H19,Dati!$A$2:$A$451,$Y19),"-") | BJ19: =IF(AND($H19<>"",$Z19<>"",$H19<>$Z19,IFERROR(VLOOKUP($H19,areaCercaPuntiClassificaSquadra,3,FALSE),-1)=IFERROR(VLOOKUP($Z19,areaCercaPuntiClassificaSquadra,3,FALSE),-2)),SUMIFS(Dati!$E$2:$E$451,Dati!$A$2:$A$451,$H19,Dati!$H$2:$H$451,$Z19)+SUMIFS(Dati!$L$2:$L$451,Dati!$H$2:$H$451,$H19,Dati!$A$2:$A$451,$Z19),"-") | BK19: =IF(AND($H19<>"",$AA19<>"",$H19<>$AA19,IFERROR(VLOOKUP($H19,areaCercaPuntiClassificaSquadra,3,FALSE),-1)=IFERROR(VLOOKUP($AA19,areaCercaPuntiClassificaSquadra,3,FALSE),-2)),SUMIFS(Dati!$E$2:$E$451,Dati!$A$2:$A$451,$H19,Dati!$H$2:$H$451,$AA19)+SUMIFS(Dati!$L$2:$L$451,Dati!$H$2:$H$451,$H19,Dati!$A$2:$A$451,$AA19),"-") | BL19: =IF(AND($H19<>"",$AB19<>"",$H19<>$AB19,IFERROR(VLOOKUP($H19,areaCercaPuntiClassificaSquadra,3,FALSE),-1)=IFERROR(VLOOKUP($AB19,areaCercaPuntiClassificaSquadra,3,FALSE),-2)),SUMIFS(Dati!$E$2:$E$451,Dati!$A$2:$A$451,$H19,Dati!$H$2:$H$451,$AB19)+SUMIFS(Dati!$L$2:$L$451,Dati!$H$2:$H$451,$H19,Dati!$A$2:$A$451,$AB19),"-") | BM19: =IF(AND($H19<>"",$AC19<>"",$H19<>$AC19,IFERROR(VLOOKUP($H19,areaCercaPuntiClassificaSquadra,3,FALSE),-1)=IFERROR(VLOOKUP($AC19,areaCercaPuntiClassificaSquadra,3,FALSE),-2)),SUMIFS(Dati!$E$2:$E$451,Dati!$A$2:$A$451,$H19,Dati!$H$2:$H$451,$AC19)+SUMIFS(Dati!$L$2:$L$451,Dati!$H$2:$H$451,$H19,Dati!$A$2:$A$451,$AC19),"-") | BN19: =IF(AND($H19<>"",$AD19<>"",$H19<>$AD19,IFERROR(VLOOKUP($H19,areaCercaPuntiClassificaSquadra,3,FALSE),-1)=IFERROR(VLOOKUP($AD19,areaCercaPuntiClassificaSquadra,3,FALSE),-2)),SUMIFS(Dati!$E$2:$E$451,Dati!$A$2:$A$451,$H19,Dati!$H$2:$H$451,$AD19)+SUMIFS(Dati!$L$2:$L$451,Dati!$H$2:$H$451,$H19,Dati!$A$2:$A$451,$AD19),"-") | BO19: =IF(AND($H19<>"",$AE19<>"",$H19<>$AE19,IFERROR(VLOOKUP($H19,areaCercaPuntiClassificaSquadra,3,FALSE),-1)=IFERROR(VLOOKUP($AE19,areaCercaPuntiClassificaSquadra,3,FALSE),-2)),SUMIFS(Dati!$E$2:$E$451,Dati!$A$2:$A$451,$H19,Dati!$H$2:$H$451,$AE19)+SUMIFS(Dati!$L$2:$L$451,Dati!$H$2:$H$451,$H19,Dati!$A$2:$A$451,$AE19),"-") | BP19: =IF(AND($H19<>"",$AF19<>"",$H19<>$AF19,IFERROR(VLOOKUP($H19,areaCercaPuntiClassificaSquadra,3,FALSE),-1)=IFERROR(VLOOKUP($AF19,areaCercaPuntiClassificaSquadra,3,FALSE),-2)),SUMIFS(Dati!$E$2:$E$451,Dati!$A$2:$A$451,$H19,Dati!$H$2:$H$451,$AF19)+SUMIFS(Dati!$L$2:$L$451,Dati!$H$2:$H$451,$H19,Dati!$A$2:$A$451,$AF19),"-") | BQ19: =IF(AND($H19<>"",$AG19<>"",$H19<>$AG19,IFERROR(VLOOKUP($H19,areaCercaPuntiClassificaSquadra,3,FALSE),-1)=IFERROR(VLOOKUP($AG19,areaCercaPuntiClassificaSquadra,3,FALSE),-2)),SUMIFS(Dati!$E$2:$E$451,Dati!$A$2:$A$451,$H19,Dati!$H$2:$H$451,$AG19)+SUMIFS(Dati!$L$2:$L$451,Dati!$H$2:$H$451,$H19,Dati!$A$2:$A$451,$AG19),"-") | BR19: =IF(AND($H19<>"",$AH19<>"",$H19<>$AH19,IFERROR(VLOOKUP($H19,areaCercaPuntiClassificaSquadra,3,FALSE),-1)=IFERROR(VLOOKUP($AH19,areaCercaPuntiClassificaSquadra,3,FALSE),-2)),SUMIFS(Dati!$E$2:$E$451,Dati!$A$2:$A$451,$H19,Dati!$H$2:$H$451,$AH19)+SUMIFS(Dati!$L$2:$L$451,Dati!$H$2:$H$451,$H19,Dati!$A$2:$A$451,$AH19),"-") | BT19: =$C19 | BU19: =IF(AND($H19<>"",$Y19<>"",$H19<>$Y19,IFERROR(VLOOKUP($H19,areaCercaPuntiClassificaSquadra,3,FALSE),-1)=IFERROR(VLOOKUP($Y19,areaCercaPuntiClassificaSquadra,3,FALSE),-2)),SUMIFS(Dati!$F$2:$F$451,Dati!$A$2:$A$451,$H19,Dati!$H$2:$H$451,$Y19)+SUMIFS(Dati!$M$2:$M$451,Dati!$H$2:$H$451,$H19,Dati!$A$2:$A$451,$Y19),"-") | BV19: =IF(AND($H19<>"",$Z19<>"",$H19<>$Z19,IFERROR(VLOOKUP($H19,areaCercaPuntiClassificaSquadra,3,FALSE),-1)=IFERROR(VLOOKUP($Z19,areaCercaPuntiClassificaSquadra,3,FALSE),-2)),SUMIFS(Dati!$F$2:$F$451,Dati!$A$2:$A$451,$H19,Dati!$H$2:$H$451,$Z19)+SUMIFS(Dati!$M$2:$M$451,Dati!$H$2:$H$451,$H19,Dati!$A$2:$A$451,$Z19),"-") | BW19: =IF(AND($H19<>"",$AA19<>"",$H19<>$AA19,IFERROR(VLOOKUP($H19,areaCercaPuntiClassificaSquadra,3,FALSE),-1)=IFERROR(VLOOKUP($AA19,areaCercaPuntiClassificaSquadra,3,FALSE),-2)),SUMIFS(Dati!$F$2:$F$451,Dati!$A$2:$A$451,$H19,Dati!$H$2:$H$451,$AA19)+SUMIFS(Dati!$M$2:$M$451,Dati!$H$2:$H$451,$H19,Dati!$A$2:$A$451,$AA19),"-") | BX19: =IF(AND($H19<>"",$AB19<>"",$H19<>$AB19,IFERROR(VLOOKUP($H19,areaCercaPuntiClassificaSquadra,3,FALSE),-1)=IFERROR(VLOOKUP($AB19,areaCercaPuntiClassificaSquadra,3,FALSE),-2)),SUMIFS(Dati!$F$2:$F$451,Dati!$A$2:$A$451,$H19,Dati!$H$2:$H$451,$AB19)+SUMIFS(Dati!$M$2:$M$451,Dati!$H$2:$H$451,$H19,Dati!$A$2:$A$451,$AB19),"-") | BY19: =IF(AND($H19<>"",$AC19<>"",$H19<>$AC19,IFERROR(VLOOKUP($H19,areaCercaPuntiClassificaSquadra,3,FALSE),-1)=IFERROR(VLOOKUP($AC19,areaCercaPuntiClassificaSquadra,3,FALSE),-2)),SUMIFS(Dati!$F$2:$F$451,Dati!$A$2:$A$451,$H19,Dati!$H$2:$H$451,$AC19)+SUMIFS(Dati!$M$2:$M$451,Dati!$H$2:$H$451,$H19,Dati!$A$2:$A$451,$AC19),"-") | BZ19: =IF(AND($H19<>"",$AD19<>"",$H19<>$AD19,IFERROR(VLOOKUP($H19,areaCercaPuntiClassificaSquadra,3,FALSE),-1)=IFERROR(VLOOKUP($AD19,areaCercaPuntiClassificaSquadra,3,FALSE),-2)),SUMIFS(Dati!$F$2:$F$451,Dati!$A$2:$A$451,$H19,Dati!$H$2:$H$451,$AD19)+SUMIFS(Dati!$M$2:$M$451,Dati!$H$2:$H$451,$H19,Dati!$A$2:$A$451,$AD19),"-") | CA19: =IF(AND($H19<>"",$AE19<>"",$H19<>$AE19,IFERROR(VLOOKUP($H19,areaCercaPuntiClassificaSquadra,3,FALSE),-1)=IFERROR(VLOOKUP($AE19,areaCercaPuntiClassificaSquadra,3,FALSE),-2)),SUMIFS(Dati!$F$2:$F$451,Dati!$A$2:$A$451,$H19,Dati!$H$2:$H$451,$AE19)+SUMIFS(Dati!$M$2:$M$451,Dati!$H$2:$H$451,$H19,Dati!$A$2:$A$451,$AE19),"-") | CB19: =IF(AND($H19<>"",$AF19<>"",$H19<>$AF19,IFERROR(VLOOKUP($H19,areaCercaPuntiClassificaSquadra,3,FALSE),-1)=IFERROR(VLOOKUP($AF19,areaCercaPuntiClassificaSquadra,3,FALSE),-2)),SUMIFS(Dati!$F$2:$F$451,Dati!$A$2:$A$451,$H19,Dati!$H$2:$H$451,$AF19)+SUMIFS(Dati!$M$2:$M$451,Dati!$H$2:$H$451,$H19,Dati!$A$2:$A$451,$AF19),"-") | CC19: =IF(AND($H19<>"",$AG19<>"",$H19<>$AG19,IFERROR(VLOOKUP($H19,areaCercaPuntiClassificaSquadra,3,FALSE),-1)=IFERROR(VLOOKUP($AG19,areaCercaPuntiClassificaSquadra,3,FALSE),-2)),SUMIFS(Dati!$F$2:$F$451,Dati!$A$2:$A$451,$H19,Dati!$H$2:$H$451,$AG19)+SUMIFS(Dati!$M$2:$M$451,Dati!$H$2:$H$451,$H19,Dati!$A$2:$A$451,$AG19),"-") | CD19: =IF(AND($H19<>"",$AH19<>"",$H19<>$AH19,IFERROR(VLOOKUP($H19,areaCercaPuntiClassificaSquadra,3,FALSE),-1)=IFERROR(VLOOKUP($AH19,areaCercaPuntiClassificaSquadra,3,FALSE),-2)),SUMIFS(Dati!$F$2:$F$451,Dati!$A$2:$A$451,$H19,Dati!$H$2:$H$451,$AH19)+SUMIFS(Dati!$M$2:$M$451,Dati!$H$2:$H$451,$H19,Dati!$A$2:$A$451,$AH19),"-") | CF19: =IF($C19="","",SUM(AK19:AT19))
B20: A07 | E20: A | G20: =IF($C20="","",$E20&(COUNTIFS(I$14:I$113,">"&I20,E$14:E$113,"="&E20,C$14:C$113,"<>")+COUNTIFS(I$14:I$113,"="&I20,H$14:H$113,"<="&H20,E$14:E$113,"="&E20,C$14:C$113,"<>"))) | H20: =IF($C20="","",IFERROR(LEFT($C20,FIND("-",$C20)-1),$C20)) | I20: =TEXT(1000000000+J20,"|0000000000|")&TEXT(SUM(AK20:AT20),"0000000000|")&IF(SUM(BU20:CD20)=0,"0000000000|",TEXT(ROUND(SUM(BI20:BR20)/SUM(BU20:CD20),4)*100000,"0000000000|"))&IF(P20=0,"0000000000|",TEXT(ROUND(O20/P20,4)*100000,"0000000000|")) | J20: =L20*constPuntiVittoria+M20*constPuntiSconfitta+N20*constPuntiForfait+IF(D20="",0,D20) | K20: =SUM(L20:N20) | L20: =IF($H20="",0,SUMIF(Dati!$A$2:$A$451,$H20,Dati!$B$2:$B$451)+SUMIF(Dati!$H$2:$H$451,$H20,Dati!$I$2:$I$451)) | M20: =IF($H20="",0,SUMIF(Dati!$A$2:$A$451,$H20,Dati!$D$2:$D$451)+SUMIF(Dati!$H$2:$H$451,$H20,Dati!$K$2:$K$451)) | N20: =IF($H20="",0,SUMIF(Dati!$A$2:$A$451,$H20,Dati!$C$2:$C$451)+SUMIF(Dati!$H$2:$H$451,$H20,Dati!$J$2:$J$451)) | O20: =IF($H20="",0,SUMIF(Dati!$A$2:$A$451,$H20,Dati!$E$2:$E$451)+SUMIF(Dati!$H$2:$H$451,$H20,Dati!$L$2:$L$451)) | P20: =IF($H20="",0,SUMIF(Dati!$A$2:$A$451,$H20,Dati!$F$2:$F$451)+SUMIF(Dati!$H$2:$H$451,$H20,Dati!$M$2:$M$451)) | Q20: =IF($H20="",0,SUMIF(Dati!$A$2:$A$451,$H20,Dati!$G$2:$G$451)+SUMIF(Dati!$H$2:$H$451,$H20,Dati!$N$2:$N$451)) | R20: =IF(K20=0,0,ROUND(O20/K20,2)) | S20: =IF(K20=0,0,ROUND(P20/K20,2)) | T20: =IF(K20=0,0,ROUND(Q20/K20,2)) | U20: =IF(COUNTIFS($E$14:$E$113,$E20,$J$14:$J$113,$J20,$C$14:$C$113,"<>")<=1,"-",SUM(AK20:AT20)&"-"&SUM(AW20:BF20)) | V20: =IF(COUNTIFS($E$14:$E$113,$E20,$J$14:$J$113,$J20,$C$14:$C$113,"<>",$CF$14:$CF$113,$CF20)<=1,"-",IF(SUM(BU20:CD20)=0,0,ROUND(SUM(BI20:BR20)/SUM(BU20:CD20),3))) | W20: =IF(COUNTIFS($E$14:$E$113,$E20,$J$14:$J$113,$J20,$C$14:$C$113,"<>",$CF$14:$CF$113,$CF20,$V$14:$V$113,$V20)<=1,"-",IF(P20=0,0,ROUND(O20/P20,3))) | X20: =IF($C20="","",$E20&"#"&COUNTIFS($E$14:$E20,$E20,$C$14:$C20,"<>")) | Y20: =IFERROR(INDEX($H$14:$H$113,MATCH($E20&"#1",$X$14:$X$113,0)),"") | Z20: =IFERROR(INDEX($H$14:$H$113,MATCH($E20&"#2",$X$14:$X$113,0)),"") | AA20: =IFERROR(INDEX($H$14:$H$113,MATCH($E20&"#3",$X$14:$X$113,0)),"") | AB20: =IFERROR(INDEX($H$14:$H$113,MATCH($E20&"#4",$X$14:$X$113,0)),"") | AC20: =IFERROR(INDEX($H$14:$H$113,MATCH($E20&"#5",$X$14:$X$113,0)),"") | AD20: =IFERROR(INDEX($H$14:$H$113,MATCH($E20&"#6",$X$14:$X$113,0)),"") | AE20: =IFERROR(INDEX($H$14:$H$113,MATCH($E20&"#7",$X$14:$X$113,0)),"") | AF20: =IFERROR(INDEX($H$14:$H$113,MATCH($E20&"#8",$X$14:$X$113,0)),"") | AG20: =IFERROR(INDEX($H$14:$H$113,MATCH($E20&"#9",$X$14:$X$113,0)),"") | AH20: =IFERROR(INDEX($H$14:$H$113,MATCH($E20&"#10",$X$14:$X$113,0)),"") | AJ20: =$C20 | AK20: =IF(AND($H20<>"",$Y20<>"",$H20<>$Y20,IFERROR(VLOOKUP($H20,areaCercaPuntiClassificaSquadra,3,FALSE),-1)=IFERROR(VLOOKUP($Y20,areaCercaPuntiClassificaSquadra,3,FALSE),-2)),SUMIFS(Dati!$B$2:$B$451,Dati!$A$2:$A$451,$H20,Dati!$H$2:$H$451,$Y20)+SUMIFS(Dati!$I$2:$I$451,Dati!$H$2:$H$451,$H20,Dati!$A$2:$A$451,$Y20),"-") | AL20: =IF(AND($H20<>"",$Z20<>"",$H20<>$Z20,IFERROR(VLOOKUP($H20,areaCercaPuntiClassificaSquadra,3,FALSE),-1)=IFERROR(VLOOKUP($Z20,areaCercaPuntiClassificaSquadra,3,FALSE),-2)),SUMIFS(Dati!$B$2:$B$451,Dati!$A$2:$A$451,$H20,Dati!$H$2:$H$451,$Z20)+SUMIFS(Dati!$I$2:$I$451,Dati!$H$2:$H$451,$H20,Dati!$A$2:$A$451,$Z20),"-") | AM20: =IF(AND($H20<>"",$AA20<>"",$H20<>$AA20,IFERROR(VLOOKUP($H20,areaCercaPuntiClassificaSquadra,3,FALSE),-1)=IFERROR(VLOOKUP($AA20,areaCercaPuntiClassificaSquadra,3,FALSE),-2)),SUMIFS(Dati!$B$2:$B$451,Dati!$A$2:$A$451,$H20,Dati!$H$2:$H$451,$AA20)+SUMIFS(Dati!$I$2:$I$451,Dati!$H$2:$H$451,$H20,Dati!$A$2:$A$451,$AA20),"-") | AN20: =IF(AND($H20<>"",$AB20<>"",$H20<>$AB20,IFERROR(VLOOKUP($H20,areaCercaPuntiClassificaSquadra,3,FALSE),-1)=IFERROR(VLOOKUP($AB20,areaCercaPuntiClassificaSquadra,3,FALSE),-2)),SUMIFS(Dati!$B$2:$B$451,Dati!$A$2:$A$451,$H20,Dati!$H$2:$H$451,$AB20)+SUMIFS(Dati!$I$2:$I$451,Dati!$H$2:$H$451,$H20,Dati!$A$2:$A$451,$AB20),"-") | AO20: =IF(AND($H20<>"",$AC20<>"",$H20<>$AC20,IFERROR(VLOOKUP($H20,areaCercaPuntiClassificaSquadra,3,FALSE),-1)=IFERROR(VLOOKUP($AC20,areaCercaPuntiClassificaSquadra,3,FALSE),-2)),SUMIFS(Dati!$B$2:$B$451,Dati!$A$2:$A$451,$H20,Dati!$H$2:$H$451,$AC20)+SUMIFS(Dati!$I$2:$I$451,Dati!$H$2:$H$451,$H20,Dati!$A$2:$A$451,$AC20),"-") | AP20: =IF(AND($H20<>"",$AD20<>"",$H20<>$AD20,IFERROR(VLOOKUP($H20,areaCercaPuntiClassificaSquadra,3,FALSE),-1)=IFERROR(VLOOKUP($AD20,areaCercaPuntiClassificaSquadra,3,FALSE),-2)),SUMIFS(Dati!$B$2:$B$451,Dati!$A$2:$A$451,$H20,Dati!$H$2:$H$451,$AD20)+SUMIFS(Dati!$I$2:$I$451,Dati!$H$2:$H$451,$H20,Dati!$A$2:$A$451,$AD20),"-") | AQ20: =IF(AND($H20<>"",$AE20<>"",$H20<>$AE20,IFERROR(VLOOKUP($H20,areaCercaPuntiClassificaSquadra,3,FALSE),-1)=IFERROR(VLOOKUP($AE20,areaCercaPuntiClassificaSquadra,3,FALSE),-2)),SUMIFS(Dati!$B$2:$B$451,Dati!$A$2:$A$451,$H20,Dati!$H$2:$H$451,$AE20)+SUMIFS(Dati!$I$2:$I$451,Dati!$H$2:$H$451,$H20,Dati!$A$2:$A$451,$AE20),"-") | AR20: =IF(AND($H20<>"",$AF20<>"",$H20<>$AF20,IFERROR(VLOOKUP($H20,areaCercaPuntiClassificaSquadra,3,FALSE),-1)=IFERROR(VLOOKUP($AF20,areaCercaPuntiClassificaSquadra,3,FALSE),-2)),SUMIFS(Dati!$B$2:$B$451,Dati!$A$2:$A$451,$H20,Dati!$H$2:$H$451,$AF20)+SUMIFS(Dati!$I$2:$I$451,Dati!$H$2:$H$451,$H20,Dati!$A$2:$A$451,$AF20),"-") | AS20: =IF(AND($H20<>"",$AG20<>"",$H20<>$AG20,IFERROR(VLOOKUP($H20,areaCercaPuntiClassificaSquadra,3,FALSE),-1)=IFERROR(VLOOKUP($AG20,areaCercaPuntiClassificaSquadra,3,FALSE),-2)),SUMIFS(Dati!$B$2:$B$451,Dati!$A$2:$A$451,$H20,Dati!$H$2:$H$451,$AG20)+SUMIFS(Dati!$I$2:$I$451,Dati!$H$2:$H$451,$H20,Dati!$A$2:$A$451,$AG20),"-") | AT20: =IF(AND($H20<>"",$AH20<>"",$H20<>$AH20,IFERROR(VLOOKUP($H20,areaCercaPuntiClassificaSquadra,3,FALSE),-1)=IFERROR(VLOOKUP($AH20,areaCercaPuntiClassificaSquadra,3,FALSE),-2)),SUMIFS(Dati!$B$2:$B$451,Dati!$A$2:$A$451,$H20,Dati!$H$2:$H$451,$AH20)+SUMIFS(Dati!$I$2:$I$451,Dati!$H$2:$H$451,$H20,Dati!$A$2:$A$451,$AH20),"-") | AV20: =$C20 | AW20: =IF(AND($H20<>"",$Y20<>"",$H20<>$Y20,IFERROR(VLOOKUP($H20,areaCercaPuntiClassificaSquadra,3,FALSE),-1)=IFERROR(VLOOKUP($Y20,areaCercaPuntiClassificaSquadra,3,FALSE),-2)),SUMIFS(Dati!$D$2:$D$451,Dati!$A$2:$A$451,$H20,Dati!$H$2:$H$451,$Y20)+SUMIFS(Dati!$K$2:$K$451,Dati!$H$2:$H$451,$H20,Dati!$A$2:$A$451,$Y20)+SUMIFS(Dati!$C$2:$C$451,Dati!$A$2:$A$451,$H20,Dati!$H$2:$H$451,$Y20)+SUMIFS(Dati!$J$2:$J$451,Dati!$H$2:$H$451,$H20,Dati!$A$2:$A$451,$Y20),"-") | AX20: =IF(AND($H20<>"",$Z20<>"",$H20<>$Z20,IFERROR(VLOOKUP($H20,areaCercaPuntiClassificaSquadra,3,FALSE),-1)=IFERROR(VLOOKUP($Z20,areaCercaPuntiClassificaSquadra,3,FALSE),-2)),SUMIFS(Dati!$D$2:$D$451,Dati!$A$2:$A$451,$H20,Dati!$H$2:$H$451,$Z20)+SUMIFS(Dati!$K$2:$K$451,Dati!$H$2:$H$451,$H20,Dati!$A$2:$A$451,$Z20)+SUMIFS(Dati!$C$2:$C$451,Dati!$A$2:$A$451,$H20,Dati!$H$2:$H$451,$Z20)+SUMIFS(Dati!$J$2:$J$451,Dati!$H$2:$H$451,$H20,Dati!$A$2:$A$451,$Z20),"-") | AY20: =IF(AND($H20<>"",$AA20<>"",$H20<>$AA20,IFERROR(VLOOKUP($H20,areaCercaPuntiClassificaSquadra,3,FALSE),-1)=IFERROR(VLOOKUP($AA20,areaCercaPuntiClassificaSquadra,3,FALSE),-2)),SUMIFS(Dati!$D$2:$D$451,Dati!$A$2:$A$451,$H20,Dati!$H$2:$H$451,$AA20)+SUMIFS(Dati!$K$2:$K$451,Dati!$H$2:$H$451,$H20,Dati!$A$2:$A$451,$AA20)+SUMIFS(Dati!$C$2:$C$451,Dati!$A$2:$A$451,$H20,Dati!$H$2:$H$451,$AA20)+SUMIFS(Dati!$J$2:$J$451,Dati!$H$2:$H$451,$H20,Dati!$A$2:$A$451,$AA20),"-") | AZ20: =IF(AND($H20<>"",$AB20<>"",$H20<>$AB20,IFERROR(VLOOKUP($H20,areaCercaPuntiClassificaSquadra,3,FALSE),-1)=IFERROR(VLOOKUP($AB20,areaCercaPuntiClassificaSquadra,3,FALSE),-2)),SUMIFS(Dati!$D$2:$D$451,Dati!$A$2:$A$451,$H20,Dati!$H$2:$H$451,$AB20)+SUMIFS(Dati!$K$2:$K$451,Dati!$H$2:$H$451,$H20,Dati!$A$2:$A$451,$AB20)+SUMIFS(Dati!$C$2:$C$451,Dati!$A$2:$A$451,$H20,Dati!$H$2:$H$451,$AB20)+SUMIFS(Dati!$J$2:$J$451,Dati!$H$2:$H$451,$H20,Dati!$A$2:$A$451,$AB20),"-") | BA20: =IF(AND($H20<>"",$AC20<>"",$H20<>$AC20,IFERROR(VLOOKUP($H20,areaCercaPuntiClassificaSquadra,3,FALSE),-1)=IFERROR(VLOOKUP($AC20,areaCercaPuntiClassificaSquadra,3,FALSE),-2)),SUMIFS(Dati!$D$2:$D$451,Dati!$A$2:$A$451,$H20,Dati!$H$2:$H$451,$AC20)+SUMIFS(Dati!$K$2:$K$451,Dati!$H$2:$H$451,$H20,Dati!$A$2:$A$451,$AC20)+SUMIFS(Dati!$C$2:$C$451,Dati!$A$2:$A$451,$H20,Dati!$H$2:$H$451,$AC20)+SUMIFS(Dati!$J$2:$J$451,Dati!$H$2:$H$451,$H20,Dati!$A$2:$A$451,$AC20),"-") | BB20: =IF(AND($H20<>"",$AD20<>"",$H20<>$AD20,IFERROR(VLOOKUP($H20,areaCercaPuntiClassificaSquadra,3,FALSE),-1)=IFERROR(VLOOKUP($AD20,areaCercaPuntiClassificaSquadra,3,FALSE),-2)),SUMIFS(Dati!$D$2:$D$451,Dati!$A$2:$A$451,$H20,Dati!$H$2:$H$451,$AD20)+SUMIFS(Dati!$K$2:$K$451,Dati!$H$2:$H$451,$H20,Dati!$A$2:$A$451,$AD20)+SUMIFS(Dati!$C$2:$C$451,Dati!$A$2:$A$451,$H20,Dati!$H$2:$H$451,$AD20)+SUMIFS(Dati!$J$2:$J$451,Dati!$H$2:$H$451,$H20,Dati!$A$2:$A$451,$AD20),"-") | BC20: =IF(AND($H20<>"",$AE20<>"",$H20<>$AE20,IFERROR(VLOOKUP($H20,areaCercaPuntiClassificaSquadra,3,FALSE),-1)=IFERROR(VLOOKUP($AE20,areaCercaPuntiClassificaSquadra,3,FALSE),-2)),SUMIFS(Dati!$D$2:$D$451,Dati!$A$2:$A$451,$H20,Dati!$H$2:$H$451,$AE20)+SUMIFS(Dati!$K$2:$K$451,Dati!$H$2:$H$451,$H20,Dati!$A$2:$A$451,$AE20)+SUMIFS(Dati!$C$2:$C$451,Dati!$A$2:$A$451,$H20,Dati!$H$2:$H$451,$AE20)+SUMIFS(Dati!$J$2:$J$451,Dati!$H$2:$H$451,$H20,Dati!$A$2:$A$451,$AE20),"-") | BD20: =IF(AND($H20<>"",$AF20<>"",$H20<>$AF20,IFERROR(VLOOKUP($H20,areaCercaPuntiClassificaSquadra,3,FALSE),-1)=IFERROR(VLOOKUP($AF20,areaCercaPuntiClassificaSquadra,3,FALSE),-2)),SUMIFS(Dati!$D$2:$D$451,Dati!$A$2:$A$451,$H20,Dati!$H$2:$H$451,$AF20)+SUMIFS(Dati!$K$2:$K$451,Dati!$H$2:$H$451,$H20,Dati!$A$2:$A$451,$AF20)+SUMIFS(Dati!$C$2:$C$451,Dati!$A$2:$A$451,$H20,Dati!$H$2:$H$451,$AF20)+SUMIFS(Dati!$J$2:$J$451,Dati!$H$2:$H$451,$H20,Dati!$A$2:$A$451,$AF20),"-") | BE20: =IF(AND($H20<>"",$AG20<>"",$H20<>$AG20,IFERROR(VLOOKUP($H20,areaCercaPuntiClassificaSquadra,3,FALSE),-1)=IFERROR(VLOOKUP($AG20,areaCercaPuntiClassificaSquadra,3,FALSE),-2)),SUMIFS(Dati!$D$2:$D$451,Dati!$A$2:$A$451,$H20,Dati!$H$2:$H$451,$AG20)+SUMIFS(Dati!$K$2:$K$451,Dati!$H$2:$H$451,$H20,Dati!$A$2:$A$451,$AG20)+SUMIFS(Dati!$C$2:$C$451,Dati!$A$2:$A$451,$H20,Dati!$H$2:$H$451,$AG20)+SUMIFS(Dati!$J$2:$J$451,Dati!$H$2:$H$451,$H20,Dati!$A$2:$A$451,$AG20),"-") | BF20: =IF(AND($H20<>"",$AH20<>"",$H20<>$AH20,IFERROR(VLOOKUP($H20,areaCercaPuntiClassificaSquadra,3,FALSE),-1)=IFERROR(VLOOKUP($AH20,areaCercaPuntiClassificaSquadra,3,FALSE),-2)),SUMIFS(Dati!$D$2:$D$451,Dati!$A$2:$A$451,$H20,Dati!$H$2:$H$451,$AH20)+SUMIFS(Dati!$K$2:$K$451,Dati!$H$2:$H$451,$H20,Dati!$A$2:$A$451,$AH20)+SUMIFS(Dati!$C$2:$C$451,Dati!$A$2:$A$451,$H20,Dati!$H$2:$H$451,$AH20)+SUMIFS(Dati!$J$2:$J$451,Dati!$H$2:$H$451,$H20,Dati!$A$2:$A$451,$AH20),"-") | BH20: =$C20 | BI20: =IF(AND($H20<>"",$Y20<>"",$H20<>$Y20,IFERROR(VLOOKUP($H20,areaCercaPuntiClassificaSquadra,3,FALSE),-1)=IFERROR(VLOOKUP($Y20,areaCercaPuntiClassificaSquadra,3,FALSE),-2)),SUMIFS(Dati!$E$2:$E$451,Dati!$A$2:$A$451,$H20,Dati!$H$2:$H$451,$Y20)+SUMIFS(Dati!$L$2:$L$451,Dati!$H$2:$H$451,$H20,Dati!$A$2:$A$451,$Y20),"-") | BJ20: =IF(AND($H20<>"",$Z20<>"",$H20<>$Z20,IFERROR(VLOOKUP($H20,areaCercaPuntiClassificaSquadra,3,FALSE),-1)=IFERROR(VLOOKUP($Z20,areaCercaPuntiClassificaSquadra,3,FALSE),-2)),SUMIFS(Dati!$E$2:$E$451,Dati!$A$2:$A$451,$H20,Dati!$H$2:$H$451,$Z20)+SUMIFS(Dati!$L$2:$L$451,Dati!$H$2:$H$451,$H20,Dati!$A$2:$A$451,$Z20),"-") | BK20: =IF(AND($H20<>"",$AA20<>"",$H20<>$AA20,IFERROR(VLOOKUP($H20,areaCercaPuntiClassificaSquadra,3,FALSE),-1)=IFERROR(VLOOKUP($AA20,areaCercaPuntiClassificaSquadra,3,FALSE),-2)),SUMIFS(Dati!$E$2:$E$451,Dati!$A$2:$A$451,$H20,Dati!$H$2:$H$451,$AA20)+SUMIFS(Dati!$L$2:$L$451,Dati!$H$2:$H$451,$H20,Dati!$A$2:$A$451,$AA20),"-") | BL20: =IF(AND($H20<>"",$AB20<>"",$H20<>$AB20,IFERROR(VLOOKUP($H20,areaCercaPuntiClassificaSquadra,3,FALSE),-1)=IFERROR(VLOOKUP($AB20,areaCercaPuntiClassificaSquadra,3,FALSE),-2)),SUMIFS(Dati!$E$2:$E$451,Dati!$A$2:$A$451,$H20,Dati!$H$2:$H$451,$AB20)+SUMIFS(Dati!$L$2:$L$451,Dati!$H$2:$H$451,$H20,Dati!$A$2:$A$451,$AB20),"-") | BM20: =IF(AND($H20<>"",$AC20<>"",$H20<>$AC20,IFERROR(VLOOKUP($H20,areaCercaPuntiClassificaSquadra,3,FALSE),-1)=IFERROR(VLOOKUP($AC20,areaCercaPuntiClassificaSquadra,3,FALSE),-2)),SUMIFS(Dati!$E$2:$E$451,Dati!$A$2:$A$451,$H20,Dati!$H$2:$H$451,$AC20)+SUMIFS(Dati!$L$2:$L$451,Dati!$H$2:$H$451,$H20,Dati!$A$2:$A$451,$AC20),"-") | BN20: =IF(AND($H20<>"",$AD20<>"",$H20<>$AD20,IFERROR(VLOOKUP($H20,areaCercaPuntiClassificaSquadra,3,FALSE),-1)=IFERROR(VLOOKUP($AD20,areaCercaPuntiClassificaSquadra,3,FALSE),-2)),SUMIFS(Dati!$E$2:$E$451,Dati!$A$2:$A$451,$H20,Dati!$H$2:$H$451,$AD20)+SUMIFS(Dati!$L$2:$L$451,Dati!$H$2:$H$451,$H20,Dati!$A$2:$A$451,$AD20),"-") | BO20: =IF(AND($H20<>"",$AE20<>"",$H20<>$AE20,IFERROR(VLOOKUP($H20,areaCercaPuntiClassificaSquadra,3,FALSE),-1)=IFERROR(VLOOKUP($AE20,areaCercaPuntiClassificaSquadra,3,FALSE),-2)),SUMIFS(Dati!$E$2:$E$451,Dati!$A$2:$A$451,$H20,Dati!$H$2:$H$451,$AE20)+SUMIFS(Dati!$L$2:$L$451,Dati!$H$2:$H$451,$H20,Dati!$A$2:$A$451,$AE20),"-") | BP20: =IF(AND($H20<>"",$AF20<>"",$H20<>$AF20,IFERROR(VLOOKUP($H20,areaCercaPuntiClassificaSquadra,3,FALSE),-1)=IFERROR(VLOOKUP($AF20,areaCercaPuntiClassificaSquadra,3,FALSE),-2)),SUMIFS(Dati!$E$2:$E$451,Dati!$A$2:$A$451,$H20,Dati!$H$2:$H$451,$AF20)+SUMIFS(Dati!$L$2:$L$451,Dati!$H$2:$H$451,$H20,Dati!$A$2:$A$451,$AF20),"-") | BQ20: =IF(AND($H20<>"",$AG20<>"",$H20<>$AG20,IFERROR(VLOOKUP($H20,areaCercaPuntiClassificaSquadra,3,FALSE),-1)=IFERROR(VLOOKUP($AG20,areaCercaPuntiClassificaSquadra,3,FALSE),-2)),SUMIFS(Dati!$E$2:$E$451,Dati!$A$2:$A$451,$H20,Dati!$H$2:$H$451,$AG20)+SUMIFS(Dati!$L$2:$L$451,Dati!$H$2:$H$451,$H20,Dati!$A$2:$A$451,$AG20),"-") | BR20: =IF(AND($H20<>"",$AH20<>"",$H20<>$AH20,IFERROR(VLOOKUP($H20,areaCercaPuntiClassificaSquadra,3,FALSE),-1)=IFERROR(VLOOKUP($AH20,areaCercaPuntiClassificaSquadra,3,FALSE),-2)),SUMIFS(Dati!$E$2:$E$451,Dati!$A$2:$A$451,$H20,Dati!$H$2:$H$451,$AH20)+SUMIFS(Dati!$L$2:$L$451,Dati!$H$2:$H$451,$H20,Dati!$A$2:$A$451,$AH20),"-") | BT20: =$C20 | BU20: =IF(AND($H20<>"",$Y20<>"",$H20<>$Y20,IFERROR(VLOOKUP($H20,areaCercaPuntiClassificaSquadra,3,FALSE),-1)=IFERROR(VLOOKUP($Y20,areaCercaPuntiClassificaSquadra,3,FALSE),-2)),SUMIFS(Dati!$F$2:$F$451,Dati!$A$2:$A$451,$H20,Dati!$H$2:$H$451,$Y20)+SUMIFS(Dati!$M$2:$M$451,Dati!$H$2:$H$451,$H20,Dati!$A$2:$A$451,$Y20),"-") | BV20: =IF(AND($H20<>"",$Z20<>"",$H20<>$Z20,IFERROR(VLOOKUP($H20,areaCercaPuntiClassificaSquadra,3,FALSE),-1)=IFERROR(VLOOKUP($Z20,areaCercaPuntiClassificaSquadra,3,FALSE),-2)),SUMIFS(Dati!$F$2:$F$451,Dati!$A$2:$A$451,$H20,Dati!$H$2:$H$451,$Z20)+SUMIFS(Dati!$M$2:$M$451,Dati!$H$2:$H$451,$H20,Dati!$A$2:$A$451,$Z20),"-") | BW20: =IF(AND($H20<>"",$AA20<>"",$H20<>$AA20,IFERROR(VLOOKUP($H20,areaCercaPuntiClassificaSquadra,3,FALSE),-1)=IFERROR(VLOOKUP($AA20,areaCercaPuntiClassificaSquadra,3,FALSE),-2)),SUMIFS(Dati!$F$2:$F$451,Dati!$A$2:$A$451,$H20,Dati!$H$2:$H$451,$AA20)+SUMIFS(Dati!$M$2:$M$451,Dati!$H$2:$H$451,$H20,Dati!$A$2:$A$451,$AA20),"-") | BX20: =IF(AND($H20<>"",$AB20<>"",$H20<>$AB20,IFERROR(VLOOKUP($H20,areaCercaPuntiClassificaSquadra,3,FALSE),-1)=IFERROR(VLOOKUP($AB20,areaCercaPuntiClassificaSquadra,3,FALSE),-2)),SUMIFS(Dati!$F$2:$F$451,Dati!$A$2:$A$451,$H20,Dati!$H$2:$H$451,$AB20)+SUMIFS(Dati!$M$2:$M$451,Dati!$H$2:$H$451,$H20,Dati!$A$2:$A$451,$AB20),"-") | BY20: =IF(AND($H20<>"",$AC20<>"",$H20<>$AC20,IFERROR(VLOOKUP($H20,areaCercaPuntiClassificaSquadra,3,FALSE),-1)=IFERROR(VLOOKUP($AC20,areaCercaPuntiClassificaSquadra,3,FALSE),-2)),SUMIFS(Dati!$F$2:$F$451,Dati!$A$2:$A$451,$H20,Dati!$H$2:$H$451,$AC20)+SUMIFS(Dati!$M$2:$M$451,Dati!$H$2:$H$451,$H20,Dati!$A$2:$A$451,$AC20),"-") | BZ20: =IF(AND($H20<>"",$AD20<>"",$H20<>$AD20,IFERROR(VLOOKUP($H20,areaCercaPuntiClassificaSquadra,3,FALSE),-1)=IFERROR(VLOOKUP($AD20,areaCercaPuntiClassificaSquadra,3,FALSE),-2)),SUMIFS(Dati!$F$2:$F$451,Dati!$A$2:$A$451,$H20,Dati!$H$2:$H$451,$AD20)+SUMIFS(Dati!$M$2:$M$451,Dati!$H$2:$H$451,$H20,Dati!$A$2:$A$451,$AD20),"-") | CA20: =IF(AND($H20<>"",$AE20<>"",$H20<>$AE20,IFERROR(VLOOKUP($H20,areaCercaPuntiClassificaSquadra,3,FALSE),-1)=IFERROR(VLOOKUP($AE20,areaCercaPuntiClassificaSquadra,3,FALSE),-2)),SUMIFS(Dati!$F$2:$F$451,Dati!$A$2:$A$451,$H20,Dati!$H$2:$H$451,$AE20)+SUMIFS(Dati!$M$2:$M$451,Dati!$H$2:$H$451,$H20,Dati!$A$2:$A$451,$AE20),"-") | CB20: =IF(AND($H20<>"",$AF20<>"",$H20<>$AF20,IFERROR(VLOOKUP($H20,areaCercaPuntiClassificaSquadra,3,FALSE),-1)=IFERROR(VLOOKUP($AF20,areaCercaPuntiClassificaSquadra,3,FALSE),-2)),SUMIFS(Dati!$F$2:$F$451,Dati!$A$2:$A$451,$H20,Dati!$H$2:$H$451,$AF20)+SUMIFS(Dati!$M$2:$M$451,Dati!$H$2:$H$451,$H20,Dati!$A$2:$A$451,$AF20),"-") | CC20: =IF(AND($H20<>"",$AG20<>"",$H20<>$AG20,IFERROR(VLOOKUP($H20,areaCercaPuntiClassificaSquadra,3,FALSE),-1)=IFERROR(VLOOKUP($AG20,areaCercaPuntiClassificaSquadra,3,FALSE),-2)),SUMIFS(Dati!$F$2:$F$451,Dati!$A$2:$A$451,$H20,Dati!$H$2:$H$451,$AG20)+SUMIFS(Dati!$M$2:$M$451,Dati!$H$2:$H$451,$H20,Dati!$A$2:$A$451,$AG20),"-") | CD20: =IF(AND($H20<>"",$AH20<>"",$H20<>$AH20,IFERROR(VLOOKUP($H20,areaCercaPuntiClassificaSquadra,3,FALSE),-1)=IFERROR(VLOOKUP($AH20,areaCercaPuntiClassificaSquadra,3,FALSE),-2)),SUMIFS(Dati!$F$2:$F$451,Dati!$A$2:$A$451,$H20,Dati!$H$2:$H$451,$AH20)+SUMIFS(Dati!$M$2:$M$451,Dati!$H$2:$H$451,$H20,Dati!$A$2:$A$451,$AH20),"-") | CF20: =IF($C20="","",SUM(AK20:AT20))
B21: A08 | E21: A | G21: =IF($C21="","",$E21&(COUNTIFS(I$14:I$113,">"&I21,E$14:E$113,"="&E21,C$14:C$113,"<>")+COUNTIFS(I$14:I$113,"="&I21,H$14:H$113,"<="&H21,E$14:E$113,"="&E21,C$14:C$113,"<>"))) | H21: =IF($C21="","",IFERROR(LEFT($C21,FIND("-",$C21)-1),$C21)) | I21: =TEXT(1000000000+J21,"|0000000000|")&TEXT(SUM(AK21:AT21),"0000000000|")&IF(SUM(BU21:CD21)=0,"0000000000|",TEXT(ROUND(SUM(BI21:BR21)/SUM(BU21:CD21),4)*100000,"0000000000|"))&IF(P21=0,"0000000000|",TEXT(ROUND(O21/P21,4)*100000,"0000000000|")) | J21: =L21*constPuntiVittoria+M21*constPuntiSconfitta+N21*constPuntiForfait+IF(D21="",0,D21) | K21: =SUM(L21:N21) | L21: =IF($H21="",0,SUMIF(Dati!$A$2:$A$451,$H21,Dati!$B$2:$B$451)+SUMIF(Dati!$H$2:$H$451,$H21,Dati!$I$2:$I$451)) | M21: =IF($H21="",0,SUMIF(Dati!$A$2:$A$451,$H21,Dati!$D$2:$D$451)+SUMIF(Dati!$H$2:$H$451,$H21,Dati!$K$2:$K$451)) | N21: =IF($H21="",0,SUMIF(Dati!$A$2:$A$451,$H21,Dati!$C$2:$C$451)+SUMIF(Dati!$H$2:$H$451,$H21,Dati!$J$2:$J$451)) | O21: =IF($H21="",0,SUMIF(Dati!$A$2:$A$451,$H21,Dati!$E$2:$E$451)+SUMIF(Dati!$H$2:$H$451,$H21,Dati!$L$2:$L$451)) | P21: =IF($H21="",0,SUMIF(Dati!$A$2:$A$451,$H21,Dati!$F$2:$F$451)+SUMIF(Dati!$H$2:$H$451,$H21,Dati!$M$2:$M$451)) | Q21: =IF($H21="",0,SUMIF(Dati!$A$2:$A$451,$H21,Dati!$G$2:$G$451)+SUMIF(Dati!$H$2:$H$451,$H21,Dati!$N$2:$N$451)) | R21: =IF(K21=0,0,ROUND(O21/K21,2)) | S21: =IF(K21=0,0,ROUND(P21/K21,2)) | T21: =IF(K21=0,0,ROUND(Q21/K21,2)) | U21: =IF(COUNTIFS($E$14:$E$113,$E21,$J$14:$J$113,$J21,$C$14:$C$113,"<>")<=1,"-",SUM(AK21:AT21)&"-"&SUM(AW21:BF21)) | V21: =IF(COUNTIFS($E$14:$E$113,$E21,$J$14:$J$113,$J21,$C$14:$C$113,"<>",$CF$14:$CF$113,$CF21)<=1,"-",IF(SUM(BU21:CD21)=0,0,ROUND(SUM(BI21:BR21)/SUM(BU21:CD21),3))) | W21: =IF(COUNTIFS($E$14:$E$113,$E21,$J$14:$J$113,$J21,$C$14:$C$113,"<>",$CF$14:$CF$113,$CF21,$V$14:$V$113,$V21)<=1,"-",IF(P21=0,0,ROUND(O21/P21,3))) | X21: =IF($C21="","",$E21&"#"&COUNTIFS($E$14:$E21,$E21,$C$14:$C21,"<>")) | Y21: =IFERROR(INDEX($H$14:$H$113,MATCH($E21&"#1",$X$14:$X$113,0)),"") | Z21: =IFERROR(INDEX($H$14:$H$113,MATCH($E21&"#2",$X$14:$X$113,0)),"") | AA21: =IFERROR(INDEX($H$14:$H$113,MATCH($E21&"#3",$X$14:$X$113,0)),"") | AB21: =IFERROR(INDEX($H$14:$H$113,MATCH($E21&"#4",$X$14:$X$113,0)),"") | AC21: =IFERROR(INDEX($H$14:$H$113,MATCH($E21&"#5",$X$14:$X$113,0)),"") | AD21: =IFERROR(INDEX($H$14:$H$113,MATCH($E21&"#6",$X$14:$X$113,0)),"") | AE21: =IFERROR(INDEX($H$14:$H$113,MATCH($E21&"#7",$X$14:$X$113,0)),"") | AF21: =IFERROR(INDEX($H$14:$H$113,MATCH($E21&"#8",$X$14:$X$113,0)),"") | AG21: =IFERROR(INDEX($H$14:$H$113,MATCH($E21&"#9",$X$14:$X$113,0)),"") | AH21: =IFERROR(INDEX($H$14:$H$113,MATCH($E21&"#10",$X$14:$X$113,0)),"") | AJ21: =$C21 | AK21: =IF(AND($H21<>"",$Y21<>"",$H21<>$Y21,IFERROR(VLOOKUP($H21,areaCercaPuntiClassificaSquadra,3,FALSE),-1)=IFERROR(VLOOKUP($Y21,areaCercaPuntiClassificaSquadra,3,FALSE),-2)),SUMIFS(Dati!$B$2:$B$451,Dati!$A$2:$A$451,$H21,Dati!$H$2:$H$451,$Y21)+SUMIFS(Dati!$I$2:$I$451,Dati!$H$2:$H$451,$H21,Dati!$A$2:$A$451,$Y21),"-") | AL21: =IF(AND($H21<>"",$Z21<>"",$H21<>$Z21,IFERROR(VLOOKUP($H21,areaCercaPuntiClassificaSquadra,3,FALSE),-1)=IFERROR(VLOOKUP($Z21,areaCercaPuntiClassificaSquadra,3,FALSE),-2)),SUMIFS(Dati!$B$2:$B$451,Dati!$A$2:$A$451,$H21,Dati!$H$2:$H$451,$Z21)+SUMIFS(Dati!$I$2:$I$451,Dati!$H$2:$H$451,$H21,Dati!$A$2:$A$451,$Z21),"-") | AM21: =IF(AND($H21<>"",$AA21<>"",$H21<>$AA21,IFERROR(VLOOKUP($H21,areaCercaPuntiClassificaSquadra,3,FALSE),-1)=IFERROR(VLOOKUP($AA21,areaCercaPuntiClassificaSquadra,3,FALSE),-2)),SUMIFS(Dati!$B$2:$B$451,Dati!$A$2:$A$451,$H21,Dati!$H$2:$H$451,$AA21)+SUMIFS(Dati!$I$2:$I$451,Dati!$H$2:$H$451,$H21,Dati!$A$2:$A$451,$AA21),"-") | AN21: =IF(AND($H21<>"",$AB21<>"",$H21<>$AB21,IFERROR(VLOOKUP($H21,areaCercaPuntiClassificaSquadra,3,FALSE),-1)=IFERROR(VLOOKUP($AB21,areaCercaPuntiClassificaSquadra,3,FALSE),-2)),SUMIFS(Dati!$B$2:$B$451,Dati!$A$2:$A$451,$H21,Dati!$H$2:$H$451,$AB21)+SUMIFS(Dati!$I$2:$I$451,Dati!$H$2:$H$451,$H21,Dati!$A$2:$A$451,$AB21),"-") | AO21: =IF(AND($H21<>"",$AC21<>"",$H21<>$AC21,IFERROR(VLOOKUP($H21,areaCercaPuntiClassificaSquadra,3,FALSE),-1)=IFERROR(VLOOKUP($AC21,areaCercaPuntiClassificaSquadra,3,FALSE),-2)),SUMIFS(Dati!$B$2:$B$451,Dati!$A$2:$A$451,$H21,Dati!$H$2:$H$451,$AC21)+SUMIFS(Dati!$I$2:$I$451,Dati!$H$2:$H$451,$H21,Dati!$A$2:$A$451,$AC21),"-") | AP21: =IF(AND($H21<>"",$AD21<>"",$H21<>$AD21,IFERROR(VLOOKUP($H21,areaCercaPuntiClassificaSquadra,3,FALSE),-1)=IFERROR(VLOOKUP($AD21,areaCercaPuntiClassificaSquadra,3,FALSE),-2)),SUMIFS(Dati!$B$2:$B$451,Dati!$A$2:$A$451,$H21,Dati!$H$2:$H$451,$AD21)+SUMIFS(Dati!$I$2:$I$451,Dati!$H$2:$H$451,$H21,Dati!$A$2:$A$451,$AD21),"-") | AQ21: =IF(AND($H21<>"",$AE21<>"",$H21<>$AE21,IFERROR(VLOOKUP($H21,areaCercaPuntiClassificaSquadra,3,FALSE),-1)=IFERROR(VLOOKUP($AE21,areaCercaPuntiClassificaSquadra,3,FALSE),-2)),SUMIFS(Dati!$B$2:$B$451,Dati!$A$2:$A$451,$H21,Dati!$H$2:$H$451,$AE21)+SUMIFS(Dati!$I$2:$I$451,Dati!$H$2:$H$451,$H21,Dati!$A$2:$A$451,$AE21),"-") | AR21: =IF(AND($H21<>"",$AF21<>"",$H21<>$AF21,IFERROR(VLOOKUP($H21,areaCercaPuntiClassificaSquadra,3,FALSE),-1)=IFERROR(VLOOKUP($AF21,areaCercaPuntiClassificaSquadra,3,FALSE),-2)),SUMIFS(Dati!$B$2:$B$451,Dati!$A$2:$A$451,$H21,Dati!$H$2:$H$451,$AF21)+SUMIFS(Dati!$I$2:$I$451,Dati!$H$2:$H$451,$H21,Dati!$A$2:$A$451,$AF21),"-") | AS21: =IF(AND($H21<>"",$AG21<>"",$H21<>$AG21,IFERROR(VLOOKUP($H21,areaCercaPuntiClassificaSquadra,3,FALSE),-1)=IFERROR(VLOOKUP($AG21,areaCercaPuntiClassificaSquadra,3,FALSE),-2)),SUMIFS(Dati!$B$2:$B$451,Dati!$A$2:$A$451,$H21,Dati!$H$2:$H$451,$AG21)+SUMIFS(Dati!$I$2:$I$451,Dati!$H$2:$H$451,$H21,Dati!$A$2:$A$451,$AG21),"-") | AT21: =IF(AND($H21<>"",$AH21<>"",$H21<>$AH21,IFERROR(VLOOKUP($H21,areaCercaPuntiClassificaSquadra,3,FALSE),-1)=IFERROR(VLOOKUP($AH21,areaCercaPuntiClassificaSquadra,3,FALSE),-2)),SUMIFS(Dati!$B$2:$B$451,Dati!$A$2:$A$451,$H21,Dati!$H$2:$H$451,$AH21)+SUMIFS(Dati!$I$2:$I$451,Dati!$H$2:$H$451,$H21,Dati!$A$2:$A$451,$AH21),"-") | AV21: =$C21 | AW21: =IF(AND($H21<>"",$Y21<>"",$H21<>$Y21,IFERROR(VLOOKUP($H21,areaCercaPuntiClassificaSquadra,3,FALSE),-1)=IFERROR(VLOOKUP($Y21,areaCercaPuntiClassificaSquadra,3,FALSE),-2)),SUMIFS(Dati!$D$2:$D$451,Dati!$A$2:$A$451,$H21,Dati!$H$2:$H$451,$Y21)+SUMIFS(Dati!$K$2:$K$451,Dati!$H$2:$H$451,$H21,Dati!$A$2:$A$451,$Y21)+SUMIFS(Dati!$C$2:$C$451,Dati!$A$2:$A$451,$H21,Dati!$H$2:$H$451,$Y21)+SUMIFS(Dati!$J$2:$J$451,Dati!$H$2:$H$451,$H21,Dati!$A$2:$A$451,$Y21),"-") | AX21: =IF(AND($H21<>"",$Z21<>"",$H21<>$Z21,IFERROR(VLOOKUP($H21,areaCercaPuntiClassificaSquadra,3,FALSE),-1)=IFERROR(VLOOKUP($Z21,areaCercaPuntiClassificaSquadra,3,FALSE),-2)),SUMIFS(Dati!$D$2:$D$451,Dati!$A$2:$A$451,$H21,Dati!$H$2:$H$451,$Z21)+SUMIFS(Dati!$K$2:$K$451,Dati!$H$2:$H$451,$H21,Dati!$A$2:$A$451,$Z21)+SUMIFS(Dati!$C$2:$C$451,Dati!$A$2:$A$451,$H21,Dati!$H$2:$H$451,$Z21)+SUMIFS(Dati!$J$2:$J$451,Dati!$H$2:$H$451,$H21,Dati!$A$2:$A$451,$Z21),"-") | AY21: =IF(AND($H21<>"",$AA21<>"",$H21<>$AA21,IFERROR(VLOOKUP($H21,areaCercaPuntiClassificaSquadra,3,FALSE),-1)=IFERROR(VLOOKUP($AA21,areaCercaPuntiClassificaSquadra,3,FALSE),-2)),SUMIFS(Dati!$D$2:$D$451,Dati!$A$2:$A$451,$H21,Dati!$H$2:$H$451,$AA21)+SUMIFS(Dati!$K$2:$K$451,Dati!$H$2:$H$451,$H21,Dati!$A$2:$A$451,$AA21)+SUMIFS(Dati!$C$2:$C$451,Dati!$A$2:$A$451,$H21,Dati!$H$2:$H$451,$AA21)+SUMIFS(Dati!$J$2:$J$451,Dati!$H$2:$H$451,$H21,Dati!$A$2:$A$451,$AA21),"-") | AZ21: =IF(AND($H21<>"",$AB21<>"",$H21<>$AB21,IFERROR(VLOOKUP($H21,areaCercaPuntiClassificaSquadra,3,FALSE),-1)=IFERROR(VLOOKUP($AB21,areaCercaPuntiClassificaSquadra,3,FALSE),-2)),SUMIFS(Dati!$D$2:$D$451,Dati!$A$2:$A$451,$H21,Dati!$H$2:$H$451,$AB21)+SUMIFS(Dati!$K$2:$K$451,Dati!$H$2:$H$451,$H21,Dati!$A$2:$A$451,$AB21)+SUMIFS(Dati!$C$2:$C$451,Dati!$A$2:$A$451,$H21,Dati!$H$2:$H$451,$AB21)+SUMIFS(Dati!$J$2:$J$451,Dati!$H$2:$H$451,$H21,Dati!$A$2:$A$451,$AB21),"-") | BA21: =IF(AND($H21<>"",$AC21<>"",$H21<>$AC21,IFERROR(VLOOKUP($H21,areaCercaPuntiClassificaSquadra,3,FALSE),-1)=IFERROR(VLOOKUP($AC21,areaCercaPuntiClassificaSquadra,3,FALSE),-2)),SUMIFS(Dati!$D$2:$D$451,Dati!$A$2:$A$451,$H21,Dati!$H$2:$H$451,$AC21)+SUMIFS(Dati!$K$2:$K$451,Dati!$H$2:$H$451,$H21,Dati!$A$2:$A$451,$AC21)+SUMIFS(Dati!$C$2:$C$451,Dati!$A$2:$A$451,$H21,Dati!$H$2:$H$451,$AC21)+SUMIFS(Dati!$J$2:$J$451,Dati!$H$2:$H$451,$H21,Dati!$A$2:$A$451,$AC21),"-") | BB21: =IF(AND($H21<>"",$AD21<>"",$H21<>$AD21,IFERROR(VLOOKUP($H21,areaCercaPuntiClassificaSquadra,3,FALSE),-1)=IFERROR(VLOOKUP($AD21,areaCercaPuntiClassificaSquadra,3,FALSE),-2)),SUMIFS(Dati!$D$2:$D$451,Dati!$A$2:$A$451,$H21,Dati!$H$2:$H$451,$AD21)+SUMIFS(Dati!$K$2:$K$451,Dati!$H$2:$H$451,$H21,Dati!$A$2:$A$451,$AD21)+SUMIFS(Dati!$C$2:$C$451,Dati!$A$2:$A$451,$H21,Dati!$H$2:$H$451,$AD21)+SUMIFS(Dati!$J$2:$J$451,Dati!$H$2:$H$451,$H21,Dati!$A$2:$A$451,$AD21),"-") | BC21: =IF(AND($H21<>"",$AE21<>"",$H21<>$AE21,IFERROR(VLOOKUP($H21,areaCercaPuntiClassificaSquadra,3,FALSE),-1)=IFERROR(VLOOKUP($AE21,areaCercaPuntiClassificaSquadra,3,FALSE),-2)),SUMIFS(Dati!$D$2:$D$451,Dati!$A$2:$A$451,$H21,Dati!$H$2:$H$451,$AE21)+SUMIFS(Dati!$K$2:$K$451,Dati!$H$2:$H$451,$H21,Dati!$A$2:$A$451,$AE21)+SUMIFS(Dati!$C$2:$C$451,Dati!$A$2:$A$451,$H21,Dati!$H$2:$H$451,$AE21)+SUMIFS(Dati!$J$2:$J$451,Dati!$H$2:$H$451,$H21,Dati!$A$2:$A$451,$AE21),"-") | BD21: =IF(AND($H21<>"",$AF21<>"",$H21<>$AF21,IFERROR(VLOOKUP($H21,areaCercaPuntiClassificaSquadra,3,FALSE),-1)=IFERROR(VLOOKUP($AF21,areaCercaPuntiClassificaSquadra,3,FALSE),-2)),SUMIFS(Dati!$D$2:$D$451,Dati!$A$2:$A$451,$H21,Dati!$H$2:$H$451,$AF21)+SUMIFS(Dati!$K$2:$K$451,Dati!$H$2:$H$451,$H21,Dati!$A$2:$A$451,$AF21)+SUMIFS(Dati!$C$2:$C$451,Dati!$A$2:$A$451,$H21,Dati!$H$2:$H$451,$AF21)+SUMIFS(Dati!$J$2:$J$451,Dati!$H$2:$H$451,$H21,Dati!$A$2:$A$451,$AF21),"-") | BE21: =IF(AND($H21<>"",$AG21<>"",$H21<>$AG21,IFERROR(VLOOKUP($H21,areaCercaPuntiClassificaSquadra,3,FALSE),-1)=IFERROR(VLOOKUP($AG21,areaCercaPuntiClassificaSquadra,3,FALSE),-2)),SUMIFS(Dati!$D$2:$D$451,Dati!$A$2:$A$451,$H21,Dati!$H$2:$H$451,$AG21)+SUMIFS(Dati!$K$2:$K$451,Dati!$H$2:$H$451,$H21,Dati!$A$2:$A$451,$AG21)+SUMIFS(Dati!$C$2:$C$451,Dati!$A$2:$A$451,$H21,Dati!$H$2:$H$451,$AG21)+SUMIFS(Dati!$J$2:$J$451,Dati!$H$2:$H$451,$H21,Dati!$A$2:$A$451,$AG21),"-") | BF21: =IF(AND($H21<>"",$AH21<>"",$H21<>$AH21,IFERROR(VLOOKUP($H21,areaCercaPuntiClassificaSquadra,3,FALSE),-1)=IFERROR(VLOOKUP($AH21,areaCercaPuntiClassificaSquadra,3,FALSE),-2)),SUMIFS(Dati!$D$2:$D$451,Dati!$A$2:$A$451,$H21,Dati!$H$2:$H$451,$AH21)+SUMIFS(Dati!$K$2:$K$451,Dati!$H$2:$H$451,$H21,Dati!$A$2:$A$451,$AH21)+SUMIFS(Dati!$C$2:$C$451,Dati!$A$2:$A$451,$H21,Dati!$H$2:$H$451,$AH21)+SUMIFS(Dati!$J$2:$J$451,Dati!$H$2:$H$451,$H21,Dati!$A$2:$A$451,$AH21),"-") | BH21: =$C21 | BI21: =IF(AND($H21<>"",$Y21<>"",$H21<>$Y21,IFERROR(VLOOKUP($H21,areaCercaPuntiClassificaSquadra,3,FALSE),-1)=IFERROR(VLOOKUP($Y21,areaCercaPuntiClassificaSquadra,3,FALSE),-2)),SUMIFS(Dati!$E$2:$E$451,Dati!$A$2:$A$451,$H21,Dati!$H$2:$H$451,$Y21)+SUMIFS(Dati!$L$2:$L$451,Dati!$H$2:$H$451,$H21,Dati!$A$2:$A$451,$Y21),"-") | BJ21: =IF(AND($H21<>"",$Z21<>"",$H21<>$Z21,IFERROR(VLOOKUP($H21,areaCercaPuntiClassificaSquadra,3,FALSE),-1)=IFERROR(VLOOKUP($Z21,areaCercaPuntiClassificaSquadra,3,FALSE),-2)),SUMIFS(Dati!$E$2:$E$451,Dati!$A$2:$A$451,$H21,Dati!$H$2:$H$451,$Z21)+SUMIFS(Dati!$L$2:$L$451,Dati!$H$2:$H$451,$H21,Dati!$A$2:$A$451,$Z21),"-") | BK21: =IF(AND($H21<>"",$AA21<>"",$H21<>$AA21,IFERROR(VLOOKUP($H21,areaCercaPuntiClassificaSquadra,3,FALSE),-1)=IFERROR(VLOOKUP($AA21,areaCercaPuntiClassificaSquadra,3,FALSE),-2)),SUMIFS(Dati!$E$2:$E$451,Dati!$A$2:$A$451,$H21,Dati!$H$2:$H$451,$AA21)+SUMIFS(Dati!$L$2:$L$451,Dati!$H$2:$H$451,$H21,Dati!$A$2:$A$451,$AA21),"-") | BL21: =IF(AND($H21<>"",$AB21<>"",$H21<>$AB21,IFERROR(VLOOKUP($H21,areaCercaPuntiClassificaSquadra,3,FALSE),-1)=IFERROR(VLOOKUP($AB21,areaCercaPuntiClassificaSquadra,3,FALSE),-2)),SUMIFS(Dati!$E$2:$E$451,Dati!$A$2:$A$451,$H21,Dati!$H$2:$H$451,$AB21)+SUMIFS(Dati!$L$2:$L$451,Dati!$H$2:$H$451,$H21,Dati!$A$2:$A$451,$AB21),"-") | BM21: =IF(AND($H21<>"",$AC21<>"",$H21<>$AC21,IFERROR(VLOOKUP($H21,areaCercaPuntiClassificaSquadra,3,FALSE),-1)=IFERROR(VLOOKUP($AC21,areaCercaPuntiClassificaSquadra,3,FALSE),-2)),SUMIFS(Dati!$E$2:$E$451,Dati!$A$2:$A$451,$H21,Dati!$H$2:$H$451,$AC21)+SUMIFS(Dati!$L$2:$L$451,Dati!$H$2:$H$451,$H21,Dati!$A$2:$A$451,$AC21),"-") | BN21: =IF(AND($H21<>"",$AD21<>"",$H21<>$AD21,IFERROR(VLOOKUP($H21,areaCercaPuntiClassificaSquadra,3,FALSE),-1)=IFERROR(VLOOKUP($AD21,areaCercaPuntiClassificaSquadra,3,FALSE),-2)),SUMIFS(Dati!$E$2:$E$451,Dati!$A$2:$A$451,$H21,Dati!$H$2:$H$451,$AD21)+SUMIFS(Dati!$L$2:$L$451,Dati!$H$2:$H$451,$H21,Dati!$A$2:$A$451,$AD21),"-") | BO21: =IF(AND($H21<>"",$AE21<>"",$H21<>$AE21,IFERROR(VLOOKUP($H21,areaCercaPuntiClassificaSquadra,3,FALSE),-1)=IFERROR(VLOOKUP($AE21,areaCercaPuntiClassificaSquadra,3,FALSE),-2)),SUMIFS(Dati!$E$2:$E$451,Dati!$A$2:$A$451,$H21,Dati!$H$2:$H$451,$AE21)+SUMIFS(Dati!$L$2:$L$451,Dati!$H$2:$H$451,$H21,Dati!$A$2:$A$451,$AE21),"-") | BP21: =IF(AND($H21<>"",$AF21<>"",$H21<>$AF21,IFERROR(VLOOKUP($H21,areaCercaPuntiClassificaSquadra,3,FALSE),-1)=IFERROR(VLOOKUP($AF21,areaCercaPuntiClassificaSquadra,3,FALSE),-2)),SUMIFS(Dati!$E$2:$E$451,Dati!$A$2:$A$451,$H21,Dati!$H$2:$H$451,$AF21)+SUMIFS(Dati!$L$2:$L$451,Dati!$H$2:$H$451,$H21,Dati!$A$2:$A$451,$AF21),"-") | BQ21: =IF(AND($H21<>"",$AG21<>"",$H21<>$AG21,IFERROR(VLOOKUP($H21,areaCercaPuntiClassificaSquadra,3,FALSE),-1)=IFERROR(VLOOKUP($AG21,areaCercaPuntiClassificaSquadra,3,FALSE),-2)),SUMIFS(Dati!$E$2:$E$451,Dati!$A$2:$A$451,$H21,Dati!$H$2:$H$451,$AG21)+SUMIFS(Dati!$L$2:$L$451,Dati!$H$2:$H$451,$H21,Dati!$A$2:$A$451,$AG21),"-") | BR21: =IF(AND($H21<>"",$AH21<>"",$H21<>$AH21,IFERROR(VLOOKUP($H21,areaCercaPuntiClassificaSquadra,3,FALSE),-1)=IFERROR(VLOOKUP($AH21,areaCercaPuntiClassificaSquadra,3,FALSE),-2)),SUMIFS(Dati!$E$2:$E$451,Dati!$A$2:$A$451,$H21,Dati!$H$2:$H$451,$AH21)+SUMIFS(Dati!$L$2:$L$451,Dati!$H$2:$H$451,$H21,Dati!$A$2:$A$451,$AH21),"-") | BT21: =$C21 | BU21: =IF(AND($H21<>"",$Y21<>"",$H21<>$Y21,IFERROR(VLOOKUP($H21,areaCercaPuntiClassificaSquadra,3,FALSE),-1)=IFERROR(VLOOKUP($Y21,areaCercaPuntiClassificaSquadra,3,FALSE),-2)),SUMIFS(Dati!$F$2:$F$451,Dati!$A$2:$A$451,$H21,Dati!$H$2:$H$451,$Y21)+SUMIFS(Dati!$M$2:$M$451,Dati!$H$2:$H$451,$H21,Dati!$A$2:$A$451,$Y21),"-") | BV21: =IF(AND($H21<>"",$Z21<>"",$H21<>$Z21,IFERROR(VLOOKUP($H21,areaCercaPuntiClassificaSquadra,3,FALSE),-1)=IFERROR(VLOOKUP($Z21,areaCercaPuntiClassificaSquadra,3,FALSE),-2)),SUMIFS(Dati!$F$2:$F$451,Dati!$A$2:$A$451,$H21,Dati!$H$2:$H$451,$Z21)+SUMIFS(Dati!$M$2:$M$451,Dati!$H$2:$H$451,$H21,Dati!$A$2:$A$451,$Z21),"-") | BW21: =IF(AND($H21<>"",$AA21<>"",$H21<>$AA21,IFERROR(VLOOKUP($H21,areaCercaPuntiClassificaSquadra,3,FALSE),-1)=IFERROR(VLOOKUP($AA21,areaCercaPuntiClassificaSquadra,3,FALSE),-2)),SUMIFS(Dati!$F$2:$F$451,Dati!$A$2:$A$451,$H21,Dati!$H$2:$H$451,$AA21)+SUMIFS(Dati!$M$2:$M$451,Dati!$H$2:$H$451,$H21,Dati!$A$2:$A$451,$AA21),"-") | BX21: =IF(AND($H21<>"",$AB21<>"",$H21<>$AB21,IFERROR(VLOOKUP($H21,areaCercaPuntiClassificaSquadra,3,FALSE),-1)=IFERROR(VLOOKUP($AB21,areaCercaPuntiClassificaSquadra,3,FALSE),-2)),SUMIFS(Dati!$F$2:$F$451,Dati!$A$2:$A$451,$H21,Dati!$H$2:$H$451,$AB21)+SUMIFS(Dati!$M$2:$M$451,Dati!$H$2:$H$451,$H21,Dati!$A$2:$A$451,$AB21),"-") | BY21: =IF(AND($H21<>"",$AC21<>"",$H21<>$AC21,IFERROR(VLOOKUP($H21,areaCercaPuntiClassificaSquadra,3,FALSE),-1)=IFERROR(VLOOKUP($AC21,areaCercaPuntiClassificaSquadra,3,FALSE),-2)),SUMIFS(Dati!$F$2:$F$451,Dati!$A$2:$A$451,$H21,Dati!$H$2:$H$451,$AC21)+SUMIFS(Dati!$M$2:$M$451,Dati!$H$2:$H$451,$H21,Dati!$A$2:$A$451,$AC21),"-") | BZ21: =IF(AND($H21<>"",$AD21<>"",$H21<>$AD21,IFERROR(VLOOKUP($H21,areaCercaPuntiClassificaSquadra,3,FALSE),-1)=IFERROR(VLOOKUP($AD21,areaCercaPuntiClassificaSquadra,3,FALSE),-2)),SUMIFS(Dati!$F$2:$F$451,Dati!$A$2:$A$451,$H21,Dati!$H$2:$H$451,$AD21)+SUMIFS(Dati!$M$2:$M$451,Dati!$H$2:$H$451,$H21,Dati!$A$2:$A$451,$AD21),"-") | CA21: =IF(AND($H21<>"",$AE21<>"",$H21<>$AE21,IFERROR(VLOOKUP($H21,areaCercaPuntiClassificaSquadra,3,FALSE),-1)=IFERROR(VLOOKUP($AE21,areaCercaPuntiClassificaSquadra,3,FALSE),-2)),SUMIFS(Dati!$F$2:$F$451,Dati!$A$2:$A$451,$H21,Dati!$H$2:$H$451,$AE21)+SUMIFS(Dati!$M$2:$M$451,Dati!$H$2:$H$451,$H21,Dati!$A$2:$A$451,$AE21),"-") | CB21: =IF(AND($H21<>"",$AF21<>"",$H21<>$AF21,IFERROR(VLOOKUP($H21,areaCercaPuntiClassificaSquadra,3,FALSE),-1)=IFERROR(VLOOKUP($AF21,areaCercaPuntiClassificaSquadra,3,FALSE),-2)),SUMIFS(Dati!$F$2:$F$451,Dati!$A$2:$A$451,$H21,Dati!$H$2:$H$451,$AF21)+SUMIFS(Dati!$M$2:$M$451,Dati!$H$2:$H$451,$H21,Dati!$A$2:$A$451,$AF21),"-") | CC21: =IF(AND($H21<>"",$AG21<>"",$H21<>$AG21,IFERROR(VLOOKUP($H21,areaCercaPuntiClassificaSquadra,3,FALSE),-1)=IFERROR(VLOOKUP($AG21,areaCercaPuntiClassificaSquadra,3,FALSE),-2)),SUMIFS(Dati!$F$2:$F$451,Dati!$A$2:$A$451,$H21,Dati!$H$2:$H$451,$AG21)+SUMIFS(Dati!$M$2:$M$451,Dati!$H$2:$H$451,$H21,Dati!$A$2:$A$451,$AG21),"-") | CD21: =IF(AND($H21<>"",$AH21<>"",$H21<>$AH21,IFERROR(VLOOKUP($H21,areaCercaPuntiClassificaSquadra,3,FALSE),-1)=IFERROR(VLOOKUP($AH21,areaCercaPuntiClassificaSquadra,3,FALSE),-2)),SUMIFS(Dati!$F$2:$F$451,Dati!$A$2:$A$451,$H21,Dati!$H$2:$H$451,$AH21)+SUMIFS(Dati!$M$2:$M$451,Dati!$H$2:$H$451,$H21,Dati!$A$2:$A$451,$AH21),"-") | CF21: =IF($C21="","",SUM(AK21:AT21))
B22: A09 | E22: A | G22: =IF($C22="","",$E22&(COUNTIFS(I$14:I$113,">"&I22,E$14:E$113,"="&E22,C$14:C$113,"<>")+COUNTIFS(I$14:I$113,"="&I22,H$14:H$113,"<="&H22,E$14:E$113,"="&E22,C$14:C$113,"<>"))) | H22: =IF($C22="","",IFERROR(LEFT($C22,FIND("-",$C22)-1),$C22)) | I22: =TEXT(1000000000+J22,"|0000000000|")&TEXT(SUM(AK22:AT22),"0000000000|")&IF(SUM(BU22:CD22)=0,"0000000000|",TEXT(ROUND(SUM(BI22:BR22)/SUM(BU22:CD22),4)*100000,"0000000000|"))&IF(P22=0,"0000000000|",TEXT(ROUND(O22/P22,4)*100000,"0000000000|")) | J22: =L22*constPuntiVittoria+M22*constPuntiSconfitta+N22*constPuntiForfait+IF(D22="",0,D22) | K22: =SUM(L22:N22) | L22: =IF($H22="",0,SUMIF(Dati!$A$2:$A$451,$H22,Dati!$B$2:$B$451)+SUMIF(Dati!$H$2:$H$451,$H22,Dati!$I$2:$I$451)) | M22: =IF($H22="",0,SUMIF(Dati!$A$2:$A$451,$H22,Dati!$D$2:$D$451)+SUMIF(Dati!$H$2:$H$451,$H22,Dati!$K$2:$K$451)) | N22: =IF($H22="",0,SUMIF(Dati!$A$2:$A$451,$H22,Dati!$C$2:$C$451)+SUMIF(Dati!$H$2:$H$451,$H22,Dati!$J$2:$J$451)) | O22: =IF($H22="",0,SUMIF(Dati!$A$2:$A$451,$H22,Dati!$E$2:$E$451)+SUMIF(Dati!$H$2:$H$451,$H22,Dati!$L$2:$L$451)) | P22: =IF($H22="",0,SUMIF(Dati!$A$2:$A$451,$H22,Dati!$F$2:$F$451)+SUMIF(Dati!$H$2:$H$451,$H22,Dati!$M$2:$M$451)) | Q22: =IF($H22="",0,SUMIF(Dati!$A$2:$A$451,$H22,Dati!$G$2:$G$451)+SUMIF(Dati!$H$2:$H$451,$H22,Dati!$N$2:$N$451)) | R22: =IF(K22=0,0,ROUND(O22/K22,2)) | S22: =IF(K22=0,0,ROUND(P22/K22,2)) | T22: =IF(K22=0,0,ROUND(Q22/K22,2)) | U22: =IF(COUNTIFS($E$14:$E$113,$E22,$J$14:$J$113,$J22,$C$14:$C$113,"<>")<=1,"-",SUM(AK22:AT22)&"-"&SUM(AW22:BF22)) | V22: =IF(COUNTIFS($E$14:$E$113,$E22,$J$14:$J$113,$J22,$C$14:$C$113,"<>",$CF$14:$CF$113,$CF22)<=1,"-",IF(SUM(BU22:CD22)=0,0,ROUND(SUM(BI22:BR22)/SUM(BU22:CD22),3))) | W22: =IF(COUNTIFS($E$14:$E$113,$E22,$J$14:$J$113,$J22,$C$14:$C$113,"<>",$CF$14:$CF$113,$CF22,$V$14:$V$113,$V22)<=1,"-",IF(P22=0,0,ROUND(O22/P22,3))) | X22: =IF($C22="","",$E22&"#"&COUNTIFS($E$14:$E22,$E22,$C$14:$C22,"<>")) | Y22: =IFERROR(INDEX($H$14:$H$113,MATCH($E22&"#1",$X$14:$X$113,0)),"") | Z22: =IFERROR(INDEX($H$14:$H$113,MATCH($E22&"#2",$X$14:$X$113,0)),"") | AA22: =IFERROR(INDEX($H$14:$H$113,MATCH($E22&"#3",$X$14:$X$113,0)),"") | AB22: =IFERROR(INDEX($H$14:$H$113,MATCH($E22&"#4",$X$14:$X$113,0)),"") | AC22: =IFERROR(INDEX($H$14:$H$113,MATCH($E22&"#5",$X$14:$X$113,0)),"") | AD22: =IFERROR(INDEX($H$14:$H$113,MATCH($E22&"#6",$X$14:$X$113,0)),"") | AE22: =IFERROR(INDEX($H$14:$H$113,MATCH($E22&"#7",$X$14:$X$113,0)),"") | AF22: =IFERROR(INDEX($H$14:$H$113,MATCH($E22&"#8",$X$14:$X$113,0)),"") | AG22: =IFERROR(INDEX($H$14:$H$113,MATCH($E22&"#9",$X$14:$X$113,0)),"") | AH22: =IFERROR(INDEX($H$14:$H$113,MATCH($E22&"#10",$X$14:$X$113,0)),"") | AJ22: =$C22 | AK22: =IF(AND($H22<>"",$Y22<>"",$H22<>$Y22,IFERROR(VLOOKUP($H22,areaCercaPuntiClassificaSquadra,3,FALSE),-1)=IFERROR(VLOOKUP($Y22,areaCercaPuntiClassificaSquadra,3,FALSE),-2)),SUMIFS(Dati!$B$2:$B$451,Dati!$A$2:$A$451,$H22,Dati!$H$2:$H$451,$Y22)+SUMIFS(Dati!$I$2:$I$451,Dati!$H$2:$H$451,$H22,Dati!$A$2:$A$451,$Y22),"-") | AL22: =IF(AND($H22<>"",$Z22<>"",$H22<>$Z22,IFERROR(VLOOKUP($H22,areaCercaPuntiClassificaSquadra,3,FALSE),-1)=IFERROR(VLOOKUP($Z22,areaCercaPuntiClassificaSquadra,3,FALSE),-2)),SUMIFS(Dati!$B$2:$B$451,Dati!$A$2:$A$451,$H22,Dati!$H$2:$H$451,$Z22)+SUMIFS(Dati!$I$2:$I$451,Dati!$H$2:$H$451,$H22,Dati!$A$2:$A$451,$Z22),"-") | AM22: =IF(AND($H22<>"",$AA22<>"",$H22<>$AA22,IFERROR(VLOOKUP($H22,areaCercaPuntiClassificaSquadra,3,FALSE),-1)=IFERROR(VLOOKUP($AA22,areaCercaPuntiClassificaSquadra,3,FALSE),-2)),SUMIFS(Dati!$B$2:$B$451,Dati!$A$2:$A$451,$H22,Dati!$H$2:$H$451,$AA22)+SUMIFS(Dati!$I$2:$I$451,Dati!$H$2:$H$451,$H22,Dati!$A$2:$A$451,$AA22),"-") | AN22: =IF(AND($H22<>"",$AB22<>"",$H22<>$AB22,IFERROR(VLOOKUP($H22,areaCercaPuntiClassificaSquadra,3,FALSE),-1)=IFERROR(VLOOKUP($AB22,areaCercaPuntiClassificaSquadra,3,FALSE),-2)),SUMIFS(Dati!$B$2:$B$451,Dati!$A$2:$A$451,$H22,Dati!$H$2:$H$451,$AB22)+SUMIFS(Dati!$I$2:$I$451,Dati!$H$2:$H$451,$H22,Dati!$A$2:$A$451,$AB22),"-") | AO22: =IF(AND($H22<>"",$AC22<>"",$H22<>$AC22,IFERROR(VLOOKUP($H22,areaCercaPuntiClassificaSquadra,3,FALSE),-1)=IFERROR(VLOOKUP($AC22,areaCercaPuntiClassificaSquadra,3,FALSE),-2)),SUMIFS(Dati!$B$2:$B$451,Dati!$A$2:$A$451,$H22,Dati!$H$2:$H$451,$AC22)+SUMIFS(Dati!$I$2:$I$451,Dati!$H$2:$H$451,$H22,Dati!$A$2:$A$451,$AC22),"-") | AP22: =IF(AND($H22<>"",$AD22<>"",$H22<>$AD22,IFERROR(VLOOKUP($H22,areaCercaPuntiClassificaSquadra,3,FALSE),-1)=IFERROR(VLOOKUP($AD22,areaCercaPuntiClassificaSquadra,3,FALSE),-2)),SUMIFS(Dati!$B$2:$B$451,Dati!$A$2:$A$451,$H22,Dati!$H$2:$H$451,$AD22)+SUMIFS(Dati!$I$2:$I$451,Dati!$H$2:$H$451,$H22,Dati!$A$2:$A$451,$AD22),"-") | AQ22: =IF(AND($H22<>"",$AE22<>"",$H22<>$AE22,IFERROR(VLOOKUP($H22,areaCercaPuntiClassificaSquadra,3,FALSE),-1)=IFERROR(VLOOKUP($AE22,areaCercaPuntiClassificaSquadra,3,FALSE),-2)),SUMIFS(Dati!$B$2:$B$451,Dati!$A$2:$A$451,$H22,Dati!$H$2:$H$451,$AE22)+SUMIFS(Dati!$I$2:$I$451,Dati!$H$2:$H$451,$H22,Dati!$A$2:$A$451,$AE22),"-") | AR22: =IF(AND($H22<>"",$AF22<>"",$H22<>$AF22,IFERROR(VLOOKUP($H22,areaCercaPuntiClassificaSquadra,3,FALSE),-1)=IFERROR(VLOOKUP($AF22,areaCercaPuntiClassificaSquadra,3,FALSE),-2)),SUMIFS(Dati!$B$2:$B$451,Dati!$A$2:$A$451,$H22,Dati!$H$2:$H$451,$AF22)+SUMIFS(Dati!$I$2:$I$451,Dati!$H$2:$H$451,$H22,Dati!$A$2:$A$451,$AF22),"-") | AS22: =IF(AND($H22<>"",$AG22<>"",$H22<>$AG22,IFERROR(VLOOKUP($H22,areaCercaPuntiClassificaSquadra,3,FALSE),-1)=IFERROR(VLOOKUP($AG22,areaCercaPuntiClassificaSquadra,3,FALSE),-2)),SUMIFS(Dati!$B$2:$B$451,Dati!$A$2:$A$451,$H22,Dati!$H$2:$H$451,$AG22)+SUMIFS(Dati!$I$2:$I$451,Dati!$H$2:$H$451,$H22,Dati!$A$2:$A$451,$AG22),"-") | AT22: =IF(AND($H22<>"",$AH22<>"",$H22<>$AH22,IFERROR(VLOOKUP($H22,areaCercaPuntiClassificaSquadra,3,FALSE),-1)=IFERROR(VLOOKUP($AH22,areaCercaPuntiClassificaSquadra,3,FALSE),-2)),SUMIFS(Dati!$B$2:$B$451,Dati!$A$2:$A$451,$H22,Dati!$H$2:$H$451,$AH22)+SUMIFS(Dati!$I$2:$I$451,Dati!$H$2:$H$451,$H22,Dati!$A$2:$A$451,$AH22),"-") | AV22: =$C22 | AW22: =IF(AND($H22<>"",$Y22<>"",$H22<>$Y22,IFERROR(VLOOKUP($H22,areaCercaPuntiClassificaSquadra,3,FALSE),-1)=IFERROR(VLOOKUP($Y22,areaCercaPuntiClassificaSquadra,3,FALSE),-2)),SUMIFS(Dati!$D$2:$D$451,Dati!$A$2:$A$451,$H22,Dati!$H$2:$H$451,$Y22)+SUMIFS(Dati!$K$2:$K$451,Dati!$H$2:$H$451,$H22,Dati!$A$2:$A$451,$Y22)+SUMIFS(Dati!$C$2:$C$451,Dati!$A$2:$A$451,$H22,Dati!$H$2:$H$451,$Y22)+SUMIFS(Dati!$J$2:$J$451,Dati!$H$2:$H$451,$H22,Dati!$A$2:$A$451,$Y22),"-") | AX22: =IF(AND($H22<>"",$Z22<>"",$H22<>$Z22,IFERROR(VLOOKUP($H22,areaCercaPuntiClassificaSquadra,3,FALSE),-1)=IFERROR(VLOOKUP($Z22,areaCercaPuntiClassificaSquadra,3,FALSE),-2)),SUMIFS(Dati!$D$2:$D$451,Dati!$A$2:$A$451,$H22,Dati!$H$2:$H$451,$Z22)+SUMIFS(Dati!$K$2:$K$451,Dati!$H$2:$H$451,$H22,Dati!$A$2:$A$451,$Z22)+SUMIFS(Dati!$C$2:$C$451,Dati!$A$2:$A$451,$H22,Dati!$H$2:$H$451,$Z22)+SUMIFS(Dati!$J$2:$J$451,Dati!$H$2:$H$451,$H22,Dati!$A$2:$A$451,$Z22),"-") | AY22: =IF(AND($H22<>"",$AA22<>"",$H22<>$AA22,IFERROR(VLOOKUP($H22,areaCercaPuntiClassificaSquadra,3,FALSE),-1)=IFERROR(VLOOKUP($AA22,areaCercaPuntiClassificaSquadra,3,FALSE),-2)),SUMIFS(Dati!$D$2:$D$451,Dati!$A$2:$A$451,$H22,Dati!$H$2:$H$451,$AA22)+SUMIFS(Dati!$K$2:$K$451,Dati!$H$2:$H$451,$H22,Dati!$A$2:$A$451,$AA22)+SUMIFS(Dati!$C$2:$C$451,Dati!$A$2:$A$451,$H22,Dati!$H$2:$H$451,$AA22)+SUMIFS(Dati!$J$2:$J$451,Dati!$H$2:$H$451,$H22,Dati!$A$2:$A$451,$AA22),"-") | AZ22: =IF(AND($H22<>"",$AB22<>"",$H22<>$AB22,IFERROR(VLOOKUP($H22,areaCercaPuntiClassificaSquadra,3,FALSE),-1)=IFERROR(VLOOKUP($AB22,areaCercaPuntiClassificaSquadra,3,FALSE),-2)),SUMIFS(Dati!$D$2:$D$451,Dati!$A$2:$A$451,$H22,Dati!$H$2:$H$451,$AB22)+SUMIFS(Dati!$K$2:$K$451,Dati!$H$2:$H$451,$H22,Dati!$A$2:$A$451,$AB22)+SUMIFS(Dati!$C$2:$C$451,Dati!$A$2:$A$451,$H22,Dati!$H$2:$H$451,$AB22)+SUMIFS(Dati!$J$2:$J$451,Dati!$H$2:$H$451,$H22,Dati!$A$2:$A$451,$AB22),"-") | BA22: =IF(AND($H22<>"",$AC22<>"",$H22<>$AC22,IFERROR(VLOOKUP($H22,areaCercaPuntiClassificaSquadra,3,FALSE),-1)=IFERROR(VLOOKUP($AC22,areaCercaPuntiClassificaSquadra,3,FALSE),-2)),SUMIFS(Dati!$D$2:$D$451,Dati!$A$2:$A$451,$H22,Dati!$H$2:$H$451,$AC22)+SUMIFS(Dati!$K$2:$K$451,Dati!$H$2:$H$451,$H22,Dati!$A$2:$A$451,$AC22)+SUMIFS(Dati!$C$2:$C$451,Dati!$A$2:$A$451,$H22,Dati!$H$2:$H$451,$AC22)+SUMIFS(Dati!$J$2:$J$451,Dati!$H$2:$H$451,$H22,Dati!$A$2:$A$451,$AC22),"-") | BB22: =IF(AND($H22<>"",$AD22<>"",$H22<>$AD22,IFERROR(VLOOKUP($H22,areaCercaPuntiClassificaSquadra,3,FALSE),-1)=IFERROR(VLOOKUP($AD22,areaCercaPuntiClassificaSquadra,3,FALSE),-2)),SUMIFS(Dati!$D$2:$D$451,Dati!$A$2:$A$451,$H22,Dati!$H$2:$H$451,$AD22)+SUMIFS(Dati!$K$2:$K$451,Dati!$H$2:$H$451,$H22,Dati!$A$2:$A$451,$AD22)+SUMIFS(Dati!$C$2:$C$451,Dati!$A$2:$A$451,$H22,Dati!$H$2:$H$451,$AD22)+SUMIFS(Dati!$J$2:$J$451,Dati!$H$2:$H$451,$H22,Dati!$A$2:$A$451,$AD22),"-") | BC22: =IF(AND($H22<>"",$AE22<>"",$H22<>$AE22,IFERROR(VLOOKUP($H22,areaCercaPuntiClassificaSquadra,3,FALSE),-1)=IFERROR(VLOOKUP($AE22,areaCercaPuntiClassificaSquadra,3,FALSE),-2)),SUMIFS(Dati!$D$2:$D$451,Dati!$A$2:$A$451,$H22,Dati!$H$2:$H$451,$AE22)+SUMIFS(Dati!$K$2:$K$451,Dati!$H$2:$H$451,$H22,Dati!$A$2:$A$451,$AE22)+SUMIFS(Dati!$C$2:$C$451,Dati!$A$2:$A$451,$H22,Dati!$H$2:$H$451,$AE22)+SUMIFS(Dati!$J$2:$J$451,Dati!$H$2:$H$451,$H22,Dati!$A$2:$A$451,$AE22),"-") | BD22: =IF(AND($H22<>"",$AF22<>"",$H22<>$AF22,IFERROR(VLOOKUP($H22,areaCercaPuntiClassificaSquadra,3,FALSE),-1)=IFERROR(VLOOKUP($AF22,areaCercaPuntiClassificaSquadra,3,FALSE),-2)),SUMIFS(Dati!$D$2:$D$451,Dati!$A$2:$A$451,$H22,Dati!$H$2:$H$451,$AF22)+SUMIFS(Dati!$K$2:$K$451,Dati!$H$2:$H$451,$H22,Dati!$A$2:$A$451,$AF22)+SUMIFS(Dati!$C$2:$C$451,Dati!$A$2:$A$451,$H22,Dati!$H$2:$H$451,$AF22)+SUMIFS(Dati!$J$2:$J$451,Dati!$H$2:$H$451,$H22,Dati!$A$2:$A$451,$AF22),"-") | BE22: =IF(AND($H22<>"",$AG22<>"",$H22<>$AG22,IFERROR(VLOOKUP($H22,areaCercaPuntiClassificaSquadra,3,FALSE),-1)=IFERROR(VLOOKUP($AG22,areaCercaPuntiClassificaSquadra,3,FALSE),-2)),SUMIFS(Dati!$D$2:$D$451,Dati!$A$2:$A$451,$H22,Dati!$H$2:$H$451,$AG22)+SUMIFS(Dati!$K$2:$K$451,Dati!$H$2:$H$451,$H22,Dati!$A$2:$A$451,$AG22)+SUMIFS(Dati!$C$2:$C$451,Dati!$A$2:$A$451,$H22,Dati!$H$2:$H$451,$AG22)+SUMIFS(Dati!$J$2:$J$451,Dati!$H$2:$H$451,$H22,Dati!$A$2:$A$451,$AG22),"-") | BF22: =IF(AND($H22<>"",$AH22<>"",$H22<>$AH22,IFERROR(VLOOKUP($H22,areaCercaPuntiClassificaSquadra,3,FALSE),-1)=IFERROR(VLOOKUP($AH22,areaCercaPuntiClassificaSquadra,3,FALSE),-2)),SUMIFS(Dati!$D$2:$D$451,Dati!$A$2:$A$451,$H22,Dati!$H$2:$H$451,$AH22)+SUMIFS(Dati!$K$2:$K$451,Dati!$H$2:$H$451,$H22,Dati!$A$2:$A$451,$AH22)+SUMIFS(Dati!$C$2:$C$451,Dati!$A$2:$A$451,$H22,Dati!$H$2:$H$451,$AH22)+SUMIFS(Dati!$J$2:$J$451,Dati!$H$2:$H$451,$H22,Dati!$A$2:$A$451,$AH22),"-") | BH22: =$C22 | BI22: =IF(AND($H22<>"",$Y22<>"",$H22<>$Y22,IFERROR(VLOOKUP($H22,areaCercaPuntiClassificaSquadra,3,FALSE),-1)=IFERROR(VLOOKUP($Y22,areaCercaPuntiClassificaSquadra,3,FALSE),-2)),SUMIFS(Dati!$E$2:$E$451,Dati!$A$2:$A$451,$H22,Dati!$H$2:$H$451,$Y22)+SUMIFS(Dati!$L$2:$L$451,Dati!$H$2:$H$451,$H22,Dati!$A$2:$A$451,$Y22),"-") | BJ22: =IF(AND($H22<>"",$Z22<>"",$H22<>$Z22,IFERROR(VLOOKUP($H22,areaCercaPuntiClassificaSquadra,3,FALSE),-1)=IFERROR(VLOOKUP($Z22,areaCercaPuntiClassificaSquadra,3,FALSE),-2)),SUMIFS(Dati!$E$2:$E$451,Dati!$A$2:$A$451,$H22,Dati!$H$2:$H$451,$Z22)+SUMIFS(Dati!$L$2:$L$451,Dati!$H$2:$H$451,$H22,Dati!$A$2:$A$451,$Z22),"-") | BK22: =IF(AND($H22<>"",$AA22<>"",$H22<>$AA22,IFERROR(VLOOKUP($H22,areaCercaPuntiClassificaSquadra,3,FALSE),-1)=IFERROR(VLOOKUP($AA22,areaCercaPuntiClassificaSquadra,3,FALSE),-2)),SUMIFS(Dati!$E$2:$E$451,Dati!$A$2:$A$451,$H22,Dati!$H$2:$H$451,$AA22)+SUMIFS(Dati!$L$2:$L$451,Dati!$H$2:$H$451,$H22,Dati!$A$2:$A$451,$AA22),"-") | BL22: =IF(AND($H22<>"",$AB22<>"",$H22<>$AB22,IFERROR(VLOOKUP($H22,areaCercaPuntiClassificaSquadra,3,FALSE),-1)=IFERROR(VLOOKUP($AB22,areaCercaPuntiClassificaSquadra,3,FALSE),-2)),SUMIFS(Dati!$E$2:$E$451,Dati!$A$2:$A$451,$H22,Dati!$H$2:$H$451,$AB22)+SUMIFS(Dati!$L$2:$L$451,Dati!$H$2:$H$451,$H22,Dati!$A$2:$A$451,$AB22),"-") | BM22: =IF(AND($H22<>"",$AC22<>"",$H22<>$AC22,IFERROR(VLOOKUP($H22,areaCercaPuntiClassificaSquadra,3,FALSE),-1)=IFERROR(VLOOKUP($AC22,areaCercaPuntiClassificaSquadra,3,FALSE),-2)),SUMIFS(Dati!$E$2:$E$451,Dati!$A$2:$A$451,$H22,Dati!$H$2:$H$451,$AC22)+SUMIFS(Dati!$L$2:$L$451,Dati!$H$2:$H$451,$H22,Dati!$A$2:$A$451,$AC22),"-") | BN22: =IF(AND($H22<>"",$AD22<>"",$H22<>$AD22,IFERROR(VLOOKUP($H22,areaCercaPuntiClassificaSquadra,3,FALSE),-1)=IFERROR(VLOOKUP($AD22,areaCercaPuntiClassificaSquadra,3,FALSE),-2)),SUMIFS(Dati!$E$2:$E$451,Dati!$A$2:$A$451,$H22,Dati!$H$2:$H$451,$AD22)+SUMIFS(Dati!$L$2:$L$451,Dati!$H$2:$H$451,$H22,Dati!$A$2:$A$451,$AD22),"-") | BO22: =IF(AND($H22<>"",$AE22<>"",$H22<>$AE22,IFERROR(VLOOKUP($H22,areaCercaPuntiClassificaSquadra,3,FALSE),-1)=IFERROR(VLOOKUP($AE22,areaCercaPuntiClassificaSquadra,3,FALSE),-2)),SUMIFS(Dati!$E$2:$E$451,Dati!$A$2:$A$451,$H22,Dati!$H$2:$H$451,$AE22)+SUMIFS(Dati!$L$2:$L$451,Dati!$H$2:$H$451,$H22,Dati!$A$2:$A$451,$AE22),"-") | BP22: =IF(AND($H22<>"",$AF22<>"",$H22<>$AF22,IFERROR(VLOOKUP($H22,areaCercaPuntiClassificaSquadra,3,FALSE),-1)=IFERROR(VLOOKUP($AF22,areaCercaPuntiClassificaSquadra,3,FALSE),-2)),SUMIFS(Dati!$E$2:$E$451,Dati!$A$2:$A$451,$H22,Dati!$H$2:$H$451,$AF22)+SUMIFS(Dati!$L$2:$L$451,Dati!$H$2:$H$451,$H22,Dati!$A$2:$A$451,$AF22),"-") | BQ22: =IF(AND($H22<>"",$AG22<>"",$H22<>$AG22,IFERROR(VLOOKUP($H22,areaCercaPuntiClassificaSquadra,3,FALSE),-1)=IFERROR(VLOOKUP($AG22,areaCercaPuntiClassificaSquadra,3,FALSE),-2)),SUMIFS(Dati!$E$2:$E$451,Dati!$A$2:$A$451,$H22,Dati!$H$2:$H$451,$AG22)+SUMIFS(Dati!$L$2:$L$451,Dati!$H$2:$H$451,$H22,Dati!$A$2:$A$451,$AG22),"-") | BR22: =IF(AND($H22<>"",$AH22<>"",$H22<>$AH22,IFERROR(VLOOKUP($H22,areaCercaPuntiClassificaSquadra,3,FALSE),-1)=IFERROR(VLOOKUP($AH22,areaCercaPuntiClassificaSquadra,3,FALSE),-2)),SUMIFS(Dati!$E$2:$E$451,Dati!$A$2:$A$451,$H22,Dati!$H$2:$H$451,$AH22)+SUMIFS(Dati!$L$2:$L$451,Dati!$H$2:$H$451,$H22,Dati!$A$2:$A$451,$AH22),"-") | BT22: =$C22 | BU22: =IF(AND($H22<>"",$Y22<>"",$H22<>$Y22,IFERROR(VLOOKUP($H22,areaCercaPuntiClassificaSquadra,3,FALSE),-1)=IFERROR(VLOOKUP($Y22,areaCercaPuntiClassificaSquadra,3,FALSE),-2)),SUMIFS(Dati!$F$2:$F$451,Dati!$A$2:$A$451,$H22,Dati!$H$2:$H$451,$Y22)+SUMIFS(Dati!$M$2:$M$451,Dati!$H$2:$H$451,$H22,Dati!$A$2:$A$451,$Y22),"-") | BV22: =IF(AND($H22<>"",$Z22<>"",$H22<>$Z22,IFERROR(VLOOKUP($H22,areaCercaPuntiClassificaSquadra,3,FALSE),-1)=IFERROR(VLOOKUP($Z22,areaCercaPuntiClassificaSquadra,3,FALSE),-2)),SUMIFS(Dati!$F$2:$F$451,Dati!$A$2:$A$451,$H22,Dati!$H$2:$H$451,$Z22)+SUMIFS(Dati!$M$2:$M$451,Dati!$H$2:$H$451,$H22,Dati!$A$2:$A$451,$Z22),"-") | BW22: =IF(AND($H22<>"",$AA22<>"",$H22<>$AA22,IFERROR(VLOOKUP($H22,areaCercaPuntiClassificaSquadra,3,FALSE),-1)=IFERROR(VLOOKUP($AA22,areaCercaPuntiClassificaSquadra,3,FALSE),-2)),SUMIFS(Dati!$F$2:$F$451,Dati!$A$2:$A$451,$H22,Dati!$H$2:$H$451,$AA22)+SUMIFS(Dati!$M$2:$M$451,Dati!$H$2:$H$451,$H22,Dati!$A$2:$A$451,$AA22),"-") | BX22: =IF(AND($H22<>"",$AB22<>"",$H22<>$AB22,IFERROR(VLOOKUP($H22,areaCercaPuntiClassificaSquadra,3,FALSE),-1)=IFERROR(VLOOKUP($AB22,areaCercaPuntiClassificaSquadra,3,FALSE),-2)),SUMIFS(Dati!$F$2:$F$451,Dati!$A$2:$A$451,$H22,Dati!$H$2:$H$451,$AB22)+SUMIFS(Dati!$M$2:$M$451,Dati!$H$2:$H$451,$H22,Dati!$A$2:$A$451,$AB22),"-") | BY22: =IF(AND($H22<>"",$AC22<>"",$H22<>$AC22,IFERROR(VLOOKUP($H22,areaCercaPuntiClassificaSquadra,3,FALSE),-1)=IFERROR(VLOOKUP($AC22,areaCercaPuntiClassificaSquadra,3,FALSE),-2)),SUMIFS(Dati!$F$2:$F$451,Dati!$A$2:$A$451,$H22,Dati!$H$2:$H$451,$AC22)+SUMIFS(Dati!$M$2:$M$451,Dati!$H$2:$H$451,$H22,Dati!$A$2:$A$451,$AC22),"-") | BZ22: =IF(AND($H22<>"",$AD22<>"",$H22<>$AD22,IFERROR(VLOOKUP($H22,areaCercaPuntiClassificaSquadra,3,FALSE),-1)=IFERROR(VLOOKUP($AD22,areaCercaPuntiClassificaSquadra,3,FALSE),-2)),SUMIFS(Dati!$F$2:$F$451,Dati!$A$2:$A$451,$H22,Dati!$H$2:$H$451,$AD22)+SUMIFS(Dati!$M$2:$M$451,Dati!$H$2:$H$451,$H22,Dati!$A$2:$A$451,$AD22),"-") | CA22: =IF(AND($H22<>"",$AE22<>"",$H22<>$AE22,IFERROR(VLOOKUP($H22,areaCercaPuntiClassificaSquadra,3,FALSE),-1)=IFERROR(VLOOKUP($AE22,areaCercaPuntiClassificaSquadra,3,FALSE),-2)),SUMIFS(Dati!$F$2:$F$451,Dati!$A$2:$A$451,$H22,Dati!$H$2:$H$451,$AE22)+SUMIFS(Dati!$M$2:$M$451,Dati!$H$2:$H$451,$H22,Dati!$A$2:$A$451,$AE22),"-") | CB22: =IF(AND($H22<>"",$AF22<>"",$H22<>$AF22,IFERROR(VLOOKUP($H22,areaCercaPuntiClassificaSquadra,3,FALSE),-1)=IFERROR(VLOOKUP($AF22,areaCercaPuntiClassificaSquadra,3,FALSE),-2)),SUMIFS(Dati!$F$2:$F$451,Dati!$A$2:$A$451,$H22,Dati!$H$2:$H$451,$AF22)+SUMIFS(Dati!$M$2:$M$451,Dati!$H$2:$H$451,$H22,Dati!$A$2:$A$451,$AF22),"-") | CC22: =IF(AND($H22<>"",$AG22<>"",$H22<>$AG22,IFERROR(VLOOKUP($H22,areaCercaPuntiClassificaSquadra,3,FALSE),-1)=IFERROR(VLOOKUP($AG22,areaCercaPuntiClassificaSquadra,3,FALSE),-2)),SUMIFS(Dati!$F$2:$F$451,Dati!$A$2:$A$451,$H22,Dati!$H$2:$H$451,$AG22)+SUMIFS(Dati!$M$2:$M$451,Dati!$H$2:$H$451,$H22,Dati!$A$2:$A$451,$AG22),"-") | CD22: =IF(AND($H22<>"",$AH22<>"",$H22<>$AH22,IFERROR(VLOOKUP($H22,areaCercaPuntiClassificaSquadra,3,FALSE),-1)=IFERROR(VLOOKUP($AH22,areaCercaPuntiClassificaSquadra,3,FALSE),-2)),SUMIFS(Dati!$F$2:$F$451,Dati!$A$2:$A$451,$H22,Dati!$H$2:$H$451,$AH22)+SUMIFS(Dati!$M$2:$M$451,Dati!$H$2:$H$451,$H22,Dati!$A$2:$A$451,$AH22),"-") | CF22: =IF($C22="","",SUM(AK22:AT22))
B23: A10 | E23: A | G23: =IF($C23="","",$E23&(COUNTIFS(I$14:I$113,">"&I23,E$14:E$113,"="&E23,C$14:C$113,"<>")+COUNTIFS(I$14:I$113,"="&I23,H$14:H$113,"<="&H23,E$14:E$113,"="&E23,C$14:C$113,"<>"))) | H23: =IF($C23="","",IFERROR(LEFT($C23,FIND("-",$C23)-1),$C23)) | I23: =TEXT(1000000000+J23,"|0000000000|")&TEXT(SUM(AK23:AT23),"0000000000|")&IF(SUM(BU23:CD23)=0,"0000000000|",TEXT(ROUND(SUM(BI23:BR23)/SUM(BU23:CD23),4)*100000,"0000000000|"))&IF(P23=0,"0000000000|",TEXT(ROUND(O23/P23,4)*100000,"0000000000|")) | J23: =L23*constPuntiVittoria+M23*constPuntiSconfitta+N23*constPuntiForfait+IF(D23="",0,D23) | K23: =SUM(L23:N23) | L23: =IF($H23="",0,SUMIF(Dati!$A$2:$A$451,$H23,Dati!$B$2:$B$451)+SUMIF(Dati!$H$2:$H$451,$H23,Dati!$I$2:$I$451)) | M23: =IF($H23="",0,SUMIF(Dati!$A$2:$A$451,$H23,Dati!$D$2:$D$451)+SUMIF(Dati!$H$2:$H$451,$H23,Dati!$K$2:$K$451)) | N23: =IF($H23="",0,SUMIF(Dati!$A$2:$A$451,$H23,Dati!$C$2:$C$451)+SUMIF(Dati!$H$2:$H$451,$H23,Dati!$J$2:$J$451)) | O23: =IF($H23="",0,SUMIF(Dati!$A$2:$A$451,$H23,Dati!$E$2:$E$451)+SUMIF(Dati!$H$2:$H$451,$H23,Dati!$L$2:$L$451)) | P23: =IF($H23="",0,SUMIF(Dati!$A$2:$A$451,$H23,Dati!$F$2:$F$451)+SUMIF(Dati!$H$2:$H$451,$H23,Dati!$M$2:$M$451)) | Q23: =IF($H23="",0,SUMIF(Dati!$A$2:$A$451,$H23,Dati!$G$2:$G$451)+SUMIF(Dati!$H$2:$H$451,$H23,Dati!$N$2:$N$451)) | R23: =IF(K23=0,0,ROUND(O23/K23,2)) | S23: =IF(K23=0,0,ROUND(P23/K23,2)) | T23: =IF(K23=0,0,ROUND(Q23/K23,2)) | U23: =IF(COUNTIFS($E$14:$E$113,$E23,$J$14:$J$113,$J23,$C$14:$C$113,"<>")<=1,"-",SUM(AK23:AT23)&"-"&SUM(AW23:BF23)) | V23: =IF(COUNTIFS($E$14:$E$113,$E23,$J$14:$J$113,$J23,$C$14:$C$113,"<>",$CF$14:$CF$113,$CF23)<=1,"-",IF(SUM(BU23:CD23)=0,0,ROUND(SUM(BI23:BR23)/SUM(BU23:CD23),3))) | W23: =IF(COUNTIFS($E$14:$E$113,$E23,$J$14:$J$113,$J23,$C$14:$C$113,"<>",$CF$14:$CF$113,$CF23,$V$14:$V$113,$V23)<=1,"-",IF(P23=0,0,ROUND(O23/P23,3))) | X23: =IF($C23="","",$E23&"#"&COUNTIFS($E$14:$E23,$E23,$C$14:$C23,"<>")) | Y23: =IFERROR(INDEX($H$14:$H$113,MATCH($E23&"#1",$X$14:$X$113,0)),"") | Z23: =IFERROR(INDEX($H$14:$H$113,MATCH($E23&"#2",$X$14:$X$113,0)),"") | AA23: =IFERROR(INDEX($H$14:$H$113,MATCH($E23&"#3",$X$14:$X$113,0)),"") | AB23: =IFERROR(INDEX($H$14:$H$113,MATCH($E23&"#4",$X$14:$X$113,0)),"") | AC23: =IFERROR(INDEX($H$14:$H$113,MATCH($E23&"#5",$X$14:$X$113,0)),"") | AD23: =IFERROR(INDEX($H$14:$H$113,MATCH($E23&"#6",$X$14:$X$113,0)),"") | AE23: =IFERROR(INDEX($H$14:$H$113,MATCH($E23&"#7",$X$14:$X$113,0)),"") | AF23: =IFERROR(INDEX($H$14:$H$113,MATCH($E23&"#8",$X$14:$X$113,0)),"") | AG23: =IFERROR(INDEX($H$14:$H$113,MATCH($E23&"#9",$X$14:$X$113,0)),"") | AH23: =IFERROR(INDEX($H$14:$H$113,MATCH($E23&"#10",$X$14:$X$113,0)),"") | AJ23: =$C23 | AK23: =IF(AND($H23<>"",$Y23<>"",$H23<>$Y23,IFERROR(VLOOKUP($H23,areaCercaPuntiClassificaSquadra,3,FALSE),-1)=IFERROR(VLOOKUP($Y23,areaCercaPuntiClassificaSquadra,3,FALSE),-2)),SUMIFS(Dati!$B$2:$B$451,Dati!$A$2:$A$451,$H23,Dati!$H$2:$H$451,$Y23)+SUMIFS(Dati!$I$2:$I$451,Dati!$H$2:$H$451,$H23,Dati!$A$2:$A$451,$Y23),"-") | AL23: =IF(AND($H23<>"",$Z23<>"",$H23<>$Z23,IFERROR(VLOOKUP($H23,areaCercaPuntiClassificaSquadra,3,FALSE),-1)=IFERROR(VLOOKUP($Z23,areaCercaPuntiClassificaSquadra,3,FALSE),-2)),SUMIFS(Dati!$B$2:$B$451,Dati!$A$2:$A$451,$H23,Dati!$H$2:$H$451,$Z23)+SUMIFS(Dati!$I$2:$I$451,Dati!$H$2:$H$451,$H23,Dati!$A$2:$A$451,$Z23),"-") | AM23: =IF(AND($H23<>"",$AA23<>"",$H23<>$AA23,IFERROR(VLOOKUP($H23,areaCercaPuntiClassificaSquadra,3,FALSE),-1)=IFERROR(VLOOKUP($AA23,areaCercaPuntiClassificaSquadra,3,FALSE),-2)),SUMIFS(Dati!$B$2:$B$451,Dati!$A$2:$A$451,$H23,Dati!$H$2:$H$451,$AA23)+SUMIFS(Dati!$I$2:$I$451,Dati!$H$2:$H$451,$H23,Dati!$A$2:$A$451,$AA23),"-") | AN23: =IF(AND($H23<>"",$AB23<>"",$H23<>$AB23,IFERROR(VLOOKUP($H23,areaCercaPuntiClassificaSquadra,3,FALSE),-1)=IFERROR(VLOOKUP($AB23,areaCercaPuntiClassificaSquadra,3,FALSE),-2)),SUMIFS(Dati!$B$2:$B$451,Dati!$A$2:$A$451,$H23,Dati!$H$2:$H$451,$AB23)+SUMIFS(Dati!$I$2:$I$451,Dati!$H$2:$H$451,$H23,Dati!$A$2:$A$451,$AB23),"-") | AO23: =IF(AND($H23<>"",$AC23<>"",$H23<>$AC23,IFERROR(VLOOKUP($H23,areaCercaPuntiClassificaSquadra,3,FALSE),-1)=IFERROR(VLOOKUP($AC23,areaCercaPuntiClassificaSquadra,3,FALSE),-2)),SUMIFS(Dati!$B$2:$B$451,Dati!$A$2:$A$451,$H23,Dati!$H$2:$H$451,$AC23)+SUMIFS(Dati!$I$2:$I$451,Dati!$H$2:$H$451,$H23,Dati!$A$2:$A$451,$AC23),"-") | AP23: =IF(AND($H23<>"",$AD23<>"",$H23<>$AD23,IFERROR(VLOOKUP($H23,areaCercaPuntiClassificaSquadra,3,FALSE),-1)=IFERROR(VLOOKUP($AD23,areaCercaPuntiClassificaSquadra,3,FALSE),-2)),SUMIFS(Dati!$B$2:$B$451,Dati!$A$2:$A$451,$H23,Dati!$H$2:$H$451,$AD23)+SUMIFS(Dati!$I$2:$I$451,Dati!$H$2:$H$451,$H23,Dati!$A$2:$A$451,$AD23),"-") | AQ23: =IF(AND($H23<>"",$AE23<>"",$H23<>$AE23,IFERROR(VLOOKUP($H23,areaCercaPuntiClassificaSquadra,3,FALSE),-1)=IFERROR(VLOOKUP($AE23,areaCercaPuntiClassificaSquadra,3,FALSE),-2)),SUMIFS(Dati!$B$2:$B$451,Dati!$A$2:$A$451,$H23,Dati!$H$2:$H$451,$AE23)+SUMIFS(Dati!$I$2:$I$451,Dati!$H$2:$H$451,$H23,Dati!$A$2:$A$451,$AE23),"-") | AR23: =IF(AND($H23<>"",$AF23<>"",$H23<>$AF23,IFERROR(VLOOKUP($H23,areaCercaPuntiClassificaSquadra,3,FALSE),-1)=IFERROR(VLOOKUP($AF23,areaCercaPuntiClassificaSquadra,3,FALSE),-2)),SUMIFS(Dati!$B$2:$B$451,Dati!$A$2:$A$451,$H23,Dati!$H$2:$H$451,$AF23)+SUMIFS(Dati!$I$2:$I$451,Dati!$H$2:$H$451,$H23,Dati!$A$2:$A$451,$AF23),"-") | AS23: =IF(AND($H23<>"",$AG23<>"",$H23<>$AG23,IFERROR(VLOOKUP($H23,areaCercaPuntiClassificaSquadra,3,FALSE),-1)=IFERROR(VLOOKUP($AG23,areaCercaPuntiClassificaSquadra,3,FALSE),-2)),SUMIFS(Dati!$B$2:$B$451,Dati!$A$2:$A$451,$H23,Dati!$H$2:$H$451,$AG23)+SUMIFS(Dati!$I$2:$I$451,Dati!$H$2:$H$451,$H23,Dati!$A$2:$A$451,$AG23),"-") | AT23: =IF(AND($H23<>"",$AH23<>"",$H23<>$AH23,IFERROR(VLOOKUP($H23,areaCercaPuntiClassificaSquadra,3,FALSE),-1)=IFERROR(VLOOKUP($AH23,areaCercaPuntiClassificaSquadra,3,FALSE),-2)),SUMIFS(Dati!$B$2:$B$451,Dati!$A$2:$A$451,$H23,Dati!$H$2:$H$451,$AH23)+SUMIFS(Dati!$I$2:$I$451,Dati!$H$2:$H$451,$H23,Dati!$A$2:$A$451,$AH23),"-") | AV23: =$C23 | AW23: =IF(AND($H23<>"",$Y23<>"",$H23<>$Y23,IFERROR(VLOOKUP($H23,areaCercaPuntiClassificaSquadra,3,FALSE),-1)=IFERROR(VLOOKUP($Y23,areaCercaPuntiClassificaSquadra,3,FALSE),-2)),SUMIFS(Dati!$D$2:$D$451,Dati!$A$2:$A$451,$H23,Dati!$H$2:$H$451,$Y23)+SUMIFS(Dati!$K$2:$K$451,Dati!$H$2:$H$451,$H23,Dati!$A$2:$A$451,$Y23)+SUMIFS(Dati!$C$2:$C$451,Dati!$A$2:$A$451,$H23,Dati!$H$2:$H$451,$Y23)+SUMIFS(Dati!$J$2:$J$451,Dati!$H$2:$H$451,$H23,Dati!$A$2:$A$451,$Y23),"-") | AX23: =IF(AND($H23<>"",$Z23<>"",$H23<>$Z23,IFERROR(VLOOKUP($H23,areaCercaPuntiClassificaSquadra,3,FALSE),-1)=IFERROR(VLOOKUP($Z23,areaCercaPuntiClassificaSquadra,3,FALSE),-2)),SUMIFS(Dati!$D$2:$D$451,Dati!$A$2:$A$451,$H23,Dati!$H$2:$H$451,$Z23)+SUMIFS(Dati!$K$2:$K$451,Dati!$H$2:$H$451,$H23,Dati!$A$2:$A$451,$Z23)+SUMIFS(Dati!$C$2:$C$451,Dati!$A$2:$A$451,$H23,Dati!$H$2:$H$451,$Z23)+SUMIFS(Dati!$J$2:$J$451,Dati!$H$2:$H$451,$H23,Dati!$A$2:$A$451,$Z23),"-") | AY23: =IF(AND($H23<>"",$AA23<>"",$H23<>$AA23,IFERROR(VLOOKUP($H23,areaCercaPuntiClassificaSquadra,3,FALSE),-1)=IFERROR(VLOOKUP($AA23,areaCercaPuntiClassificaSquadra,3,FALSE),-2)),SUMIFS(Dati!$D$2:$D$451,Dati!$A$2:$A$451,$H23,Dati!$H$2:$H$451,$AA23)+SUMIFS(Dati!$K$2:$K$451,Dati!$H$2:$H$451,$H23,Dati!$A$2:$A$451,$AA23)+SUMIFS(Dati!$C$2:$C$451,Dati!$A$2:$A$451,$H23,Dati!$H$2:$H$451,$AA23)+SUMIFS(Dati!$J$2:$J$451,Dati!$H$2:$H$451,$H23,Dati!$A$2:$A$451,$AA23),"-") | AZ23: =IF(AND($H23<>"",$AB23<>"",$H23<>$AB23,IFERROR(VLOOKUP($H23,areaCercaPuntiClassificaSquadra,3,FALSE),-1)=IFERROR(VLOOKUP($AB23,areaCercaPuntiClassificaSquadra,3,FALSE),-2)),SUMIFS(Dati!$D$2:$D$451,Dati!$A$2:$A$451,$H23,Dati!$H$2:$H$451,$AB23)+SUMIFS(Dati!$K$2:$K$451,Dati!$H$2:$H$451,$H23,Dati!$A$2:$A$451,$AB23)+SUMIFS(Dati!$C$2:$C$451,Dati!$A$2:$A$451,$H23,Dati!$H$2:$H$451,$AB23)+SUMIFS(Dati!$J$2:$J$451,Dati!$H$2:$H$451,$H23,Dati!$A$2:$A$451,$AB23),"-") | BA23: =IF(AND($H23<>"",$AC23<>"",$H23<>$AC23,IFERROR(VLOOKUP($H23,areaCercaPuntiClassificaSquadra,3,FALSE),-1)=IFERROR(VLOOKUP($AC23,areaCercaPuntiClassificaSquadra,3,FALSE),-2)),SUMIFS(Dati!$D$2:$D$451,Dati!$A$2:$A$451,$H23,Dati!$H$2:$H$451,$AC23)+SUMIFS(Dati!$K$2:$K$451,Dati!$H$2:$H$451,$H23,Dati!$A$2:$A$451,$AC23)+SUMIFS(Dati!$C$2:$C$451,Dati!$A$2:$A$451,$H23,Dati!$H$2:$H$451,$AC23)+SUMIFS(Dati!$J$2:$J$451,Dati!$H$2:$H$451,$H23,Dati!$A$2:$A$451,$AC23),"-") | BB23: =IF(AND($H23<>"",$AD23<>"",$H23<>$AD23,IFERROR(VLOOKUP($H23,areaCercaPuntiClassificaSquadra,3,FALSE),-1)=IFERROR(VLOOKUP($AD23,areaCercaPuntiClassificaSquadra,3,FALSE),-2)),SUMIFS(Dati!$D$2:$D$451,Dati!$A$2:$A$451,$H23,Dati!$H$2:$H$451,$AD23)+SUMIFS(Dati!$K$2:$K$451,Dati!$H$2:$H$451,$H23,Dati!$A$2:$A$451,$AD23)+SUMIFS(Dati!$C$2:$C$451,Dati!$A$2:$A$451,$H23,Dati!$H$2:$H$451,$AD23)+SUMIFS(Dati!$J$2:$J$451,Dati!$H$2:$H$451,$H23,Dati!$A$2:$A$451,$AD23),"-") | BC23: =IF(AND($H23<>"",$AE23<>"",$H23<>$AE23,IFERROR(VLOOKUP($H23,areaCercaPuntiClassificaSquadra,3,FALSE),-1)=IFERROR(VLOOKUP($AE23,areaCercaPuntiClassificaSquadra,3,FALSE),-2)),SUMIFS(Dati!$D$2:$D$451,Dati!$A$2:$A$451,$H23,Dati!$H$2:$H$451,$AE23)+SUMIFS(Dati!$K$2:$K$451,Dati!$H$2:$H$451,$H23,Dati!$A$2:$A$451,$AE23)+SUMIFS(Dati!$C$2:$C$451,Dati!$A$2:$A$451,$H23,Dati!$H$2:$H$451,$AE23)+SUMIFS(Dati!$J$2:$J$451,Dati!$H$2:$H$451,$H23,Dati!$A$2:$A$451,$AE23),"-") | BD23: =IF(AND($H23<>"",$AF23<>"",$H23<>$AF23,IFERROR(VLOOKUP($H23,areaCercaPuntiClassificaSquadra,3,FALSE),-1)=IFERROR(VLOOKUP($AF23,areaCercaPuntiClassificaSquadra,3,FALSE),-2)),SUMIFS(Dati!$D$2:$D$451,Dati!$A$2:$A$451,$H23,Dati!$H$2:$H$451,$AF23)+SUMIFS(Dati!$K$2:$K$451,Dati!$H$2:$H$451,$H23,Dati!$A$2:$A$451,$AF23)+SUMIFS(Dati!$C$2:$C$451,Dati!$A$2:$A$451,$H23,Dati!$H$2:$H$451,$AF23)+SUMIFS(Dati!$J$2:$J$451,Dati!$H$2:$H$451,$H23,Dati!$A$2:$A$451,$AF23),"-") | BE23: =IF(AND($H23<>"",$AG23<>"",$H23<>$AG23,IFERROR(VLOOKUP($H23,areaCercaPuntiClassificaSquadra,3,FALSE),-1)=IFERROR(VLOOKUP($AG23,areaCercaPuntiClassificaSquadra,3,FALSE),-2)),SUMIFS(Dati!$D$2:$D$451,Dati!$A$2:$A$451,$H23,Dati!$H$2:$H$451,$AG23)+SUMIFS(Dati!$K$2:$K$451,Dati!$H$2:$H$451,$H23,Dati!$A$2:$A$451,$AG23)+SUMIFS(Dati!$C$2:$C$451,Dati!$A$2:$A$451,$H23,Dati!$H$2:$H$451,$AG23)+SUMIFS(Dati!$J$2:$J$451,Dati!$H$2:$H$451,$H23,Dati!$A$2:$A$451,$AG23),"-") | BF23: =IF(AND($H23<>"",$AH23<>"",$H23<>$AH23,IFERROR(VLOOKUP($H23,areaCercaPuntiClassificaSquadra,3,FALSE),-1)=IFERROR(VLOOKUP($AH23,areaCercaPuntiClassificaSquadra,3,FALSE),-2)),SUMIFS(Dati!$D$2:$D$451,Dati!$A$2:$A$451,$H23,Dati!$H$2:$H$451,$AH23)+SUMIFS(Dati!$K$2:$K$451,Dati!$H$2:$H$451,$H23,Dati!$A$2:$A$451,$AH23)+SUMIFS(Dati!$C$2:$C$451,Dati!$A$2:$A$451,$H23,Dati!$H$2:$H$451,$AH23)+SUMIFS(Dati!$J$2:$J$451,Dati!$H$2:$H$451,$H23,Dati!$A$2:$A$451,$AH23),"-") | BH23: =$C23 | BI23: =IF(AND($H23<>"",$Y23<>"",$H23<>$Y23,IFERROR(VLOOKUP($H23,areaCercaPuntiClassificaSquadra,3,FALSE),-1)=IFERROR(VLOOKUP($Y23,areaCercaPuntiClassificaSquadra,3,FALSE),-2)),SUMIFS(Dati!$E$2:$E$451,Dati!$A$2:$A$451,$H23,Dati!$H$2:$H$451,$Y23)+SUMIFS(Dati!$L$2:$L$451,Dati!$H$2:$H$451,$H23,Dati!$A$2:$A$451,$Y23),"-") | BJ23: =IF(AND($H23<>"",$Z23<>"",$H23<>$Z23,IFERROR(VLOOKUP($H23,areaCercaPuntiClassificaSquadra,3,FALSE),-1)=IFERROR(VLOOKUP($Z23,areaCercaPuntiClassificaSquadra,3,FALSE),-2)),SUMIFS(Dati!$E$2:$E$451,Dati!$A$2:$A$451,$H23,Dati!$H$2:$H$451,$Z23)+SUMIFS(Dati!$L$2:$L$451,Dati!$H$2:$H$451,$H23,Dati!$A$2:$A$451,$Z23),"-") | BK23: =IF(AND($H23<>"",$AA23<>"",$H23<>$AA23,IFERROR(VLOOKUP($H23,areaCercaPuntiClassificaSquadra,3,FALSE),-1)=IFERROR(VLOOKUP($AA23,areaCercaPuntiClassificaSquadra,3,FALSE),-2)),SUMIFS(Dati!$E$2:$E$451,Dati!$A$2:$A$451,$H23,Dati!$H$2:$H$451,$AA23)+SUMIFS(Dati!$L$2:$L$451,Dati!$H$2:$H$451,$H23,Dati!$A$2:$A$451,$AA23),"-") | BL23: =IF(AND($H23<>"",$AB23<>"",$H23<>$AB23,IFERROR(VLOOKUP($H23,areaCercaPuntiClassificaSquadra,3,FALSE),-1)=IFERROR(VLOOKUP($AB23,areaCercaPuntiClassificaSquadra,3,FALSE),-2)),SUMIFS(Dati!$E$2:$E$451,Dati!$A$2:$A$451,$H23,Dati!$H$2:$H$451,$AB23)+SUMIFS(Dati!$L$2:$L$451,Dati!$H$2:$H$451,$H23,Dati!$A$2:$A$451,$AB23),"-") | BM23: =IF(AND($H23<>"",$AC23<>"",$H23<>$AC23,IFERROR(VLOOKUP($H23,areaCercaPuntiClassificaSquadra,3,FALSE),-1)=IFERROR(VLOOKUP($AC23,areaCercaPuntiClassificaSquadra,3,FALSE),-2)),SUMIFS(Dati!$E$2:$E$451,Dati!$A$2:$A$451,$H23,Dati!$H$2:$H$451,$AC23)+SUMIFS(Dati!$L$2:$L$451,Dati!$H$2:$H$451,$H23,Dati!$A$2:$A$451,$AC23),"-") | BN23: =IF(AND($H23<>"",$AD23<>"",$H23<>$AD23,IFERROR(VLOOKUP($H23,areaCercaPuntiClassificaSquadra,3,FALSE),-1)=IFERROR(VLOOKUP($AD23,areaCercaPuntiClassificaSquadra,3,FALSE),-2)),SUMIFS(Dati!$E$2:$E$451,Dati!$A$2:$A$451,$H23,Dati!$H$2:$H$451,$AD23)+SUMIFS(Dati!$L$2:$L$451,Dati!$H$2:$H$451,$H23,Dati!$A$2:$A$451,$AD23),"-") | BO23: =IF(AND($H23<>"",$AE23<>"",$H23<>$AE23,IFERROR(VLOOKUP($H23,areaCercaPuntiClassificaSquadra,3,FALSE),-1)=IFERROR(VLOOKUP($AE23,areaCercaPuntiClassificaSquadra,3,FALSE),-2)),SUMIFS(Dati!$E$2:$E$451,Dati!$A$2:$A$451,$H23,Dati!$H$2:$H$451,$AE23)+SUMIFS(Dati!$L$2:$L$451,Dati!$H$2:$H$451,$H23,Dati!$A$2:$A$451,$AE23),"-") | BP23: =IF(AND($H23<>"",$AF23<>"",$H23<>$AF23,IFERROR(VLOOKUP($H23,areaCercaPuntiClassificaSquadra,3,FALSE),-1)=IFERROR(VLOOKUP($AF23,areaCercaPuntiClassificaSquadra,3,FALSE),-2)),SUMIFS(Dati!$E$2:$E$451,Dati!$A$2:$A$451,$H23,Dati!$H$2:$H$451,$AF23)+SUMIFS(Dati!$L$2:$L$451,Dati!$H$2:$H$451,$H23,Dati!$A$2:$A$451,$AF23),"-") | BQ23: =IF(AND($H23<>"",$AG23<>"",$H23<>$AG23,IFERROR(VLOOKUP($H23,areaCercaPuntiClassificaSquadra,3,FALSE),-1)=IFERROR(VLOOKUP($AG23,areaCercaPuntiClassificaSquadra,3,FALSE),-2)),SUMIFS(Dati!$E$2:$E$451,Dati!$A$2:$A$451,$H23,Dati!$H$2:$H$451,$AG23)+SUMIFS(Dati!$L$2:$L$451,Dati!$H$2:$H$451,$H23,Dati!$A$2:$A$451,$AG23),"-") | BR23: =IF(AND($H23<>"",$AH23<>"",$H23<>$AH23,IFERROR(VLOOKUP($H23,areaCercaPuntiClassificaSquadra,3,FALSE),-1)=IFERROR(VLOOKUP($AH23,areaCercaPuntiClassificaSquadra,3,FALSE),-2)),SUMIFS(Dati!$E$2:$E$451,Dati!$A$2:$A$451,$H23,Dati!$H$2:$H$451,$AH23)+SUMIFS(Dati!$L$2:$L$451,Dati!$H$2:$H$451,$H23,Dati!$A$2:$A$451,$AH23),"-") | BT23: =$C23 | BU23: =IF(AND($H23<>"",$Y23<>"",$H23<>$Y23,IFERROR(VLOOKUP($H23,areaCercaPuntiClassificaSquadra,3,FALSE),-1)=IFERROR(VLOOKUP($Y23,areaCercaPuntiClassificaSquadra,3,FALSE),-2)),SUMIFS(Dati!$F$2:$F$451,Dati!$A$2:$A$451,$H23,Dati!$H$2:$H$451,$Y23)+SUMIFS(Dati!$M$2:$M$451,Dati!$H$2:$H$451,$H23,Dati!$A$2:$A$451,$Y23),"-") | BV23: =IF(AND($H23<>"",$Z23<>"",$H23<>$Z23,IFERROR(VLOOKUP($H23,areaCercaPuntiClassificaSquadra,3,FALSE),-1)=IFERROR(VLOOKUP($Z23,areaCercaPuntiClassificaSquadra,3,FALSE),-2)),SUMIFS(Dati!$F$2:$F$451,Dati!$A$2:$A$451,$H23,Dati!$H$2:$H$451,$Z23)+SUMIFS(Dati!$M$2:$M$451,Dati!$H$2:$H$451,$H23,Dati!$A$2:$A$451,$Z23),"-") | BW23: =IF(AND($H23<>"",$AA23<>"",$H23<>$AA23,IFERROR(VLOOKUP($H23,areaCercaPuntiClassificaSquadra,3,FALSE),-1)=IFERROR(VLOOKUP($AA23,areaCercaPuntiClassificaSquadra,3,FALSE),-2)),SUMIFS(Dati!$F$2:$F$451,Dati!$A$2:$A$451,$H23,Dati!$H$2:$H$451,$AA23)+SUMIFS(Dati!$M$2:$M$451,Dati!$H$2:$H$451,$H23,Dati!$A$2:$A$451,$AA23),"-") | BX23: =IF(AND($H23<>"",$AB23<>"",$H23<>$AB23,IFERROR(VLOOKUP($H23,areaCercaPuntiClassificaSquadra,3,FALSE),-1)=IFERROR(VLOOKUP($AB23,areaCercaPuntiClassificaSquadra,3,FALSE),-2)),SUMIFS(Dati!$F$2:$F$451,Dati!$A$2:$A$451,$H23,Dati!$H$2:$H$451,$AB23)+SUMIFS(Dati!$M$2:$M$451,Dati!$H$2:$H$451,$H23,Dati!$A$2:$A$451,$AB23),"-") | BY23: =IF(AND($H23<>"",$AC23<>"",$H23<>$AC23,IFERROR(VLOOKUP($H23,areaCercaPuntiClassificaSquadra,3,FALSE),-1)=IFERROR(VLOOKUP($AC23,areaCercaPuntiClassificaSquadra,3,FALSE),-2)),SUMIFS(Dati!$F$2:$F$451,Dati!$A$2:$A$451,$H23,Dati!$H$2:$H$451,$AC23)+SUMIFS(Dati!$M$2:$M$451,Dati!$H$2:$H$451,$H23,Dati!$A$2:$A$451,$AC23),"-") | BZ23: =IF(AND($H23<>"",$AD23<>"",$H23<>$AD23,IFERROR(VLOOKUP($H23,areaCercaPuntiClassificaSquadra,3,FALSE),-1)=IFERROR(VLOOKUP($AD23,areaCercaPuntiClassificaSquadra,3,FALSE),-2)),SUMIFS(Dati!$F$2:$F$451,Dati!$A$2:$A$451,$H23,Dati!$H$2:$H$451,$AD23)+SUMIFS(Dati!$M$2:$M$451,Dati!$H$2:$H$451,$H23,Dati!$A$2:$A$451,$AD23),"-") | CA23: =IF(AND($H23<>"",$AE23<>"",$H23<>$AE23,IFERROR(VLOOKUP($H23,areaCercaPuntiClassificaSquadra,3,FALSE),-1)=IFERROR(VLOOKUP($AE23,areaCercaPuntiClassificaSquadra,3,FALSE),-2)),SUMIFS(Dati!$F$2:$F$451,Dati!$A$2:$A$451,$H23,Dati!$H$2:$H$451,$AE23)+SUMIFS(Dati!$M$2:$M$451,Dati!$H$2:$H$451,$H23,Dati!$A$2:$A$451,$AE23),"-") | CB23: =IF(AND($H23<>"",$AF23<>"",$H23<>$AF23,IFERROR(VLOOKUP($H23,areaCercaPuntiClassificaSquadra,3,FALSE),-1)=IFERROR(VLOOKUP($AF23,areaCercaPuntiClassificaSquadra,3,FALSE),-2)),SUMIFS(Dati!$F$2:$F$451,Dati!$A$2:$A$451,$H23,Dati!$H$2:$H$451,$AF23)+SUMIFS(Dati!$M$2:$M$451,Dati!$H$2:$H$451,$H23,Dati!$A$2:$A$451,$AF23),"-") | CC23: =IF(AND($H23<>"",$AG23<>"",$H23<>$AG23,IFERROR(VLOOKUP($H23,areaCercaPuntiClassificaSquadra,3,FALSE),-1)=IFERROR(VLOOKUP($AG23,areaCercaPuntiClassificaSquadra,3,FALSE),-2)),SUMIFS(Dati!$F$2:$F$451,Dati!$A$2:$A$451,$H23,Dati!$H$2:$H$451,$AG23)+SUMIFS(Dati!$M$2:$M$451,Dati!$H$2:$H$451,$H23,Dati!$A$2:$A$451,$AG23),"-") | CD23: =IF(AND($H23<>"",$AH23<>"",$H23<>$AH23,IFERROR(VLOOKUP($H23,areaCercaPuntiClassificaSquadra,3,FALSE),-1)=IFERROR(VLOOKUP($AH23,areaCercaPuntiClassificaSquadra,3,FALSE),-2)),SUMIFS(Dati!$F$2:$F$451,Dati!$A$2:$A$451,$H23,Dati!$H$2:$H$451,$AH23)+SUMIFS(Dati!$M$2:$M$451,Dati!$H$2:$H$451,$H23,Dati!$A$2:$A$451,$AH23),"-") | CF23: =IF($C23="","",SUM(AK23:AT23))
B24: B01 | E24: B | G24: =IF($C24="","",$E24&(COUNTIFS(I$14:I$113,">"&I24,E$14:E$113,"="&E24,C$14:C$113,"<>")+COUNTIFS(I$14:I$113,"="&I24,H$14:H$113,"<="&H24,E$14:E$113,"="&E24,C$14:C$113,"<>"))) | H24: =IF($C24="","",IFERROR(LEFT($C24,FIND("-",$C24)-1),$C24)) | I24: =TEXT(1000000000+J24,"|0000000000|")&TEXT(SUM(AK24:AT24),"0000000000|")&IF(SUM(BU24:CD24)=0,"0000000000|",TEXT(ROUND(SUM(BI24:BR24)/SUM(BU24:CD24),4)*100000,"0000000000|"))&IF(P24=0,"0000000000|",TEXT(ROUND(O24/P24,4)*100000,"0000000000|")) | J24: =L24*constPuntiVittoria+M24*constPuntiSconfitta+N24*constPuntiForfait+IF(D24="",0,D24) | K24: =SUM(L24:N24) | L24: =IF($H24="",0,SUMIF(Dati!$A$2:$A$451,$H24,Dati!$B$2:$B$451)+SUMIF(Dati!$H$2:$H$451,$H24,Dati!$I$2:$I$451)) | M24: =IF($H24="",0,SUMIF(Dati!$A$2:$A$451,$H24,Dati!$D$2:$D$451)+SUMIF(Dati!$H$2:$H$451,$H24,Dati!$K$2:$K$451)) | N24: =IF($H24="",0,SUMIF(Dati!$A$2:$A$451,$H24,Dati!$C$2:$C$451)+SUMIF(Dati!$H$2:$H$451,$H24,Dati!$J$2:$J$451)) | O24: =IF($H24="",0,SUMIF(Dati!$A$2:$A$451,$H24,Dati!$E$2:$E$451)+SUMIF(Dati!$H$2:$H$451,$H24,Dati!$L$2:$L$451)) | P24: =IF($H24="",0,SUMIF(Dati!$A$2:$A$451,$H24,Dati!$F$2:$F$451)+SUMIF(Dati!$H$2:$H$451,$H24,Dati!$M$2:$M$451)) | Q24: =IF($H24="",0,SUMIF(Dati!$A$2:$A$451,$H24,Dati!$G$2:$G$451)+SUMIF(Dati!$H$2:$H$451,$H24,Dati!$N$2:$N$451)) | R24: =IF(K24=0,0,ROUND(O24/K24,2)) | S24: =IF(K24=0,0,ROUND(P24/K24,2)) | T24: =IF(K24=0,0,ROUND(Q24/K24,2)) | U24: =IF(COUNTIFS($E$14:$E$113,$E24,$J$14:$J$113,$J24,$C$14:$C$113,"<>")<=1,"-",SUM(AK24:AT24)&"-"&SUM(AW24:BF24)) | V24: =IF(COUNTIFS($E$14:$E$113,$E24,$J$14:$J$113,$J24,$C$14:$C$113,"<>",$CF$14:$CF$113,$CF24)<=1,"-",IF(SUM(BU24:CD24)=0,0,ROUND(SUM(BI24:BR24)/SUM(BU24:CD24),3))) | W24: =IF(COUNTIFS($E$14:$E$113,$E24,$J$14:$J$113,$J24,$C$14:$C$113,"<>",$CF$14:$CF$113,$CF24,$V$14:$V$113,$V24)<=1,"-",IF(P24=0,0,ROUND(O24/P24,3))) | X24: =IF($C24="","",$E24&"#"&COUNTIFS($E$14:$E24,$E24,$C$14:$C24,"<>")) | Y24: =IFERROR(INDEX($H$14:$H$113,MATCH($E24&"#1",$X$14:$X$113,0)),"") | Z24: =IFERROR(INDEX($H$14:$H$113,MATCH($E24&"#2",$X$14:$X$113,0)),"") | AA24: =IFERROR(INDEX($H$14:$H$113,MATCH($E24&"#3",$X$14:$X$113,0)),"") | AB24: =IFERROR(INDEX($H$14:$H$113,MATCH($E24&"#4",$X$14:$X$113,0)),"") | AC24: =IFERROR(INDEX($H$14:$H$113,MATCH($E24&"#5",$X$14:$X$113,0)),"") | AD24: =IFERROR(INDEX($H$14:$H$113,MATCH($E24&"#6",$X$14:$X$113,0)),"") | AE24: =IFERROR(INDEX($H$14:$H$113,MATCH($E24&"#7",$X$14:$X$113,0)),"") | AF24: =IFERROR(INDEX($H$14:$H$113,MATCH($E24&"#8",$X$14:$X$113,0)),"") | AG24: =IFERROR(INDEX($H$14:$H$113,MATCH($E24&"#9",$X$14:$X$113,0)),"") | AH24: =IFERROR(INDEX($H$14:$H$113,MATCH($E24&"#10",$X$14:$X$113,0)),"") | AJ24: =$C24 | AK24: =IF(AND($H24<>"",$Y24<>"",$H24<>$Y24,IFERROR(VLOOKUP($H24,areaCercaPuntiClassificaSquadra,3,FALSE),-1)=IFERROR(VLOOKUP($Y24,areaCercaPuntiClassificaSquadra,3,FALSE),-2)),SUMIFS(Dati!$B$2:$B$451,Dati!$A$2:$A$451,$H24,Dati!$H$2:$H$451,$Y24)+SUMIFS(Dati!$I$2:$I$451,Dati!$H$2:$H$451,$H24,Dati!$A$2:$A$451,$Y24),"-") | AL24: =IF(AND($H24<>"",$Z24<>"",$H24<>$Z24,IFERROR(VLOOKUP($H24,areaCercaPuntiClassificaSquadra,3,FALSE),-1)=IFERROR(VLOOKUP($Z24,areaCercaPuntiClassificaSquadra,3,FALSE),-2)),SUMIFS(Dati!$B$2:$B$451,Dati!$A$2:$A$451,$H24,Dati!$H$2:$H$451,$Z24)+SUMIFS(Dati!$I$2:$I$451,Dati!$H$2:$H$451,$H24,Dati!$A$2:$A$451,$Z24),"-") | AM24: =IF(AND($H24<>"",$AA24<>"",$H24<>$AA24,IFERROR(VLOOKUP($H24,areaCercaPuntiClassificaSquadra,3,FALSE),-1)=IFERROR(VLOOKUP($AA24,areaCercaPuntiClassificaSquadra,3,FALSE),-2)),SUMIFS(Dati!$B$2:$B$451,Dati!$A$2:$A$451,$H24,Dati!$H$2:$H$451,$AA24)+SUMIFS(Dati!$I$2:$I$451,Dati!$H$2:$H$451,$H24,Dati!$A$2:$A$451,$AA24),"-") | AN24: =IF(AND($H24<>"",$AB24<>"",$H24<>$AB24,IFERROR(VLOOKUP($H24,areaCercaPuntiClassificaSquadra,3,FALSE),-1)=IFERROR(VLOOKUP($AB24,areaCercaPuntiClassificaSquadra,3,FALSE),-2)),SUMIFS(Dati!$B$2:$B$451,Dati!$A$2:$A$451,$H24,Dati!$H$2:$H$451,$AB24)+SUMIFS(Dati!$I$2:$I$451,Dati!$H$2:$H$451,$H24,Dati!$A$2:$A$451,$AB24),"-") | AO24: =IF(AND($H24<>"",$AC24<>"",$H24<>$AC24,IFERROR(VLOOKUP($H24,areaCercaPuntiClassificaSquadra,3,FALSE),-1)=IFERROR(VLOOKUP($AC24,areaCercaPuntiClassificaSquadra,3,FALSE),-2)),SUMIFS(Dati!$B$2:$B$451,Dati!$A$2:$A$451,$H24,Dati!$H$2:$H$451,$AC24)+SUMIFS(Dati!$I$2:$I$451,Dati!$H$2:$H$451,$H24,Dati!$A$2:$A$451,$AC24),"-") | AP24: =IF(AND($H24<>"",$AD24<>"",$H24<>$AD24,IFERROR(VLOOKUP($H24,areaCercaPuntiClassificaSquadra,3,FALSE),-1)=IFERROR(VLOOKUP($AD24,areaCercaPuntiClassificaSquadra,3,FALSE),-2)),SUMIFS(Dati!$B$2:$B$451,Dati!$A$2:$A$451,$H24,Dati!$H$2:$H$451,$AD24)+SUMIFS(Dati!$I$2:$I$451,Dati!$H$2:$H$451,$H24,Dati!$A$2:$A$451,$AD24),"-") | AQ24: =IF(AND($H24<>"",$AE24<>"",$H24<>$AE24,IFERROR(VLOOKUP($H24,areaCercaPuntiClassificaSquadra,3,FALSE),-1)=IFERROR(VLOOKUP($AE24,areaCercaPuntiClassificaSquadra,3,FALSE),-2)),SUMIFS(Dati!$B$2:$B$451,Dati!$A$2:$A$451,$H24,Dati!$H$2:$H$451,$AE24)+SUMIFS(Dati!$I$2:$I$451,Dati!$H$2:$H$451,$H24,Dati!$A$2:$A$451,$AE24),"-") | AR24: =IF(AND($H24<>"",$AF24<>"",$H24<>$AF24,IFERROR(VLOOKUP($H24,areaCercaPuntiClassificaSquadra,3,FALSE),-1)=IFERROR(VLOOKUP($AF24,areaCercaPuntiClassificaSquadra,3,FALSE),-2)),SUMIFS(Dati!$B$2:$B$451,Dati!$A$2:$A$451,$H24,Dati!$H$2:$H$451,$AF24)+SUMIFS(Dati!$I$2:$I$451,Dati!$H$2:$H$451,$H24,Dati!$A$2:$A$451,$AF24),"-") | AS24: =IF(AND($H24<>"",$AG24<>"",$H24<>$AG24,IFERROR(VLOOKUP($H24,areaCercaPuntiClassificaSquadra,3,FALSE),-1)=IFERROR(VLOOKUP($AG24,areaCercaPuntiClassificaSquadra,3,FALSE),-2)),SUMIFS(Dati!$B$2:$B$451,Dati!$A$2:$A$451,$H24,Dati!$H$2:$H$451,$AG24)+SUMIFS(Dati!$I$2:$I$451,Dati!$H$2:$H$451,$H24,Dati!$A$2:$A$451,$AG24),"-") | AT24: =IF(AND($H24<>"",$AH24<>"",$H24<>$AH24,IFERROR(VLOOKUP($H24,areaCercaPuntiClassificaSquadra,3,FALSE),-1)=IFERROR(VLOOKUP($AH24,areaCercaPuntiClassificaSquadra,3,FALSE),-2)),SUMIFS(Dati!$B$2:$B$451,Dati!$A$2:$A$451,$H24,Dati!$H$2:$H$451,$AH24)+SUMIFS(Dati!$I$2:$I$451,Dati!$H$2:$H$451,$H24,Dati!$A$2:$A$451,$AH24),"-") | AV24: =$C24 | AW24: =IF(AND($H24<>"",$Y24<>"",$H24<>$Y24,IFERROR(VLOOKUP($H24,areaCercaPuntiClassificaSquadra,3,FALSE),-1)=IFERROR(VLOOKUP($Y24,areaCercaPuntiClassificaSquadra,3,FALSE),-2)),SUMIFS(Dati!$D$2:$D$451,Dati!$A$2:$A$451,$H24,Dati!$H$2:$H$451,$Y24)+SUMIFS(Dati!$K$2:$K$451,Dati!$H$2:$H$451,$H24,Dati!$A$2:$A$451,$Y24)+SUMIFS(Dati!$C$2:$C$451,Dati!$A$2:$A$451,$H24,Dati!$H$2:$H$451,$Y24)+SUMIFS(Dati!$J$2:$J$451,Dati!$H$2:$H$451,$H24,Dati!$A$2:$A$451,$Y24),"-") | AX24: =IF(AND($H24<>"",$Z24<>"",$H24<>$Z24,IFERROR(VLOOKUP($H24,areaCercaPuntiClassificaSquadra,3,FALSE),-1)=IFERROR(VLOOKUP($Z24,areaCercaPuntiClassificaSquadra,3,FALSE),-2)),SUMIFS(Dati!$D$2:$D$451,Dati!$A$2:$A$451,$H24,Dati!$H$2:$H$451,$Z24)+SUMIFS(Dati!$K$2:$K$451,Dati!$H$2:$H$451,$H24,Dati!$A$2:$A$451,$Z24)+SUMIFS(Dati!$C$2:$C$451,Dati!$A$2:$A$451,$H24,Dati!$H$2:$H$451,$Z24)+SUMIFS(Dati!$J$2:$J$451,Dati!$H$2:$H$451,$H24,Dati!$A$2:$A$451,$Z24),"-") | AY24: =IF(AND($H24<>"",$AA24<>"",$H24<>$AA24,IFERROR(VLOOKUP($H24,areaCercaPuntiClassificaSquadra,3,FALSE),-1)=IFERROR(VLOOKUP($AA24,areaCercaPuntiClassificaSquadra,3,FALSE),-2)),SUMIFS(Dati!$D$2:$D$451,Dati!$A$2:$A$451,$H24,Dati!$H$2:$H$451,$AA24)+SUMIFS(Dati!$K$2:$K$451,Dati!$H$2:$H$451,$H24,Dati!$A$2:$A$451,$AA24)+SUMIFS(Dati!$C$2:$C$451,Dati!$A$2:$A$451,$H24,Dati!$H$2:$H$451,$AA24)+SUMIFS(Dati!$J$2:$J$451,Dati!$H$2:$H$451,$H24,Dati!$A$2:$A$451,$AA24),"-") | AZ24: =IF(AND($H24<>"",$AB24<>"",$H24<>$AB24,IFERROR(VLOOKUP($H24,areaCercaPuntiClassificaSquadra,3,FALSE),-1)=IFERROR(VLOOKUP($AB24,areaCercaPuntiClassificaSquadra,3,FALSE),-2)),SUMIFS(Dati!$D$2:$D$451,Dati!$A$2:$A$451,$H24,Dati!$H$2:$H$451,$AB24)+SUMIFS(Dati!$K$2:$K$451,Dati!$H$2:$H$451,$H24,Dati!$A$2:$A$451,$AB24)+SUMIFS(Dati!$C$2:$C$451,Dati!$A$2:$A$451,$H24,Dati!$H$2:$H$451,$AB24)+SUMIFS(Dati!$J$2:$J$451,Dati!$H$2:$H$451,$H24,Dati!$A$2:$A$451,$AB24),"-") | BA24: =IF(AND($H24<>"",$AC24<>"",$H24<>$AC24,IFERROR(VLOOKUP($H24,areaCercaPuntiClassificaSquadra,3,FALSE),-1)=IFERROR(VLOOKUP($AC24,areaCercaPuntiClassificaSquadra,3,FALSE),-2)),SUMIFS(Dati!$D$2:$D$451,Dati!$A$2:$A$451,$H24,Dati!$H$2:$H$451,$AC24)+SUMIFS(Dati!$K$2:$K$451,Dati!$H$2:$H$451,$H24,Dati!$A$2:$A$451,$AC24)+SUMIFS(Dati!$C$2:$C$451,Dati!$A$2:$A$451,$H24,Dati!$H$2:$H$451,$AC24)+SUMIFS(Dati!$J$2:$J$451,Dati!$H$2:$H$451,$H24,Dati!$A$2:$A$451,$AC24),"-") | BB24: =IF(AND($H24<>"",$AD24<>"",$H24<>$AD24,IFERROR(VLOOKUP($H24,areaCercaPuntiClassificaSquadra,3,FALSE),-1)=IFERROR(VLOOKUP($AD24,areaCercaPuntiClassificaSquadra,3,FALSE),-2)),SUMIFS(Dati!$D$2:$D$451,Dati!$A$2:$A$451,$H24,Dati!$H$2:$H$451,$AD24)+SUMIFS(Dati!$K$2:$K$451,Dati!$H$2:$H$451,$H24,Dati!$A$2:$A$451,$AD24)+SUMIFS(Dati!$C$2:$C$451,Dati!$A$2:$A$451,$H24,Dati!$H$2:$H$451,$AD24)+SUMIFS(Dati!$J$2:$J$451,Dati!$H$2:$H$451,$H24,Dati!$A$2:$A$451,$AD24),"-") | BC24: =IF(AND($H24<>"",$AE24<>"",$H24<>$AE24,IFERROR(VLOOKUP($H24,areaCercaPuntiClassificaSquadra,3,FALSE),-1)=IFERROR(VLOOKUP($AE24,areaCercaPuntiClassificaSquadra,3,FALSE),-2)),SUMIFS(Dati!$D$2:$D$451,Dati!$A$2:$A$451,$H24,Dati!$H$2:$H$451,$AE24)+SUMIFS(Dati!$K$2:$K$451,Dati!$H$2:$H$451,$H24,Dati!$A$2:$A$451,$AE24)+SUMIFS(Dati!$C$2:$C$451,Dati!$A$2:$A$451,$H24,Dati!$H$2:$H$451,$AE24)+SUMIFS(Dati!$J$2:$J$451,Dati!$H$2:$H$451,$H24,Dati!$A$2:$A$451,$AE24),"-") | BD24: =IF(AND($H24<>"",$AF24<>"",$H24<>$AF24,IFERROR(VLOOKUP($H24,areaCercaPuntiClassificaSquadra,3,FALSE),-1)=IFERROR(VLOOKUP($AF24,areaCercaPuntiClassificaSquadra,3,FALSE),-2)),SUMIFS(Dati!$D$2:$D$451,Dati!$A$2:$A$451,$H24,Dati!$H$2:$H$451,$AF24)+SUMIFS(Dati!$K$2:$K$451,Dati!$H$2:$H$451,$H24,Dati!$A$2:$A$451,$AF24)+SUMIFS(Dati!$C$2:$C$451,Dati!$A$2:$A$451,$H24,Dati!$H$2:$H$451,$AF24)+SUMIFS(Dati!$J$2:$J$451,Dati!$H$2:$H$451,$H24,Dati!$A$2:$A$451,$AF24),"-") | BE24: =IF(AND($H24<>"",$AG24<>"",$H24<>$AG24,IFERROR(VLOOKUP($H24,areaCercaPuntiClassificaSquadra,3,FALSE),-1)=IFERROR(VLOOKUP($AG24,areaCercaPuntiClassificaSquadra,3,FALSE),-2)),SUMIFS(Dati!$D$2:$D$451,Dati!$A$2:$A$451,$H24,Dati!$H$2:$H$451,$AG24)+SUMIFS(Dati!$K$2:$K$451,Dati!$H$2:$H$451,$H24,Dati!$A$2:$A$451,$AG24)+SUMIFS(Dati!$C$2:$C$451,Dati!$A$2:$A$451,$H24,Dati!$H$2:$H$451,$AG24)+SUMIFS(Dati!$J$2:$J$451,Dati!$H$2:$H$451,$H24,Dati!$A$2:$A$451,$AG24),"-") | BF24: =IF(AND($H24<>"",$AH24<>"",$H24<>$AH24,IFERROR(VLOOKUP($H24,areaCercaPuntiClassificaSquadra,3,FALSE),-1)=IFERROR(VLOOKUP($AH24,areaCercaPuntiClassificaSquadra,3,FALSE),-2)),SUMIFS(Dati!$D$2:$D$451,Dati!$A$2:$A$451,$H24,Dati!$H$2:$H$451,$AH24)+SUMIFS(Dati!$K$2:$K$451,Dati!$H$2:$H$451,$H24,Dati!$A$2:$A$451,$AH24)+SUMIFS(Dati!$C$2:$C$451,Dati!$A$2:$A$451,$H24,Dati!$H$2:$H$451,$AH24)+SUMIFS(Dati!$J$2:$J$451,Dati!$H$2:$H$451,$H24,Dati!$A$2:$A$451,$AH24),"-") | BH24: =$C24 | BI24: =IF(AND($H24<>"",$Y24<>"",$H24<>$Y24,IFERROR(VLOOKUP($H24,areaCercaPuntiClassificaSquadra,3,FALSE),-1)=IFERROR(VLOOKUP($Y24,areaCercaPuntiClassificaSquadra,3,FALSE),-2)),SUMIFS(Dati!$E$2:$E$451,Dati!$A$2:$A$451,$H24,Dati!$H$2:$H$451,$Y24)+SUMIFS(Dati!$L$2:$L$451,Dati!$H$2:$H$451,$H24,Dati!$A$2:$A$451,$Y24),"-") | BJ24: =IF(AND($H24<>"",$Z24<>"",$H24<>$Z24,IFERROR(VLOOKUP($H24,areaCercaPuntiClassificaSquadra,3,FALSE),-1)=IFERROR(VLOOKUP($Z24,areaCercaPuntiClassificaSquadra,3,FALSE),-2)),SUMIFS(Dati!$E$2:$E$451,Dati!$A$2:$A$451,$H24,Dati!$H$2:$H$451,$Z24)+SUMIFS(Dati!$L$2:$L$451,Dati!$H$2:$H$451,$H24,Dati!$A$2:$A$451,$Z24),"-") | BK24: =IF(AND($H24<>"",$AA24<>"",$H24<>$AA24,IFERROR(VLOOKUP($H24,areaCercaPuntiClassificaSquadra,3,FALSE),-1)=IFERROR(VLOOKUP($AA24,areaCercaPuntiClassificaSquadra,3,FALSE),-2)),SUMIFS(Dati!$E$2:$E$451,Dati!$A$2:$A$451,$H24,Dati!$H$2:$H$451,$AA24)+SUMIFS(Dati!$L$2:$L$451,Dati!$H$2:$H$451,$H24,Dati!$A$2:$A$451,$AA24),"-") | BL24: =IF(AND($H24<>"",$AB24<>"",$H24<>$AB24,IFERROR(VLOOKUP($H24,areaCercaPuntiClassificaSquadra,3,FALSE),-1)=IFERROR(VLOOKUP($AB24,areaCercaPuntiClassificaSquadra,3,FALSE),-2)),SUMIFS(Dati!$E$2:$E$451,Dati!$A$2:$A$451,$H24,Dati!$H$2:$H$451,$AB24)+SUMIFS(Dati!$L$2:$L$451,Dati!$H$2:$H$451,$H24,Dati!$A$2:$A$451,$AB24),"-") | BM24: =IF(AND($H24<>"",$AC24<>"",$H24<>$AC24,IFERROR(VLOOKUP($H24,areaCercaPuntiClassificaSquadra,3,FALSE),-1)=IFERROR(VLOOKUP($AC24,areaCercaPuntiClassificaSquadra,3,FALSE),-2)),SUMIFS(Dati!$E$2:$E$451,Dati!$A$2:$A$451,$H24,Dati!$H$2:$H$451,$AC24)+SUMIFS(Dati!$L$2:$L$451,Dati!$H$2:$H$451,$H24,Dati!$A$2:$A$451,$AC24),"-") | BN24: =IF(AND($H24<>"",$AD24<>"",$H24<>$AD24,IFERROR(VLOOKUP($H24,areaCercaPuntiClassificaSquadra,3,FALSE),-1)=IFERROR(VLOOKUP($AD24,areaCercaPuntiClassificaSquadra,3,FALSE),-2)),SUMIFS(Dati!$E$2:$E$451,Dati!$A$2:$A$451,$H24,Dati!$H$2:$H$451,$AD24)+SUMIFS(Dati!$L$2:$L$451,Dati!$H$2:$H$451,$H24,Dati!$A$2:$A$451,$AD24),"-") | BO24: =IF(AND($H24<>"",$AE24<>"",$H24<>$AE24,IFERROR(VLOOKUP($H24,areaCercaPuntiClassificaSquadra,3,FALSE),-1)=IFERROR(VLOOKUP($AE24,areaCercaPuntiClassificaSquadra,3,FALSE),-2)),SUMIFS(Dati!$E$2:$E$451,Dati!$A$2:$A$451,$H24,Dati!$H$2:$H$451,$AE24)+SUMIFS(Dati!$L$2:$L$451,Dati!$H$2:$H$451,$H24,Dati!$A$2:$A$451,$AE24),"-") | BP24: =IF(AND($H24<>"",$AF24<>"",$H24<>$AF24,IFERROR(VLOOKUP($H24,areaCercaPuntiClassificaSquadra,3,FALSE),-1)=IFERROR(VLOOKUP($AF24,areaCercaPuntiClassificaSquadra,3,FALSE),-2)),SUMIFS(Dati!$E$2:$E$451,Dati!$A$2:$A$451,$H24,Dati!$H$2:$H$451,$AF24)+SUMIFS(Dati!$L$2:$L$451,Dati!$H$2:$H$451,$H24,Dati!$A$2:$A$451,$AF24),"-") | BQ24: =IF(AND($H24<>"",$AG24<>"",$H24<>$AG24,IFERROR(VLOOKUP($H24,areaCercaPuntiClassificaSquadra,3,FALSE),-1)=IFERROR(VLOOKUP($AG24,areaCercaPuntiClassificaSquadra,3,FALSE),-2)),SUMIFS(Dati!$E$2:$E$451,Dati!$A$2:$A$451,$H24,Dati!$H$2:$H$451,$AG24)+SUMIFS(Dati!$L$2:$L$451,Dati!$H$2:$H$451,$H24,Dati!$A$2:$A$451,$AG24),"-") | BR24: =IF(AND($H24<>"",$AH24<>"",$H24<>$AH24,IFERROR(VLOOKUP($H24,areaCercaPuntiClassificaSquadra,3,FALSE),-1)=IFERROR(VLOOKUP($AH24,areaCercaPuntiClassificaSquadra,3,FALSE),-2)),SUMIFS(Dati!$E$2:$E$451,Dati!$A$2:$A$451,$H24,Dati!$H$2:$H$451,$AH24)+SUMIFS(Dati!$L$2:$L$451,Dati!$H$2:$H$451,$H24,Dati!$A$2:$A$451,$AH24),"-") | BT24: =$C24 | BU24: =IF(AND($H24<>"",$Y24<>"",$H24<>$Y24,IFERROR(VLOOKUP($H24,areaCercaPuntiClassificaSquadra,3,FALSE),-1)=IFERROR(VLOOKUP($Y24,areaCercaPuntiClassificaSquadra,3,FALSE),-2)),SUMIFS(Dati!$F$2:$F$451,Dati!$A$2:$A$451,$H24,Dati!$H$2:$H$451,$Y24)+SUMIFS(Dati!$M$2:$M$451,Dati!$H$2:$H$451,$H24,Dati!$A$2:$A$451,$Y24),"-") | BV24: =IF(AND($H24<>"",$Z24<>"",$H24<>$Z24,IFERROR(VLOOKUP($H24,areaCercaPuntiClassificaSquadra,3,FALSE),-1)=IFERROR(VLOOKUP($Z24,areaCercaPuntiClassificaSquadra,3,FALSE),-2)),SUMIFS(Dati!$F$2:$F$451,Dati!$A$2:$A$451,$H24,Dati!$H$2:$H$451,$Z24)+SUMIFS(Dati!$M$2:$M$451,Dati!$H$2:$H$451,$H24,Dati!$A$2:$A$451,$Z24),"-") | BW24: =IF(AND($H24<>"",$AA24<>"",$H24<>$AA24,IFERROR(VLOOKUP($H24,areaCercaPuntiClassificaSquadra,3,FALSE),-1)=IFERROR(VLOOKUP($AA24,areaCercaPuntiClassificaSquadra,3,FALSE),-2)),SUMIFS(Dati!$F$2:$F$451,Dati!$A$2:$A$451,$H24,Dati!$H$2:$H$451,$AA24)+SUMIFS(Dati!$M$2:$M$451,Dati!$H$2:$H$451,$H24,Dati!$A$2:$A$451,$AA24),"-") | BX24: =IF(AND($H24<>"",$AB24<>"",$H24<>$AB24,IFERROR(VLOOKUP($H24,areaCercaPuntiClassificaSquadra,3,FALSE),-1)=IFERROR(VLOOKUP($AB24,areaCercaPuntiClassificaSquadra,3,FALSE),-2)),SUMIFS(Dati!$F$2:$F$451,Dati!$A$2:$A$451,$H24,Dati!$H$2:$H$451,$AB24)+SUMIFS(Dati!$M$2:$M$451,Dati!$H$2:$H$451,$H24,Dati!$A$2:$A$451,$AB24),"-") | BY24: =IF(AND($H24<>"",$AC24<>"",$H24<>$AC24,IFERROR(VLOOKUP($H24,areaCercaPuntiClassificaSquadra,3,FALSE),-1)=IFERROR(VLOOKUP($AC24,areaCercaPuntiClassificaSquadra,3,FALSE),-2)),SUMIFS(Dati!$F$2:$F$451,Dati!$A$2:$A$451,$H24,Dati!$H$2:$H$451,$AC24)+SUMIFS(Dati!$M$2:$M$451,Dati!$H$2:$H$451,$H24,Dati!$A$2:$A$451,$AC24),"-") | BZ24: =IF(AND($H24<>"",$AD24<>"",$H24<>$AD24,IFERROR(VLOOKUP($H24,areaCercaPuntiClassificaSquadra,3,FALSE),-1)=IFERROR(VLOOKUP($AD24,areaCercaPuntiClassificaSquadra,3,FALSE),-2)),SUMIFS(Dati!$F$2:$F$451,Dati!$A$2:$A$451,$H24,Dati!$H$2:$H$451,$AD24)+SUMIFS(Dati!$M$2:$M$451,Dati!$H$2:$H$451,$H24,Dati!$A$2:$A$451,$AD24),"-") | CA24: =IF(AND($H24<>"",$AE24<>"",$H24<>$AE24,IFERROR(VLOOKUP($H24,areaCercaPuntiClassificaSquadra,3,FALSE),-1)=IFERROR(VLOOKUP($AE24,areaCercaPuntiClassificaSquadra,3,FALSE),-2)),SUMIFS(Dati!$F$2:$F$451,Dati!$A$2:$A$451,$H24,Dati!$H$2:$H$451,$AE24)+SUMIFS(Dati!$M$2:$M$451,Dati!$H$2:$H$451,$H24,Dati!$A$2:$A$451,$AE24),"-") | CB24: =IF(AND($H24<>"",$AF24<>"",$H24<>$AF24,IFERROR(VLOOKUP($H24,areaCercaPuntiClassificaSquadra,3,FALSE),-1)=IFERROR(VLOOKUP($AF24,areaCercaPuntiClassificaSquadra,3,FALSE),-2)),SUMIFS(Dati!$F$2:$F$451,Dati!$A$2:$A$451,$H24,Dati!$H$2:$H$451,$AF24)+SUMIFS(Dati!$M$2:$M$451,Dati!$H$2:$H$451,$H24,Dati!$A$2:$A$451,$AF24),"-") | CC24: =IF(AND($H24<>"",$AG24<>"",$H24<>$AG24,IFERROR(VLOOKUP($H24,areaCercaPuntiClassificaSquadra,3,FALSE),-1)=IFERROR(VLOOKUP($AG24,areaCercaPuntiClassificaSquadra,3,FALSE),-2)),SUMIFS(Dati!$F$2:$F$451,Dati!$A$2:$A$451,$H24,Dati!$H$2:$H$451,$AG24)+SUMIFS(Dati!$M$2:$M$451,Dati!$H$2:$H$451,$H24,Dati!$A$2:$A$451,$AG24),"-") | CD24: =IF(AND($H24<>"",$AH24<>"",$H24<>$AH24,IFERROR(VLOOKUP($H24,areaCercaPuntiClassificaSquadra,3,FALSE),-1)=IFERROR(VLOOKUP($AH24,areaCercaPuntiClassificaSquadra,3,FALSE),-2)),SUMIFS(Dati!$F$2:$F$451,Dati!$A$2:$A$451,$H24,Dati!$H$2:$H$451,$AH24)+SUMIFS(Dati!$M$2:$M$451,Dati!$H$2:$H$451,$H24,Dati!$A$2:$A$451,$AH24),"-") | CF24: =IF($C24="","",SUM(AK24:AT24))
