Workbook

Sheet Campionato
B1: PARAMETRI
B2: Campionato | D2: Campionato Baskin Demo - ESEMPIO 10 Squadre
B3: Link Logo 1
B4: Link Logo 2
B5: Gironi (separati da virgola) | D5: A
B6: Stagione | D6: 2026/2027
B7: Punti vittoria | D7: 3
B8: Punti sconfitta | D8: 1
B9: Punti forfait | D9: 0
B10: Punteggio forfait (vincente-perdente, separati da "-") | D10: 40-0
B11: Nomi gironi per la stampa (stesso ordine, separati da virgola) | D11: Gold
B12: SQUADRE | Y12: Squadre del girone (in ordine di inserimento) | AJ12: Squadra | AK12: Vittorie Scontri Diretti | AV12: Squadra | AW12: Sconfitte & Forfait Scontri Diretti | BH12: Squadra | BI12: Punti Fatti Scontri Diretti | BT12: Squadra | BU12: Punti Subiti Scontri Diretti
B13: # | C13: Squadra | D13: Eventuali Punti di Penalizzazione | E13: Girone | G13: Posizione | H13: Squadra | I13: Coefficiente | J13: Punti Classifica | K13: Partite Giocate | L13: Partite Vinte | M13: Partite Perse | N13: Partite Forfait | O13: Punti Fatti | P13: Punti Subiti | Q13: Differenza Punti | R13: Media Punti Fatti | S13: Media Punti Subiti | T13: Media Differenza Punti | U13: Record Scontri Diretti | V13: Quoziente Canestri Scontri Diretti | W13: Quoziente Canestri Totale | X13: Chiave girone | Y13: 1^ | Z13: 2^ | AA13: 3^ | AB13: 4^ | AC13: 5^ | AD13: 6^ | AE13: 7^ | AF13: 8^ | AG13: 9^ | AH13: 10^ | AJ13: Squadra | AK13: 1^ | AL13: 2^ | AM13: 3^ | AN13: 4^ | AO13: 5^ | AP13: 6^ | AQ13: 7^ | AR13: 8^ | AS13: 9^ | AT13: 10^ | AV13: Squadra | AW13: 1^ | AX13: 2^ | AY13: 3^ | AZ13: 4^ | BA13: 5^ | BB13: 6^ | BC13: 7^ | BD13: 8^ | BE13: 9^ | BF13: 10^ | BH13: Squadra | BI13: 1^ | BJ13: 2^ | BK13: 3^ | BL13: 4^ | BM13: 5^ | BN13: 6^ | BO13: 7^ | BP13: 8^ | BQ13: 9^ | BR13: 10^ | BT13: Squadra | BU13: 1^ | BV13: 2^ | BW13: 3^ | BX13: 4^ | BY13: 5^ | BZ13: 6^ | CA13: 7^ | CB13: 8^ | CC13: 9^ | CD13: 10^ | CF13: Vittorie SD
B14: A01 | C14: Anaconde Audaci-Anacondeopoli AA | E14: A | G14: =IF($C14="","",$E14&(COUNTIFS(I$14:I$23,">"&I14,E$14:E$23,"="&E14,C$14:C$23,"<>")+COUNTIFS(I$14:I$23,"="&I14,H$14:H$23,"<="&H14,E$14:E$23,"="&E14,C$14:C$23,"<>"))) -> A2 | H14: =IF($C14="","",IFERROR(LEFT($C14,FIND("-",$C14)-1),$C14)) -> Anaconde Audaci | I14: =TEXT(1000000000+J14,"|0000000000|")&TEXT(SUM(AK14:AT14),"0000000000|")&IF(SUM(BU14:CD14)=0,"0000000000|",TEXT(ROUND(SUM(BI14:BR14)/SUM(BU14:CD14),4)*100000,"0000000000|"))&IF(P14=0,"0000000000|",TEXT(ROUND(O14/P14,4)*100000,"0000000000|")) -> |1000000021|0000000001|0000119570|0000111580| | J14: =L14*Campionato!$D$7+M14*Campionato!$D$8+N14*Campionato!$D$9+IF(D14="",0,D14) -> 21 | K14: =SUM(L14:N14) -> 9 | L14: =IF($H14="",0,SUMIF(Dati!$A$2:$A$46,$H14,Dati!$B$2:$B$46)+SUMIF(Dati!$H$2:$H$46,$H14,Dati!$I$2:$I$46)) -> 6 | M14: =IF($H14="",0,SUMIF(Dati!$A$2:$A$46,$H14,Dati!$D$2:$D$46)+SUMIF(Dati!$H$2:$H$46,$H14,Dati!$K$2:$K$46)) -> 3 | N14: =IF($H14="",0,SUMIF(Dati!$A$2:$A$46,$H14,Dati!$C$2:$C$46)+SUMIF(Dati!$H$2:$H$46,$H14,Dati!$J$2:$J$46)) -> 0 | O14: =IF($H14="",0,SUMIF(Dati!$A$2:$A$46,$H14,Dati!$E$2:$E$46)+SUMIF(Dati!$H$2:$H$46,$H14,Dati!$L$2:$L$46)) -> 530 | P14: =IF($H14="",0,SUMIF(Dati!$A$2:$A$46,$H14,Dati!$F$2:$F$46)+SUMIF(Dati!$H$2:$H$46,$H14,Dati!$M$2:$M$46)) -> 475 | Q14: =IF($H14="",0,SUMIF(Dati!$A$2:$A$46,$H14,Dati!$G$2:$G$46)+SUMIF(Dati!$H$2:$H$46,$H14,Dati!$N$2:$N$46)) -> 55 | R14: =IF(K14=0,0,ROUND(O14/K14,2)) -> 58.89 | S14: =IF(K14=0,0,ROUND(P14/K14,2)) -> 52.78 | T14: =IF(K14=0,0,ROUND(Q14/K14,2)) -> 6.11 | U14: =IF(COUNTIFS($E$14:$E$23,$E14,$J$14:$J$23,$J14,$C$14:$C$23,"<>")<=1,"-",SUM(AK14:AT14)&"-"&SUM(AW14:BF14)) -> 1-1 | V14: =IF(COUNTIFS($E$14:$E$23,$E14,$J$14:$J$23,$J14,$C$14:$C$23,"<>",$CF$14:$CF$23,$CF14)<=1,"-",IF(SUM(BU14:CD14)=0,0,ROUND(SUM(BI14:BR14)/SUM(BU14:CD14),3))) -> 1.196 | W14: =IF(COUNTIFS($E$14:$E$23,$E14,$J$14:$J$23,$J14,$C$14:$C$23,"<>",$CF$14:$CF$23,$CF14,$V$14:$V$23,$V14)<=1,"-",IF(P14=0,0,ROUND(O14/P14,3))) -> - | X14: =IF($C14="","",$E14&"#"&COUNTIFS($E$14:$E14,$E14,$C$14:$C14,"<>")) -> A#1 | Y14: =IFERROR(INDEX($H$14:$H$23,MATCH($E14&"#1",$X$14:$X$23,0)),"") -> Anaconde Audaci | Z14: =IFERROR(INDEX($H$14:$H$23,MATCH($E14&"#2",$X$14:$X$23,0)),"") -> Bufali Belligeranti | AA14: =IFERROR(INDEX($H$14:$H$23,MATCH($E14&"#3",$X$14:$X$23,0)),"") -> Cobra Celeri | AB14: =IFERROR(INDEX($H$14:$H$23,MATCH($E14&"#4",$X$14:$X$23,0)),"") -> Dingo Docili | AC14: =IFERROR(INDEX($H$14:$H$23,MATCH($E14&"#5",$X$14:$X$23,0)),"") -> Ermellini Eleganti | AD14: =IFERROR(INDEX($H$14:$H$23,MATCH($E14&"#6",$X$14:$X$23,0)),"") -> Falchi Feroci | AE14: =IFERROR(INDEX($H$14:$H$23,MATCH($E14&"#7",$X$14:$X$23,0)),"") -> Gazzelle Gentili | AF14: =IFERROR(INDEX($H$14:$H$23,MATCH($E14&"#8",$X$14:$X$23,0)),"") -> Ibis Instancabili | AG14: =IFERROR(INDEX($H$14:$H$23,MATCH($E14&"#9",$X$14:$X$23,0)),"") -> Lupi Leali | AH14: =IFERROR(INDEX($H$14:$H$23,MATCH($E14&"#10",$X$14:$X$23,0)),"") -> Marmotte Mobili | AJ14: =$C14 -> Anaconde Audaci-Anacondeopoli AA | AK14: =IF(AND($H14<>"",$Y14<>"",$H14<>$Y14,IFERROR(INDEX($J$14:$J$23,MATCH($H14,$H$14:$H$23,0)),-1)=IFERROR(INDEX($J$14:$J$23,MATCH($Y14,$H$14:$H$23,0)),-2)),SUMIFS(Dati!$B$2:$B$46,Dati!$A$2:$A$46,$H14,Dati!$H$2:$H$46,$Y14)+SUMIFS(Dati!$I$2:$I$46,Dati!$H$2:$H$46,$H14,Dati!$A$2:$A$46,$Y14),"-") -> - | AL14: =IF(AND($H14<>"",$Z14<>"",$H14<>$Z14,IFERROR(INDEX($J$14:$J$23,MATCH($H14,$H$14:$H$23,0)),-1)=IFERROR(INDEX($J$14:$J$23,MATCH($Z14,$H$14:$H$23,0)),-2)),SUMIFS(Dati!$B$2:$B$46,Dati!$A$2:$A$46,$H14,Dati!$H$2:$H$46,$Z14)+SUMIFS(Dati!$I$2:$I$46,Dati!$H$2:$H$46,$H14,Dati!$A$2:$A$46,$Z14),"-") -> - | AM14: =IF(AND($H14<>"",$AA14<>"",$H14<>$AA14,IFERROR(INDEX($J$14:$J$23,MATCH($H14,$H$14:$H$23,0)),-1)=IFERROR(INDEX($J$14:$J$23,MATCH($AA14,$H$14:$H$23,0)),-2)),SUMIFS(Dati!$B$2:$B$46,Dati!$A$2:$A$46,$H14,Dati!$H$2:$H$46,$AA14)+SUMIFS(Dati!$I$2:$I$46,Dati!$H$2:$H$46,$H14,Dati!$A$2:$A$46,$AA14),"-") -> - | AN14: =IF(AND($H14<>"",$AB14<>"",$H14<>$AB14,IFERROR(INDEX($J$14:$J$23,MATCH($H14,$H$14:$H$23,0)),-1)=IFERROR(INDEX($J$14:$J$23,MATCH($AB14,$H$14:$H$23,0)),-2)),SUMIFS(Dati!$B$2:$B$46,Dati!$A$2:$A$46,$H14,Dati!$H$2:$H$46,$AB14)+SUMIFS(Dati!$I$2:$I$46,Dati!$H$2:$H$46,$H14,Dati!$A$2:$A$46,$AB14),"-") -> - | AO14: =IF(AND($H14<>"",$AC14<>"",$H14<>$AC14,IFERROR(INDEX($J$14:$J$23,MATCH($H14,$H$14:$H$23,0)),-1)=IFERROR(INDEX($J$14:$J$23,MATCH($AC14,$H$14:$H$23,0)),-2)),SUMIFS(Dati!$B$2:$B$46,Dati!$A$2:$A$46,$H14,Dati!$H$2:$H$46,$AC14)+SUMIFS(Dati!$I$2:$I$46,Dati!$H$2:$H$46,$H14,Dati!$A$2:$A$46,$AC14),"-") -> - | AP14: =IF(AND($H14<>"",$AD14<>"",$H14<>$AD14,IFERROR(INDEX($J$14:$J$23,MATCH($H14,$H$14:$H$23,0)),-1)=IFERROR(INDEX($J$14:$J$23,MATCH($AD14,$H$14:$H$23,0)),-2)),SUMIFS(Dati!$B$2:$B$46,Dati!$A$2:$A$46,$H14,Dati!$H$2:$H$46,$AD14)+SUMIFS(Dati!$I$2:$I$46,Dati!$H$2:$H$46,$H14,Dati!$A$2:$A$46,$AD14),"-") -> 1 | AQ14: =IF(AND($H14<>"",$AE14<>"",$H14<>$AE14,IFERROR(INDEX($J$14:$J$23,MATCH($H14,$H$14:$H$23,0)),-1)=IFERROR(INDEX($J$14:$J$23,MATCH($AE14,$H$14:$H$23,0)),-2)),SUMIFS(Dati!$B$2:$B$46,Dati!$A$2:$A$46,$H14,Dati!$H$2:$H$46,$AE14)+SUMIFS(Dati!$I$2:$I$46,Dati!$H$2:$H$46,$H14,Dati!$A$2:$A$46,$AE14),"-") -> - | AR14: =IF(AND($H14<>"",$AF14<>"",$H14<>$AF14,IFERROR(INDEX($J$14:$J$23,MATCH($H14,$H$14:$H$23,0)),-1)=IFERROR(INDEX($J$14:$J$23,MATCH($AF14,$H$14:$H$23,0)),-2)),SUMIFS(Dati!$B$2:$B$46,Dati!$A$2:$A$46,$H14,Dati!$H$2:$H$46,$AF14)+SUMIFS(Dati!$I$2:$I$46,Dati!$H$2:$H$46,$H14,Dati!$A$2:$A$46,$AF14),"-") -> - | AS14: =IF(AND($H14<>"",$AG14<>"",$H14<>$AG14,IFERROR(INDEX($J$14:$J$23,MATCH($H14,$H$14:$H$23,0)),-1)=IFERROR(INDEX($J$14:$J$23,MATCH($AG14,$H$14:$H$23,0)),-2)),SUMIFS(Dati!$B$2:$B$46,Dati!$A$2:$A$46,$H14,Dati!$H$2:$H$46,$AG14)+SUMIFS(Dati!$I$2:$I$46,Dati!$H$2:$H$46,$H14,Dati!$A$2:$A$46,$AG14),"-") -> 0 | AT14: =IF(AND($H14<>"",$AH14<>"",$H14<>$AH14,IFERROR(INDEX($J$14:$J$23,MATCH($H14,$H$14:$H$23,0)),-1)=IFERROR(INDEX($J$14:$J$23,MATCH($AH14,$H$14:$H$23,0)),-2)),SUMIFS(Dati!$B$2:$B$46,Dati!$A$2:$A$46,$H14,Dati!$H$2:$H$46,$AH14)+SUMIFS(Dati!$I$2:$I$46,Dati!$H$2:$H$46,$H14,Dati!$A$2:$A$46,$AH14),"-") -> - | AV14: =$C14 -> Anaconde Audaci-Anacondeopoli AA | AW14: =IF(AND($H14<>"",$Y14<>"",$H14<>$Y14,IFERROR(INDEX($J$14:$J$23,MATCH($H14,$H$14:$H$23,0)),-1)=IFERROR(INDEX($J$14:$J$23,MATCH($Y14,$H$14:$H$23,0)),-2)),SUMIFS(Dati!$D$2:$D$46,Dati!$A$2:$A$46,$H14,Dati!$H$2:$H$46,$Y14)+SUMIFS(Dati!$K$2:$K$46,Dati!$H$2:$H$46,$H14,Dati!$A$2:$A$46,$Y14)+SUMIFS(Dati!$C$2:$C$46,Dati!$A$2:$A$46,$H14,Dati!$H$2:$H$46,$Y14)+SUMIFS(Dati!$J$2:$J$46,Dati!$H$2:$H$46,$H14,Dati!$A$2:$A$46,$Y14),"-") -> - | AX14: =IF(AND($H14<>"",$Z14<>"",$H14<>$Z14,IFERROR(INDEX($J$14:$J$23,MATCH($H14,$H$14:$H$23,0)),-1)=IFERROR(INDEX($J$14:$J$23,MATCH($Z14,$H$14:$H$23,0)),-2)),SUMIFS(Dati!$D$2:$D$46,Dati!$A$2:$A$46,$H14,Dati!$H$2:$H$46,$Z14)+SUMIFS(Dati!$K$2:$K$46,Dati!$H$2:$H$46,$H14,Dati!$A$2:$A$46,$Z14)+SUMIFS(Dati!$C$2:$C$46,Dati!$A$2:$A$46,$H14,Dati!$H$2:$H$46,$Z14)+SUMIFS(Dati!$J$2:$J$46,Dati!$H$2:$H$46,$H14,Dati!$A$2:$A$46,$Z14),"-") -> - | AY14: =IF(AND($H14<>"",$AA14<>"",$H14<>$AA14,IFERROR(INDEX($J$14:$J$23,MATCH($H14,$H$14:$H$23,0)),-1)=IFERROR(INDEX($J$14:$J$23,MATCH($AA14,$H$14:$H$23,0)),-2)),SUMIFS(Dati!$D$2:$D$46,Dati!$A$2:$A$46,$H14,Dati!$H$2:$H$46,$AA14)+SUMIFS(Dati!$K$2:$K$46,Dati!$H$2:$H$46,$H14,Dati!$A$2:$A$46,$AA14)+SUMIFS(Dati!$C$2:$C$46,Dati!$A$2:$A$46,$H14,Dati!$H$2:$H$46,$AA14)+SUMIFS(Dati!$J$2:$J$46,Dati!$H$2:$H$46,$H14,Dati!$A$2:$A$46,$AA14),"-") -> - | AZ14: =IF(AND($H14<>"",$AB14<>"",$H14<>$AB14,IFERROR(INDEX($J$14:$J$23,MATCH($H14,$H$14:$H$23,0)),-1)=IFERROR(INDEX($J$14:$J$23,MATCH($AB14,$H$14:$H$23,0)),-2)),SUMIFS(Dati!$D$2:$D$46,Dati!$A$2:$A$46,$H14,Dati!$H$2:$H$46,$AB14)+SUMIFS(Dati!$K$2:$K$46,Dati!$H$2:$H$46,$H14,Dati!$A$2:$A$46,$AB14)+SUMIFS(Dati!$C$2:$C$46,Dati!$A$2:$A$46,$H14,Dati!$H$2:$H$46,$AB14)+SUMIFS(Dati!$J$2:$J$46,Dati!$H$2:$H$46,$H14,Dati!$A$2:$A$46,$AB14),"-") -> - | BA14: =IF(AND($H14<>"",$AC14<>"",$H14<>$AC14,IFERROR(INDEX($J$14:$J$23,MATCH($H14,$H$14:$H$23,0)),-1)=IFERROR(INDEX($J$14:$J$23,MATCH($AC14,$H$14:$H$23,0)),-2)),SUMIFS(Dati!$D$2:$D$46,Dati!$A$2:$A$46,$H14,Dati!$H$2:$H$46,$AC14)+SUMIFS(Dati!$K$2:$K$46,Dati!$H$2:$H$46,$H14,Dati!$A$2:$A$46,$AC14)+SUMIFS(Dati!$C$2:$C$46,Dati!$A$2:$A$46,$H14,Dati!$H$2:$H$46,$AC14)+SUMIFS(Dati!$J$2:$J$46,Dati!$H$2:$H$46,$H14,Dati!$A$2:$A$46,$AC14),"-") -> - | BB14: =IF(AND($H14<>"",$AD14<>"",$H14<>$AD14,IFERROR(INDEX($J$14:$J$23,MATCH($H14,$H$14:$H$23,0)),-1)=IFERROR(INDEX($J$14:$J$23,MATCH($AD14,$H$14:$H$23,0)),-2)),SUMIFS(Dati!$D$2:$D$46,Dati!$A$2:$A$46,$H14,Dati!$H$2:$H$46,$AD14)+SUMIFS(Dati!$K$2:$K$46,Dati!$H$2:$H$46,$H14,Dati!$A$2:$A$46,$AD14)+SUMIFS(Dati!$C$2:$C$46,Dati!$A$2:$A$46,$H14,Dati!$H$2:$H$46,$AD14)+SUMIFS(Dati!$J$2:$J$46,Dati!$H$2:$H$46,$H14,Dati!$A$2:$A$46,$AD14),"-") -> 0 | BC14: =IF(AND($H14<>"",$AE14<>"",$H14<>$AE14,IFERROR(INDEX($J$14:$J$23,MATCH($H14,$H$14:$H$23,0)),-1)=IFERROR(INDEX($J$14:$J$23,MATCH($AE14,$H$14:$H$23,0)),-2)),SUMIFS(Dati!$D$2:$D$46,Dati!$A$2:$A$46,$H14,Dati!$H$2:$H$46,$AE14)+SUMIFS(Dati!$K$2:$K$46,Dati!$H$2:$H$46,$H14,Dati!$A$2:$A$46,$AE14)+SUMIFS(Dati!$C$2:$C$46,Dati!$A$2:$A$46,$H14,Dati!$H$2:$H$46,$AE14)+SUMIFS(Dati!$J$2:$J$46,Dati!$H$2:$H$46,$H14,Dati!$A$2:$A$46,$AE14),"-") -> - | BD14: =IF(AND($H14<>"",$AF14<>"",$H14<>$AF14,IFERROR(INDEX($J$14:$J$23,MATCH($H14,$H$14:$H$23,0)),-1)=IFERROR(INDEX($J$14:$J$23,MATCH($AF14,$H$14:$H$23,0)),-2)),SUMIFS(Dati!$D$2:$D$46,Dati!$A$2:$A$46,$H14,Dati!$H$2:$H$46,$AF14)+SUMIFS(Dati!$K$2:$K$46,Dati!$H$2:$H$46,$H14,Dati!$A$2:$A$46,$AF14)+SUMIFS(Dati!$C$2:$C$46,Dati!$A$2:$A$46,$H14,Dati!$H$2:$H$46,$AF14)+SUMIFS(Dati!$J$2:$J$46,Dati!$H$2:$H$46,$H14,Dati!$A$2:$A$46,$AF14),"-") -> - | BE14: =IF(AND($H14<>"",$AG14<>"",$H14<>$AG14,IFERROR(INDEX($J$14:$J$23,MATCH($H14,$H$14:$H$23,0)),-1)=IFERROR(INDEX($J$14:$J$23,MATCH($AG14,$H$14:$H$23,0)),-2)),SUMIFS(Dati!$D$2:$D$46,Dati!$A$2:$A$46,$H14,Dati!$H$2:$H$46,$AG14)+SUMIFS(Dati!$K$2:$K$46,Dati!$H$2:$H$46,$H14,Dati!$A$2:$A$46,$AG14)+SUMIFS(Dati!$C$2:$C$46,Dati!$A$2:$A$46,$H14,Dati!$H$2:$H$46,$AG14)+SUMIFS(Dati!$J$2:$J$46,Dati!$H$2:$H$46,$H14,Dati!$A$2:$A$46,$AG14),"-") -> 1 | BF14: =IF(AND($H14<>"",$AH14<>"",$H14<>$AH14,IFERROR(INDEX($J$14:$J$23,MATCH($H14,$H$14:$H$23,0)),-1)=IFERROR(INDEX($J$14:$J$23,MATCH($AH14,$H$14:$H$23,0)),-2)),SUMIFS(Dati!$D$2:$D$46,Dati!$A$2:$A$46,$H14,Dati!$H$2:$H$46,$AH14)+SUMIFS(Dati!$K$2:$K$46,Dati!$H$2:$H$46,$H14,Dati!$A$2:$A$46,$AH14)+SUMIFS(Dati!$C$2:$C$46,Dati!$A$2:$A$46,$H14,Dati!$H$2:$H$46,$AH14)+SUMIFS(Dati!$J$2:$J$46,Dati!$H$2:$H$46,$H14,Dati!$A$2:$A$46,$AH14),"-") -> - | BH14: =$C14 -> Anaconde Audaci-Anacondeopoli AA | BI14: =IF(AND($H14<>"",$Y14<>"",$H14<>$Y14,IFERROR(INDEX($J$14:$J$23,MATCH($H14,$H$14:$H$23,0)),-1)=IFERROR(INDEX($J$14:$J$23,MATCH($Y14,$H$14:$H$23,0)),-2)),SUMIFS(Dati!$E$2:$E$46,Dati!$A$2:$A$46,$H14,Dati!$H$2:$H$46,$Y14)+SUMIFS(Dati!$L$2:$L$46,Dati!$H$2:$H$46,$H14,Dati!$A$2:$A$46,$Y14),"-") -> - | BJ14: =IF(AND($H14<>"",$Z14<>"",$H14<>$Z14,IFERROR(INDEX($J$14:$J$23,MATCH($H14,$H$14:$H$23,0)),-1)=IFERROR(INDEX($J$14:$J$23,MATCH($Z14,$H$14:$H$23,0)),-2)),SUMIFS(Dati!$E$2:$E$46,Dati!$A$2:$A$46,$H14,Dati!$H$2:$H$46,$Z14)+SUMIFS(Dati!$L$2:$L$46,Dati!$H$2:$H$46,$H14,Dati!$A$2:$A$46,$Z14),"-") -> - | BK14: =IF(AND($H14<>"",$AA14<>"",$H14<>$AA14,IFERROR(INDEX($J$14:$J$23,MATCH($H14,$H$14:$H$23,0)),-1)=IFERROR(INDEX($J$14:$J$23,MATCH($AA14,$H$14:$H$23,0)),-2)),SUMIFS(Dati!$E$2:$E$46,Dati!$A$2:$A$46,$H14,Dati!$H$2:$H$46,$AA14)+SUMIFS(Dati!$L$2:$L$46,Dati!$H$2:$H$46,$H14,Dati!$A$2:$A$46,$AA14),"-") -> - | BL14: =IF(AND($H14<>"",$AB14<>"",$H14<>$AB14,IFERROR(INDEX($J$14:$J$23,MATCH($H14,$H$14:$H$23,0)),-1)=IFERROR(INDEX($J$14:$J$23,MATCH($AB14,$H$14:$H$23,0)),-2)),SUMIFS(Dati!$E$2:$E$46,Dati!$A$2:$A$46,$H14,Dati!$H$2:$H$46,$AB14)+SUMIFS(Dati!$L$2:$L$46,Dati!$H$2:$H$46,$H14,Dati!$A$2:$A$46,$AB14),"-") -> - | BM14: =IF(AND($H14<>"",$AC14<>"",$H14<>$AC14,IFERROR(INDEX($J$14:$J$23,MATCH($H14,$H$14:$H$23,0)),-1)=IFERROR(INDEX($J$14:$J$23,MATCH($AC14,$H$14:$H$23,0)),-2)),SUMIFS(Dati!$E$2:$E$46,Dati!$A$2:$A$46,$H14,Dati!$H$2:$H$46,$AC14)+SUMIFS(Dati!$L$2:$L$46,Dati!$H$2:$H$46,$H14,Dati!$A$2:$A$46,$AC14),"-") -> - | BN14: =IF(AND($H14<>"",$AD14<>"",$H14<>$AD14,IFERROR(INDEX($J$14:$J$23,MATCH($H14,$H$14:$H$23,0)),-1)=IFERROR(INDEX($J$14:$J$23,MATCH($AD14,$H$14:$H$23,0)),-2)),SUMIFS(Dati!$E$2:$E$46,Dati!$A$2:$A$46,$H14,Dati!$H$2:$H$46,$AD14)+SUMIFS(Dati!$L$2:$L$46,Dati!$H$2:$H$46,$H14,Dati!$A$2:$A$46,$AD14),"-") -> 60 | BO14: =IF(AND($H14<>"",$AE14<>"",$H14<>$AE14,IFERROR(INDEX($J$14:$J$23,MATCH($H14,$H$14:$H$23,0)),-1)=IFERROR(INDEX($J$14:$J$23,MATCH($AE14,$H$14:$H$23,0)),-2)),SUMIFS(Dati!$E$2:$E$46,Dati!$A$2:$A$46,$H14,Dati!$H$2:$H$46,$AE14)+SUMIFS(Dati!$L$2:$L$46,Dati!$H$2:$H$46,$H14,Dati!$A$2:$A$46,$AE14),"-") -> - | BP14: =IF(AND($H14<>"",$AF14<>"",$H14<>$AF14,IFERROR(INDEX($J$14:$J$23,MATCH($H14,$H$14:$H$23,0)),-1)=IFERROR(INDEX($J$14:$J$23,MATCH($AF14,$H$14:$H$23,0)),-2)),SUMIFS(Dati!$E$2:$E$46,Dati!$A$2:$A$46,$H14,Dati!$H$2:$H$46,$AF14)+SUMIFS(Dati!$L$2:$L$46,Dati!$H$2:$H$46,$H14,Dati!$A$2:$A$46,$AF14),"-") -> - | BQ14: =IF(AND($H14<>"",$AG14<>"",$H14<>$AG14,IFERROR(INDEX($J$14:$J$23,MATCH($H14,$H$14:$H$23,0)),-1)=IFERROR(INDEX($J$14:$J$23,MATCH($AG14,$H$14:$H$23,0)),-2)),SUMIFS(Dati!$E$2:$E$46,Dati!$A$2:$A$46,$H14,Dati!$H$2:$H$46,$AG14)+SUMIFS(Dati!$L$2:$L$46,Dati!$H$2:$H$46,$H14,Dati!$A$2:$A$46,$AG14),"-") -> 50 | BR14: =IF(AND($H14<>"",$AH14<>"",$H14<>$AH14,IFERROR(INDEX($J$14:$J$23,MATCH($H14,$H$14:$H$23,0)),-1)=IFERROR(INDEX($J$14:$J$23,MATCH($AH14,$H$14:$H$23,0)),-2)),SUMIFS(Dati!$E$2:$E$46,Dati!$A$2:$A$46,$H14,Dati!$H$2:$H$46,$AH14)+SUMIFS(Dati!$L$2:$L$46,Dati!$H$2:$H$46,$H14,Dati!$A$2:$A$46,$AH14),"-") -> - | BT14: =$C14 -> Anaconde Audaci-Anacondeopoli AA | BU14: =IF(AND($H14<>"",$Y14<>"",$H14<>$Y14,IFERROR(INDEX($J$14:$J$23,MATCH($H14,$H$14:$H$23,0)),-1)=IFERROR(INDEX($J$14:$J$23,MATCH($Y14,$H$14:$H$23,0)),-2)),SUMIFS(Dati!$F$2:$F$46,Dati!$A$2:$A$46,$H14,Dati!$H$2:$H$46,$Y14)+SUMIFS(Dati!$M$2:$M$46,Dati!$H$2:$H$46,$H14,Dati!$A$2:$A$46,$Y14),"-") -> - | BV14: =IF(AND($H14<>"",$Z14<>"",$H14<>$Z14,IFERROR(INDEX($J$14:$J$23,MATCH($H14,$H$14:$H$23,0)),-1)=IFERROR(INDEX($J$14:$J$23,MATCH($Z14,$H$14:$H$23,0)),-2)),SUMIFS(Dati!$F$2:$F$46,Dati!$A$2:$A$46,$H14,Dati!$H$2:$H$46,$Z14)+SUMIFS(Dati!$M$2:$M$46,Dati!$H$2:$H$46,$H14,Dati!$A$2:$A$46,$Z14),"-") -> - | BW14: =IF(AND($H14<>"",$AA14<>"",$H14<>$AA14,IFERROR(INDEX($J$14:$J$23,MATCH($H14,$H$14:$H$23,0)),-1)=IFERROR(INDEX($J$14:$J$23,MATCH($AA14,$H$14:$H$23,0)),-2)),SUMIFS(Dati!$F$2:$F$46,Dati!$A$2:$A$46,$H14,Dati!$H$2:$H$46,$AA14)+SUMIFS(Dati!$M$2:$M$46,Dati!$H$2:$H$46,$H14,Dati!$A$2:$A$46,$AA14),"-") -> - | BX14: =IF(AND($H14<>"",$AB14<>"",$H14<>$AB14,IFERROR(INDEX($J$14:$J$23,MATCH($H14,$H$14:$H$23,0)),-1)=IFERROR(INDEX($J$14:$J$23,MATCH($AB14,$H$14:$H$23,0)),-2)),SUMIFS(Dati!$F$2:$F$46,Dati!$A$2:$A$46,$H14,Dati!$H$2:$H$46,$AB14)+SUMIFS(Dati!$M$2:$M$46,Dati!$H$2:$H$46,$H14,Dati!$A$2:$A$46,$AB14),"-") -> - | BY14: =IF(AND($H14<>"",$AC14<>"",$H14<>$AC14,IFERROR(INDEX($J$14:$J$23,MATCH($H14,$H$14:$H$23,0)),-1)=IFERROR(INDEX($J$14:$J$23,MATCH($AC14,$H$14:$H$23,0)),-2)),SUMIFS(Dati!$F$2:$F$46,Dati!$A$2:$A$46,$H14,Dati!$H$2:$H$46,$AC14)+SUMIFS(Dati!$M$2:$M$46,Dati!$H$2:$H$46,$H14,Dati!$A$2:$A$46,$AC14),"-") -> - | BZ14: =IF(AND($H14<>"",$AD14<>"",$H14<>$AD14,IFERROR(INDEX($J$14:$J$23,MATCH($H14,$H$14:$H$23,0)),-1)=IFERROR(INDEX($J$14:$J$23,MATCH($AD14,$H$14:$H$23,0)),-2)),SUMIFS(Dati!$F$2:$F$46,Dati!$A$2:$A$46,$H14,Dati!$H$2:$H$46,$AD14)+SUMIFS(Dati!$M$2:$M$46,Dati!$H$2:$H$46,$H14,Dati!$A$2:$A$46,$AD14),"-") -> 40 | CA14: =IF(AND($H14<>"",$AE14<>"",$H14<>$AE14,IFERROR(INDEX($J$14:$J$23,MATCH($H14,$H$14:$H$23,0)),-1)=IFERROR(INDEX($J$14:$J$23,MATCH($AE14,$H$14:$H$23,0)),-2)),SUMIFS(Dati!$F$2:$F$46,Dati!$A$2:$A$46,$H14,Dati!$H$2:$H$46,$AE14)+SUMIFS(Dati!$M$2:$M$46,Dati!$H$2:$H$46,$H14,Dati!$A$2:$A$46,$AE14),"-") -> - | CB14: =IF(AND($H14<>"",$AF14<>"",$H14<>$AF14,IFERROR(INDEX($J$14:$J$23,MATCH($H14,$H$14:$H$23,0)),-1)=IFERROR(INDEX($J$14:$J$23,MATCH($AF14,$H$14:$H$23,0)),-2)),SUMIFS(Dati!$F$2:$F$46,Dati!$A$2:$A$46,$H14,Dati!$H$2:$H$46,$AF14)+SUMIFS(Dati!$M$2:$M$46,Dati!$H$2:$H$46,$H14,Dati!$A$2:$A$46,$AF14),"-") -> - | CC14: =IF(AND($H14<>"",$AG14<>"",$H14<>$AG14,IFERROR(INDEX($J$14:$J$23,MATCH($H14,$H$14:$H$23,0)),-1)=IFERROR(INDEX($J$14:$J$23,MATCH($AG14,$H$14:$H$23,0)),-2)),SUMIFS(Dati!$F$2:$F$46,Dati!$A$2:$A$46,$H14,Dati!$H$2:$H$46,$AG14)+SUMIFS(Dati!$M$2:$M$46,Dati!$H$2:$H$46,$H14,Dati!$A$2:$A$46,$AG14),"-") -> 52 | CD14: =IF(AND($H14<>"",$AH14<>"",$H14<>$AH14,IFERROR(INDEX($J$14:$J$23,MATCH($H14,$H$14:$H$23,0)),-1)=IFERROR(INDEX($J$14:$J$23,MATCH($AH14,$H$14:$H$23,0)),-2)),SUMIFS(Dati!$F$2:$F$46,Dati!$A$2:$A$46,$H14,Dati!$H$2:$H$46,$AH14)+SUMIFS(Dati!$M$2:$M$46,Dati!$H$2:$H$46,$H14,Dati!$A$2:$A$46,$AH14),"-") -> - | CF14: =IF($C14="","",SUM(AK14:AT14)) -> 1
B15: A02 | C15: Bufali Belligeranti-Bufaliopoli BE | E15: A | G15: =IF($C15="","",$E15&(COUNTIFS(I$14:I$23,">"&I15,E$14:E$23,"="&E15,C$14:C$23,"<>")+COUNTIFS(I$14:I$23,"="&I15,H$14:H$23,"<="&H15,E$14:E$23,"="&E15,C$14:C$23,"<>"))) -> A7 | H15: =IF($C15="","",IFERROR(LEFT($C15,FIND("-",$C15)-1),$C15)) -> Bufali Belligeranti | I15: =TEXT(1000000000+J15,"|0000000000|")&TEXT(SUM(AK15:AT15),"0000000000|")&IF(SUM(BU15:CD15)=0,"0000000000|",TEXT(ROUND(SUM(BI15:BR15)/SUM(BU15:CD15),4)*100000,"0000000000|"))&IF(P15=0,"0000000000|",TEXT(ROUND(O15/P15,4)*100000,"0000000000|")) -> |1000000015|0000000001|0000100000|0000088120| | J15: =L15*Campionato!$D$7+M15*Campionato!$D$8+N15*Campionato!$D$9+IF(D15="",0,D15) -> 15 | K15: =SUM(L15:N15) -> 9 | L15: =IF($H15="",0,SUMIF(Dati!$A$2:$A$46,$H15,Dati!$B$2:$B$46)+SUMIF(Dati!$H$2:$H$46,$H15,Dati!$I$2:$I$46)) -> 3 | M15: =IF($H15="",0,SUMIF(Dati!$A$2:$A$46,$H15,Dati!$D$2:$D$46)+SUMIF(Dati!$H$2:$H$46,$H15,Dati!$K$2:$K$46)) -> 6 | N15: =IF($H15="",0,SUMIF(Dati!$A$2:$A$46,$H15,Dati!$C$2:$C$46)+SUMIF(Dati!$H$2:$H$46,$H15,Dati!$J$2:$J$46)) -> 0 | O15: =IF($H15="",0,SUMIF(Dati!$A$2:$A$46,$H15,Dati!$E$2:$E$46)+SUMIF(Dati!$H$2:$H$46,$H15,Dati!$L$2:$L$46)) -> 408 | P15: =IF($H15="",0,SUMIF(Dati!$A$2:$A$46,$H15,Dati!$F$2:$F$46)+SUMIF(Dati!$H$2:$H$46,$H15,Dati!$M$2:$M$46)) -> 463 | Q15: =IF($H15="",0,SUMIF(Dati!$A$2:$A$46,$H15,Dati!$G$2:$G$46)+SUMIF(Dati!$H$2:$H$46,$H15,Dati!$N$2:$N$46)) -> -55 | R15: =IF(K15=0,0,ROUND(O15/K15,2)) -> 45.33 | S15: =IF(K15=0,0,ROUND(P15/K15,2)) -> 51.44 | T15: =IF(K15=0,0,ROUND(Q15/K15,2)) -> -6.11 | U15: =IF(COUNTIFS($E$14:$E$23,$E15,$J$14:$J$23,$J15,$C$14:$C$23,"<>")<=1,"-",SUM(AK15:AT15)&"-"&SUM(AW15:BF15)) -> 1-1 | V15: =IF(COUNTIFS($E$14:$E$23,$E15,$J$14:$J$23,$J15,$C$14:$C$23,"<>",$CF$14:$CF$23,$CF15)<=1,"-",IF(SUM(BU15:CD15)=0,0,ROUND(SUM(BI15:BR15)/SUM(BU15:CD15),3))) -> 1 | W15: =IF(COUNTIFS($E$14:$E$23,$E15,$J$14:$J$23,$J15,$C$14:$C$23,"<>",$CF$14:$CF$23,$CF15,$V$14:$V$23,$V15)<=1,"-",IF(P15=0,0,ROUND(O15/P15,3))) -> 0.881 | X15: =IF($C15="","",$E15&"#"&COUNTIFS($E$14:$E15,$E15,$C$14:$C15,"<>")) -> A#2 | Y15: =IFERROR(INDEX($H$14:$H$23,MATCH($E15&"#1",$X$14:$X$23,0)),"") -> Anaconde Audaci | Z15: =IFERROR(INDEX($H$14:$H$23,MATCH($E15&"#2",$X$14:$X$23,0)),"") -> Bufali Belligeranti | AA15: =IFERROR(INDEX($H$14:$H$23,MATCH($E15&"#3",$X$14:$X$23,0)),"") -> Cobra Celeri | AB15: =IFERROR(INDEX($H$14:$H$23,MATCH($E15&"#4",$X$14:$X$23,0)),"") -> Dingo Docili | AC15: =IFERROR(INDEX($H$14:$H$23,MATCH($E15&"#5",$X$14:$X$23,0)),"") -> Ermellini Eleganti | AD15: =IFERROR(INDEX($H$14:$H$23,MATCH($E15&"#6",$X$14:$X$23,0)),"") -> Falchi Feroci | AE15: =IFERROR(INDEX($H$14:$H$23,MATCH($E15&"#7",$X$14:$X$23,0)),"") -> Gazzelle Gentili | AF15: =IFERROR(INDEX($H$14:$H$23,MATCH($E15&"#8",$X$14:$X$23,0)),"") -> Ibis Instancabili | AG15: =IFERROR(INDEX($H$14:$H$23,MATCH($E15&"#9",$X$14:$X$23,0)),"") -> Lupi Leali | AH15: =IFERROR(INDEX($H$14:$H$23,MATCH($E15&"#10",$X$14:$X$23,0)),"") -> Marmotte Mobili | AJ15: =$C15 -> Bufali Belligeranti-Bufaliopoli BE | AK15: =IF(AND($H15<>"",$Y15<>"",$H15<>$Y15,IFERROR(INDEX($J$14:$J$23,MATCH($H15,$H$14:$H$23,0)),-1)=IFERROR(INDEX($J$14:$J$23,MATCH($Y15,$H$14:$H$23,0)),-2)),SUMIFS(Dati!$B$2:$B$46,Dati!$A$2:$A$46,$H15,Dati!$H$2:$H$46,$Y15)+SUMIFS(Dati!$I$2:$I$46,Dati!$H$2:$H$46,$H15,Dati!$A$2:$A$46,$Y15),"-") -> - | AL15: =IF(AND($H15<>"",$Z15<>"",$H15<>$Z15,IFERROR(INDEX($J$14:$J$23,MATCH($H15,$H$14:$H$23,0)),-1)=IFERROR(INDEX($J$14:$J$23,MATCH($Z15,$H$14:$H$23,0)),-2)),SUMIFS(Dati!$B$2:$B$46,Dati!$A$2:$A$46,$H15,Dati!$H$2:$H$46,$Z15)+SUMIFS(Dati!$I$2:$I$46,Dati!$H$2:$H$46,$H15,Dati!$A$2:$A$46,$Z15),"-") -> - | AM15: =IF(AND($H15<>"",$AA15<>"",$H15<>$AA15,IFERROR(INDEX($J$14:$J$23,MATCH($H15,$H$14:$H$23,0)),-1)=IFERROR(INDEX($J$14:$J$23,MATCH($AA15,$H$14:$H$23,0)),-2)),SUMIFS(Dati!$B$2:$B$46,Dati!$A$2:$A$46,$H15,Dati!$H$2:$H$46,$AA15)+SUMIFS(Dati!$I$2:$I$46,Dati!$H$2:$H$46,$H15,Dati!$A$2:$A$46,$AA15),"-") -> - | AN15: =IF(AND($H15<>"",$AB15<>"",$H15<>$AB15,IFERROR(INDEX($J$14:$J$23,MATCH($H15,$H$14:$H$23,0)),-1)=IFERROR(INDEX($J$14:$J$23,MATCH($AB15,$H$14:$H$23,0)),-2)),SUMIFS(Dati!$B$2:$B$46,Dati!$A$2:$A$46,$H15,Dati!$H$2:$H$46,$AB15)+SUMIFS(Dati!$I$2:$I$46,Dati!$H$2:$H$46,$H15,Dati!$A$2:$A$46,$AB15),"-") -> - | AO15: =IF(AND($H15<>"",$AC15<>"",$H15<>$AC15,IFERROR(INDEX($J$14:$J$23,MATCH($H15,$H$14:$H$23,0)),-1)=IFERROR(INDEX($J$14:$J$23,MATCH($AC15,$H$14:$H$23,0)),-2)),SUMIFS(Dati!$B$2:$B$46,Dati!$A$2:$A$46,$H15,Dati!$H$2:$H$46,$AC15)+SUMIFS(Dati!$I$2:$I$46,Dati!$H$2:$H$46,$H15,Dati!$A$2:$A$46,$AC15),"-") -> 1 | AP15: =IF(AND($H15<>"",$AD15<>"",$H15<>$AD15,IFERROR(INDEX($J$14:$J$23,MATCH($H15,$H$14:$H$23,0)),-1)=IFERROR(INDEX($J$14:$J$23,MATCH($AD15,$H$14:$H$23,0)),-2)),SUMIFS(Dati!$B$2:$B$46,Dati!$A$2:$A$46,$H15,Dati!$H$2:$H$46,$AD15)+SUMIFS(Dati!$I$2:$I$46,Dati!$H$2:$H$46,$H15,Dati!$A$2:$A$46,$AD15),"-") -> - | AQ15: =IF(AND($H15<>"",$AE15<>"",$H15<>$AE15,IFERROR(INDEX($J$14:$J$23,MATCH($H15,$H$14:$H$23,0)),-1)=IFERROR(INDEX($J$14:$J$23,MATCH($AE15,$H$14:$H$23,0)),-2)),SUMIFS(Dati!$B$2:$B$46,Dati!$A$2:$A$46,$H15,Dati!$H$2:$H$46,$AE15)+SUMIFS(Dati!$I$2:$I$46,Dati!$H$2:$H$46,$H15,Dati!$A$2:$A$46,$AE15),"-") -> - | AR15: =IF(AND($H15<>"",$AF15<>"",$H15<>$AF15,IFERROR(INDEX($J$14:$J$23,MATCH($H15,$H$14:$H$23,0)),-1)=IFERROR(INDEX($J$14:$J$23,MATCH($AF15,$H$14:$H$23,0)),-2)),SUMIFS(Dati!$B$2:$B$46,Dati!$A$2:$A$46,$H15,Dati!$H$2:$H$46,$AF15)+SUMIFS(Dati!$I$2:$I$46,Dati!$H$2:$H$46,$H15,Dati!$A$2:$A$46,$AF15),"-") -> - | AS15: =IF(AND($H15<>"",$AG15<>"",$H15<>$AG15,IFERROR(INDEX($J$14:$J$23,MATCH($H15,$H$14:$H$23,0)),-1)=IFERROR(INDEX($J$14:$J$23,MATCH($AG15,$H$14:$H$23,0)),-2)),SUMIFS(Dati!$B$2:$B$46,Dati!$A$2:$A$46,$H15,Dati!$H$2:$H$46,$AG15)+SUMIFS(Dati!$I$2:$I$46,Dati!$H$2:$H$46,$H15,Dati!$A$2:$A$46,$AG15),"-") -> - | AT15: =IF(AND($H15<>"",$AH15<>"",$H15<>$AH15,IFERROR(INDEX($J$14:$J$23,MATCH($H15,$H$14:$H$23,0)),-1)=IFERROR(INDEX($J$14:$J$23,MATCH($AH15,$H$14:$H$23,0)),-2)),SUMIFS(Dati!$B$2:$B$46,Dati!$A$2:$A$46,$H15,Dati!$H$2:$H$46,$AH15)+SUMIFS(Dati!$I$2:$I$46,Dati!$H$2:$H$46,$H15,Dati!$A$2:$A$46,$AH15),"-") -> 0 | AV15: =$C15 -> Bufali Belligeranti-Bufaliopoli BE | AW15: =IF(AND($H15<>"",$Y15<>"",$H15<>$Y15,IFERROR(INDEX($J$14:$J$23,MATCH($H15,$H$14:$H$23,0)),-1)=IFERROR(INDEX($J$14:$J$23,MATCH($Y15,$H$14:$H$23,0)),-2)),SUMIFS(Dati!$D$2:$D$46,Dati!$A$2:$A$46,$H15,Dati!$H$2:$H$46,$Y15)+SUMIFS(Dati!$K$2:$K$46,Dati!$H$2:$H$46,$H15,Dati!$A$2:$A$46,$Y15)+SUMIFS(Dati!$C$2:$C$46,Dati!$A$2:$A$46,$H15,Dati!$H$2:$H$46,$Y15)+SUMIFS(Dati!$J$2:$J$46,Dati!$H$2:$H$46,$H15,Dati!$A$2:$A$46,$Y15),"-") -> - | AX15: =IF(AND($H15<>"",$Z15<>"",$H15<>$Z15,IFERROR(INDEX($J$14:$J$23,MATCH($H15,$H$14:$H$23,0)),-1)=IFERROR(INDEX($J$14:$J$23,MATCH($Z15,$H$14:$H$23,0)),-2)),SUMIFS(Dati!$D$2:$D$46,Dati!$A$2:$A$46,$H15,Dati!$H$2:$H$46,$Z15)+SUMIFS(Dati!$K$2:$K$46,Dati!$H$2:$H$46,$H15,Dati!$A$2:$A$46,$Z15)+SUMIFS(Dati!$C$2:$C$46,Dati!$A$2:$A$46,$H15,Dati!$H$2:$H$46,$Z15)+SUMIFS(Dati!$J$2:$J$46,Dati!$H$2:$H$46,$H15,Dati!$A$2:$A$46,$Z15),"-") -> - | AY15: =IF(AND($H15<>"",$AA15<>"",$H15<>$AA15,IFERROR(INDEX($J$14:$J$23,MATCH($H15,$H$14:$H$23,0)),-1)=IFERROR(INDEX($J$14:$J$23,MATCH($AA15,$H$14:$H$23,0)),-2)),SUMIFS(Dati!$D$2:$D$46,Dati!$A$2:$A$46,$H15,Dati!$H$2:$H$46,$AA15)+SUMIFS(Dati!$K$2:$K$46,Dati!$H$2:$H$46,$H15,Dati!$A$2:$A$46,$AA15)+SUMIFS(Dati!$C$2:$C$46,Dati!$A$2:$A$46,$H15,Dati!$H$2:$H$46,$AA15)+SUMIFS(Dati!$J$2:$J$46,Dati!$H$2:$H$46,$H15,Dati!$A$2:$A$46,$AA15),"-") -> - | AZ15: =IF(AND($H15<>"",$AB15<>"",$H15<>$AB15,IFERROR(INDEX($J$14:$J$23,MATCH($H15,$H$14:$H$23,0)),-1)=IFERROR(INDEX($J$14:$J$23,MATCH($AB15,$H$14:$H$23,0)),-2)),SUMIFS(Dati!$D$2:$D$46,Dati!$A$2:$A$46,$H15,Dati!$H$2:$H$46,$AB15)+SUMIFS(Dati!$K$2:$K$46,Dati!$H$2:$H$46,$H15,Dati!$A$2:$A$46,$AB15)+SUMIFS(Dati!$C$2:$C$46,Dati!$A$2:$A$46,$H15,Dati!$H$2:$H$46,$AB15)+SUMIFS(Dati!$J$2:$J$46,Dati!$H$2:$H$46,$H15,Dati!$A$2:$A$46,$AB15),"-") -> - | BA15: =IF(AND($H15<>"",$AC15<>"",$H15<>$AC15,IFERROR(INDEX($J$14:$J$23,MATCH($H15,$H$14:$H$23,0)),-1)=IFERROR(INDEX($J$14:$J$23,MATCH($AC15,$H$14:$H$23,0)),-2)),SUMIFS(Dati!$D$2:$D$46,Dati!$A$2:$A$46,$H15,Dati!$H$2:$H$46,$AC15)+SUMIFS(Dati!$K$2:$K$46,Dati!$H$2:$H$46,$H15,Dati!$A$2:$A$46,$AC15)+SUMIFS(Dati!$C$2:$C$46,Dati!$A$2:$A$46,$H15,Dati!$H$2:$H$46,$AC15)+SUMIFS(Dati!$J$2:$J$46,Dati!$H$2:$H$46,$H15,Dati!$A$2:$A$46,$AC15),"-") -> 0 | BB15: =IF(AND($H15<>"",$AD15<>"",$H15<>$AD15,IFERROR(INDEX($J$14:$J$23,MATCH($H15,$H$14:$H$23,0)),-1)=IFERROR(INDEX($J$14:$J$23,MATCH($AD15,$H$14:$H$23,0)),-2)),SUMIFS(Dati!$D$2:$D$46,Dati!$A$2:$A$46,$H15,Dati!$H$2:$H$46,$AD15)+SUMIFS(Dati!$K$2:$K$46,Dati!$H$2:$H$46,$H15,Dati!$A$2:$A$46,$AD15)+SUMIFS(Dati!$C$2:$C$46,Dati!$A$2:$A$46,$H15,Dati!$H$2:$H$46,$AD15)+SUMIFS(Dati!$J$2:$J$46,Dati!$H$2:$H$46,$H15,Dati!$A$2:$A$46,$AD15),"-") -> - | BC15: =IF(AND($H15<>"",$AE15<>"",$H15<>$AE15,IFERROR(INDEX($J$14:$J$23,MATCH($H15,$H$14:$H$23,0)),-1)=IFERROR(INDEX($J$14:$J$23,MATCH($AE15,$H$14:$H$23,0)),-2)),SUMIFS(Dati!$D$2:$D$46,Dati!$A$2:$A$46,$H15,Dati!$H$2:$H$46,$AE15)+SUMIFS(Dati!$K$2:$K$46,Dati!$H$2:$H$46,$H15,Dati!$A$2:$A$46,$AE15)+SUMIFS(Dati!$C$2:$C$46,Dati!$A$2:$A$46,$H15,Dati!$H$2:$H$46,$AE15)+SUMIFS(Dati!$J$2:$J$46,Dati!$H$2:$H$46,$H15,Dati!$A$2:$A$46,$AE15),"-") -> - | BD15: =IF(AND($H15<>"",$AF15<>"",$H15<>$AF15,IFERROR(INDEX($J$14:$J$23,MATCH($H15,$H$14:$H$23,0)),-1)=IFERROR(INDEX($J$14:$J$23,MATCH($AF15,$H$14:$H$23,0)),-2)),SUMIFS(Dati!$D$2:$D$46,Dati!$A$2:$A$46,$H15,Dati!$H$2:$H$46,$AF15)+SUMIFS(Dati!$K$2:$K$46,Dati!$H$2:$H$46,$H15,Dati!$A$2:$A$46,$AF15)+SUMIFS(Dati!$C$2:$C$46,Dati!$A$2:$A$46,$H15,Dati!$H$2:$H$46,$AF15)+SUMIFS(Dati!$J$2:$J$46,Dati!$H$2:$H$46,$H15,Dati!$A$2:$A$46,$AF15),"-") -> - | BE15: =IF(AND($H15<>"",$AG15<>"",$H15<>$AG15,IFERROR(INDEX($J$14:$J$23,MATCH($H15,$H$14:$H$23,0)),-1)=IFERROR(INDEX($J$14:$J$23,MATCH($AG15,$H$14:$H$23,0)),-2)),SUMIFS(Dati!$D$2:$D$46,Dati!$A$2:$A$46,$H15,Dati!$H$2:$H$46,$AG15)+SUMIFS(Dati!$K$2:$K$46,Dati!$H$2:$H$46,$H15,Dati!$A$2:$A$46,$AG15)+SUMIFS(Dati!$C$2:$C$46,Dati!$A$2:$A$46,$H15,Dati!$H$2:$H$46,$AG15)+SUMIFS(Dati!$J$2:$J$46,Dati!$H$2:$H$46,$H15,Dati!$A$2:$A$46,$AG15),"-") -> - | BF15: =IF(AND($H15<>"",$AH15<>"",$H15<>$AH15,IFERROR(INDEX($J$14:$J$23,MATCH($H15,$H$14:$H$23,0)),-1)=IFERROR(INDEX($J$14:$J$23,MATCH($AH15,$H$14:$H$23,0)),-2)),SUMIFS(Dati!$D$2:$D$46,Dati!$A$2:$A$46,$H15,Dati!$H$2:$H$46,$AH15)+SUMIFS(Dati!$K$2:$K$46,Dati!$H$2:$H$46,$H15,Dati!$A$2:$A$46,$AH15)+SUMIFS(Dati!$C$2:$C$46,Dati!$A$2:$A$46,$H15,Dati!$H$2:$H$46,$AH15)+SUMIFS(Dati!$J$2:$J$46,Dati!$H$2:$H$46,$H15,Dati!$A$2:$A$46,$AH15),"-") -> 1 | BH15: =$C15 -> Bufali Belligeranti-Bufaliopoli BE | BI15: =IF(AND($H15<>"",$Y15<>"",$H15<>$Y15,IFERROR(INDEX($J$14:$J$23,MATCH($H15,$H$14:$H$23,0)),-1)=IFERROR(INDEX($J$14:$J$23,MATCH($Y15,$H$14:$H$23,0)),-2)),SUMIFS(Dati!$E$2:$E$46,Dati!$A$2:$A$46,$H15,Dati!$H$2:$H$46,$Y15)+SUMIFS(Dati!$L$2:$L$46,Dati!$H$2:$H$46,$H15,Dati!$A$2:$A$46,$Y15),"-") -> - | BJ15: =IF(AND($H15<>"",$Z15<>"",$H15<>$Z15,IFERROR(INDEX($J$14:$J$23,MATCH($H15,$H$14:$H$23,0)),-1)=IFERROR(INDEX($J$14:$J$23,MATCH($Z15,$H$14:$H$23,0)),-2)),SUMIFS(Dati!$E$2:$E$46,Dati!$A$2:$A$46,$H15,Dati!$H$2:$H$46,$Z15)+SUMIFS(Dati!$L$2:$L$46,Dati!$H$2:$H$46,$H15,Dati!$A$2:$A$46,$Z15),"-") -> - | BK15: =IF(AND($H15<>"",$AA15<>"",$H15<>$AA15,IFERROR(INDEX($J$14:$J$23,MATCH($H15,$H$14:$H$23,0)),-1)=IFERROR(INDEX($J$14:$J$23,MATCH($AA15,$H$14:$H$23,0)),-2)),SUMIFS(Dati!$E$2:$E$46,Dati!$A$2:$A$46,$H15,Dati!$H$2:$H$46,$AA15)+SUMIFS(Dati!$L$2:$L$46,Dati!$H$2:$H$46,$H15,Dati!$A$2:$A$46,$AA15),"-") -> - | BL15: =IF(AND($H15<>"",$AB15<>"",$H15<>$AB15,IFERROR(INDEX($J$14:$J$23,MATCH($H15,$H$14:$H$23,0)),-1)=IFERROR(INDEX($J$14:$J$23,MATCH($AB15,$H$14:$H$23,0)),-2)),SUMIFS(Dati!$E$2:$E$46,Dati!$A$2:$A$46,$H15,Dati!$H$2:$H$46,$AB15)+SUMIFS(Dati!$L$2:$L$46,Dati!$H$2:$H$46,$H15,Dati!$A$2:$A$46,$AB15),"-") -> - | BM15: =IF(AND($H15<>"",$AC15<>"",$H15<>$AC15,IFERROR(INDEX($J$14:$J$23,MATCH($H15,$H$14:$H$23,0)),-1)=IFERROR(INDEX($J$14:$J$23,MATCH($AC15,$H$14:$H$23,0)),-2)),SUMIFS(Dati!$E$2:$E$46,Dati!$A$2:$A$46,$H15,Dati!$H$2:$H$46,$AC15)+SUMIFS(Dati!$L$2:$L$46,Dati!$H$2:$H$46,$H15,Dati!$A$2:$A$46,$AC15),"-") -> 50 | BN15: =IF(AND($H15<>"",$AD15<>"",$H15<>$AD15,IFERROR(INDEX($J$14:$J$23,MATCH($H15,$H$14:$H$23,0)),-1)=IFERROR(INDEX($J$14:$J$23,MATCH($AD15,$H$14:$H$23,0)),-2)),SUMIFS(Dati!$E$2:$E$46,Dati!$A$2:$A$46,$H15,Dati!$H$2:$H$46,$AD15)+SUMIFS(Dati!$L$2:$L$46,Dati!$H$2:$H$46,$H15,Dati!$A$2:$A$46,$AD15),"-") -> - | BO15: =IF(AND($H15<>"",$AE15<>"",$H15<>$AE15,IFERROR(INDEX($J$14:$J$23,MATCH($H15,$H$14:$H$23,0)),-1)=IFERROR(INDEX($J$14:$J$23,MATCH($AE15,$H$14:$H$23,0)),-2)),SUMIFS(Dati!$E$2:$E$46,Dati!$A$2:$A$46,$H15,Dati!$H$2:$H$46,$AE15)+SUMIFS(Dati!$L$2:$L$46,Dati!$H$2:$H$46,$H15,Dati!$A$2:$A$46,$AE15),"-") -> - | BP15: =IF(AND($H15<>"",$AF15<>"",$H15<>$AF15,IFERROR(INDEX($J$14:$J$23,MATCH($H15,$H$14:$H$23,0)),-1)=IFERROR(INDEX($J$14:$J$23,MATCH($AF15,$H$14:$H$23,0)),-2)),SUMIFS(Dati!$E$2:$E$46,Dati!$A$2:$A$46,$H15,Dati!$H$2:$H$46,$AF15)+SUMIFS(Dati!$L$2:$L$46,Dati!$H$2:$H$46,$H15,Dati!$A$2:$A$46,$AF15),"-") -> - | BQ15: =IF(AND($H15<>"",$AG15<>"",$H15<>$AG15,IFERROR(INDEX($J$14:$J$23,MATCH($H15,$H$14:$H$23,0)),-1)=IFERROR(INDEX($J$14:$J$23,MATCH($AG15,$H$14:$H$23,0)),-2)),SUMIFS(Dati!$E$2:$E$46,Dati!$A$2:$A$46,$H15,Dati!$H$2:$H$46,$AG15)+SUMIFS(Dati!$L$2:$L$46,Dati!$H$2:$H$46,$H15,Dati!$A$2:$A$46,$AG15),"-") -> - | BR15: =IF(AND($H15<>"",$AH15<>"",$H15<>$AH15,IFERROR(INDEX($J$14:$J$23,MATCH($H15,$H$14:$H$23,0)),-1)=IFERROR(INDEX($J$14:$J$23,MATCH($AH15,$H$14:$H$23,0)),-2)),SUMIFS(Dati!$E$2:$E$46,Dati!$A$2:$A$46,$H15,Dati!$H$2:$H$46,$AH15)+SUMIFS(Dati!$L$2:$L$46,Dati!$H$2:$H$46,$H15,Dati!$A$2:$A$46,$AH15),"-") -> 40 | BT15: =$C15 -> Bufali Belligeranti-Bufaliopoli BE | BU15: =IF(AND($H15<>"",$Y15<>"",$H15<>$Y15,IFERROR(INDEX($J$14:$J$23,MATCH($H15,$H$14:$H$23,0)),-1)=IFERROR(INDEX($J$14:$J$23,MATCH($Y15,$H$14:$H$23,0)),-2)),SUMIFS(Dati!$F$2:$F$46,Dati!$A$2:$A$46,$H15,Dati!$H$2:$H$46,$Y15)+SUMIFS(Dati!$M$2:$M$46,Dati!$H$2:$H$46,$H15,Dati!$A$2:$A$46,$Y15),"-") -> - | BV15: =IF(AND($H15<>"",$Z15<>"",$H15<>$Z15,IFERROR(INDEX($J$14:$J$23,MATCH($H15,$H$14:$H$23,0)),-1)=IFERROR(INDEX($J$14:$J$23,MATCH($Z15,$H$14:$H$23,0)),-2)),SUMIFS(Dati!$F$2:$F$46,Dati!$A$2:$A$46,$H15,Dati!$H$2:$H$46,$Z15)+SUMIFS(Dati!$M$2:$M$46,Dati!$H$2:$H$46,$H15,Dati!$A$2:$A$46,$Z15),"-") -> - | BW15: =IF(AND($H15<>"",$AA15<>"",$H15<>$AA15,IFERROR(INDEX($J$14:$J$23,MATCH($H15,$H$14:$H$23,0)),-1)=IFERROR(INDEX($J$14:$J$23,MATCH($AA15,$H$14:$H$23,0)),-2)),SUMIFS(Dati!$F$2:$F$46,Dati!$A$2:$A$46,$H15,Dati!$H$2:$H$46,$AA15)+SUMIFS(Dati!$M$2:$M$46,Dati!$H$2:$H$46,$H15,Dati!$A$2:$A$46,$AA15),"-") -> - | BX15: =IF(AND($H15<>"",$AB15<>"",$H15<>$AB15,IFERROR(INDEX($J$14:$J$23,MATCH($H15,$H$14:$H$23,0)),-1)=IFERROR(INDEX($J$14:$J$23,MATCH($AB15,$H$14:$H$23,0)),-2)),SUMIFS(Dati!$F$2:$F$46,Dati!$A$2:$A$46,$H15,Dati!$H$2:$H$46,$AB15)+SUMIFS(Dati!$M$2:$M$46,Dati!$H$2:$H$46,$H15,Dati!$A$2:$A$46,$AB15),"-") -> - | BY15: =IF(AND($H15<>"",$AC15<>"",$H15<>$AC15,IFERROR(INDEX($J$14:$J$23,MATCH($H15,$H$14:$H$23,0)),-1)=IFERROR(INDEX($J$14:$J$23,MATCH($AC15,$H$14:$H$23,0)),-2)),SUMIFS(Dati!$F$2:$F$46,Dati!$A$2:$A$46,$H15,Dati!$H$2:$H$46,$AC15)+SUMIFS(Dati!$M$2:$M$46,Dati!$H$2:$H$46,$H15,Dati!$A$2:$A$46,$AC15),"-") -> 40 | BZ15: =IF(AND($H15<>"",$AD15<>"",$H15<>$AD15,IFERROR(INDEX($J$14:$J$23,MATCH($H15,$H$14:$H$23,0)),-1)=IFERROR(INDEX($J$14:$J$23,MATCH($AD15,$H$14:$H$23,0)),-2)),SUMIFS(Dati!$F$2:$F$46,Dati!$A$2:$A$46,$H15,Dati!$H$2:$H$46,$AD15)+SUMIFS(Dati!$M$2:$M$46,Dati!$H$2:$H$46,$H15,Dati!$A$2:$A$46,$AD15),"-") -> - | CA15: =IF(AND($H15<>"",$AE15<>"",$H15<>$AE15,IFERROR(INDEX($J$14:$J$23,MATCH($H15,$H$14:$H$23,0)),-1)=IFERROR(INDEX($J$14:$J$23,MATCH($AE15,$H$14:$H$23,0)),-2)),SUMIFS(Dati!$F$2:$F$46,Dati!$A$2:$A$46,$H15,Dati!$H$2:$H$46,$AE15)+SUMIFS(Dati!$M$2:$M$46,Dati!$H$2:$H$46,$H15,Dati!$A$2:$A$46,$AE15),"-") -> - | CB15: =IF(AND($H15<>"",$AF15<>"",$H15<>$AF15,IFERROR(INDEX($J$14:$J$23,MATCH($H15,$H$14:$H$23,0)),-1)=IFERROR(INDEX($J$14:$J$23,MATCH($AF15,$H$14:$H$23,0)),-2)),SUMIFS(Dati!$F$2:$F$46,Dati!$A$2:$A$46,$H15,Dati!$H$2:$H$46,$AF15)+SUMIFS(Dati!$M$2:$M$46,Dati!$H$2:$H$46,$H15,Dati!$A$2:$A$46,$AF15),"-") -> - | CC15: =IF(AND($H15<>"",$AG15<>"",$H15<>$AG15,IFERROR(INDEX($J$14:$J$23,MATCH($H15,$H$14:$H$23,0)),-1)=IFERROR(INDEX($J$14:$J$23,MATCH($AG15,$H$14:$H$23,0)),-2)),SUMIFS(Dati!$F$2:$F$46,Dati!$A$2:$A$46,$H15,Dati!$H$2:$H$46,$AG15)+SUMIFS(Dati!$M$2:$M$46,Dati!$H$2:$H$46,$H15,Dati!$A$2:$A$46,$AG15),"-") -> - | CD15: =IF(AND($H15<>"",$AH15<>"",$H15<>$AH15,IFERROR(INDEX($J$14:$J$23,MATCH($H15,$H$14:$H$23,0)),-1)=IFERROR(INDEX($J$14:$J$23,MATCH($AH15,$H$14:$H$23,0)),-2)),SUMIFS(Dati!$F$2:$F$46,Dati!$A$2:$A$46,$H15,Dati!$H$2:$H$46,$AH15)+SUMIFS(Dati!$M$2:$M$46,Dati!$H$2:$H$46,$H15,Dati!$A$2:$A$46,$AH15),"-") -> 50 | CF15: =IF($C15="","",SUM(AK15:AT15)) -> 1
B16: A03 | C16: Cobra Celeri-Cobraopoli CI | E16: A | G16: =IF($C16="","",$E16&(COUNTIFS(I$14:I$23,">"&I16,E$14:E$23,"="&E16,C$14:C$23,"<>")+COUNTIFS(I$14:I$23,"="&I16,H$14:H$23,"<="&H16,E$14:E$23,"="&E16,C$14:C$23,"<>"))) -> A5 | H16: =IF($C16="","",IFERROR(LEFT($C16,FIND("-",$C16)-1),$C16)) -> Cobra Celeri | I16: =TEXT(1000000000+J16,"|0000000000|")&TEXT(SUM(AK16:AT16),"0000000000|")&IF(SUM(BU16:CD16)=0,"0000000000|",TEXT(ROUND(SUM(BI16:BR16)/SUM(BU16:CD16),4)*100000,"0000000000|"))&IF(P16=0,"0000000000|",TEXT(ROUND(O16/P16,4)*100000,"0000000000|")) -> |1000000019|0000000001|0000113730|0000107070| | J16: =L16*Campionato!$D$7+M16*Campionato!$D$8+N16*Campionato!$D$9+IF(D16="",0,D16) -> 19 | K16: =SUM(L16:N16) -> 9 | L16: =IF($H16="",0,SUMIF(Dati!$A$2:$A$46,$H16,Dati!$B$2:$B$46)+SUMIF(Dati!$H$2:$H$46,$H16,Dati!$I$2:$I$46)) -> 5 | M16: =IF($H16="",0,SUMIF(Dati!$A$2:$A$46,$H16,Dati!$D$2:$D$46)+SUMIF(Dati!$H$2:$H$46,$H16,Dati!$K$2:$K$46)) -> 4 | N16: =IF($H16="",0,SUMIF(Dati!$A$2:$A$46,$H16,Dati!$C$2:$C$46)+SUMIF(Dati!$H$2:$H$46,$H16,Dati!$J$2:$J$46)) -> 0 | O16: =IF($H16="",0,SUMIF(Dati!$A$2:$A$46,$H16,Dati!$E$2:$E$46)+SUMIF(Dati!$H$2:$H$46,$H16,Dati!$L$2:$L$46)) -> 545 | P16: =IF($H16="",0,SUMIF(Dati!$A$2:$A$46,$H16,Dati!$F$2:$F$46)+SUMIF(Dati!$H$2:$H$46,$H16,Dati!$M$2:$M$46)) -> 509 | Q16: =IF($H16="",0,SUMIF(Dati!$A$2:$A$46,$H16,Dati!$G$2:$G$46)+SUMIF(Dati!$H$2:$H$46,$H16,Dati!$N$2:$N$46)) -> 36 | R16: =IF(K16=0,0,ROUND(O16/K16,2)) -> 60.56 | S16: =IF(K16=0,0,ROUND(P16/K16,2)) -> 56.56 | T16: =IF(K16=0,0,ROUND(Q16/K16,2)) -> 4 | U16: =IF(COUNTIFS($E$14:$E$23,$E16,$J$14:$J$23,$J16,$C$14:$C$23,"<>")<=1,"-",SUM(AK16:AT16)&"-"&SUM(AW16:BF16)) -> 1-0 | V16: =IF(COUNTIFS($E$14:$E$23,$E16,$J$14:$J$23,$J16,$C$14:$C$23,"<>",$CF$14:$CF$23,$CF16)<=1,"-",IF(SUM(BU16:CD16)=0,0,ROUND(SUM(BI16:BR16)/SUM(BU16:CD16),3))) -> - | W16: =IF(COUNTIFS($E$14:$E$23,$E16,$J$14:$J$23,$J16,$C$14:$C$23,"<>",$CF$14:$CF$23,$CF16,$V$14:$V$23,$V16)<=1,"-",IF(P16=0,0,ROUND(O16/P16,3))) -> - | X16: =IF($C16="","",$E16&"#"&COUNTIFS($E$14:$E16,$E16,$C$14:$C16,"<>")) -> A#3 | Y16: =IFERROR(INDEX($H$14:$H$23,MATCH($E16&"#1",$X$14:$X$23,0)),"") -> Anaconde Audaci | Z16: =IFERROR(INDEX($H$14:$H$23,MATCH($E16&"#2",$X$14:$X$23,0)),"") -> Bufali Belligeranti | AA16: =IFERROR(INDEX($H$14:$H$23,MATCH($E16&"#3",$X$14:$X$23,0)),"") -> Cobra Celeri | AB16: =IFERROR(INDEX($H$14:$H$23,MATCH($E16&"#4",$X$14:$X$23,0)),"") -> Dingo Docili | AC16: =IFERROR(INDEX($H$14:$H$23,MATCH($E16&"#5",$X$14:$X$23,0)),"") -> Ermellini Eleganti | AD16: =IFERROR(INDEX($H$14:$H$23,MATCH($E16&"#6",$X$14:$X$23,0)),"") -> Falchi Feroci | AE16: =IFERROR(INDEX($H$14:$H$23,MATCH($E16&"#7",$X$14:$X$23,0)),"") -> Gazzelle Gentili | AF16: =IFERROR(INDEX($H$14:$H$23,MATCH($E16&"#8",$X$14:$X$23,0)),"") -> Ibis Instancabili | AG16: =IFERROR(INDEX($H$14:$H$23,MATCH($E16&"#9",$X$14:$X$23,0)),"") -> Lupi Leali | AH16: =IFERROR(INDEX($H$14:$H$23,MATCH($E16&"#10",$X$14:$X$23,0)),"") -> Marmotte Mobili | AJ16: =$C16 -> Cobra Celeri-Cobraopoli CI | AK16: =IF(AND($H16<>"",$Y16<>"",$H16<>$Y16,IFERROR(INDEX($J$14:$J$23,MATCH($H16,$H$14:$H$23,0)),-1)=IFERROR(INDEX($J$14:$J$23,MATCH($Y16,$H$14:$H$23,0)),-2)),SUMIFS(Dati!$B$2:$B$46,Dati!$A$2:$A$46,$H16,Dati!$H$2:$H$46,$Y16)+SUMIFS(Dati!$I$2:$I$46,Dati!$H$2:$H$46,$H16,Dati!$A$2:$A$46,$Y16),"-") -> - | AL16: =IF(AND($H16<>"",$Z16<>"",$H16<>$Z16,IFERROR(INDEX($J$14:$J$23,MATCH($H16,$H$14:$H$23,0)),-1)=IFERROR(INDEX($J$14:$J$23,MATCH($Z16,$H$14:$H$23,0)),-2)),SUMIFS(Dati!$B$2:$B$46,Dati!$A$2:$A$46,$H16,Dati!$H$2:$H$46,$Z16)+SUMIFS(Dati!$I$2:$I$46,Dati!$H$2:$H$46,$H16,Dati!$A$2:$A$46,$Z16),"-") -> - | AM16: =IF(AND($H16<>"",$AA16<>"",$H16<>$AA16,IFERROR(INDEX($J$14:$J$23,MATCH($H16,$H$14:$H$23,0)),-1)=IFERROR(INDEX($J$14:$J$23,MATCH($AA16,$H$14:$H$23,0)),-2)),SUMIFS(Dati!$B$2:$B$46,Dati!$A$2:$A$46,$H16,Dati!$H$2:$H$46,$AA16)+SUMIFS(Dati!$I$2:$I$46,Dati!$H$2:$H$46,$H16,Dati!$A$2:$A$46,$AA16),"-") -> - | AN16: =IF(AND($H16<>"",$AB16<>"",$H16<>$AB16,IFERROR(INDEX($J$14:$J$23,MATCH($H16,$H$14:$H$23,0)),-1)=IFERROR(INDEX($J$14:$J$23,MATCH($AB16,$H$14:$H$23,0)),-2)),SUMIFS(Dati!$B$2:$B$46,Dati!$A$2:$A$46,$H16,Dati!$H$2:$H$46,$AB16)+SUMIFS(Dati!$I$2:$I$46,Dati!$H$2:$H$46,$H16,Dati!$A$2:$A$46,$AB16),"-") -> - | AO16: =IF(AND($H16<>"",$AC16<>"",$H16<>$AC16,IFERROR(INDEX($J$14:$J$23,MATCH($H16,$H$14:$H$23,0)),-1)=IFERROR(INDEX($J$14:$J$23,MATCH($AC16,$H$14:$H$23,0)),-2)),SUMIFS(Dati!$B$2:$B$46,Dati!$A$2:$A$46,$H16,Dati!$H$2:$H$46,$AC16)+SUMIFS(Dati!$I$2:$I$46,Dati!$H$2:$H$46,$H16,Dati!$A$2:$A$46,$AC16),"-") -> - | AP16: =IF(AND($H16<>"",$AD16<>"",$H16<>$AD16,IFERROR(INDEX($J$14:$J$23,MATCH($H16,$H$14:$H$23,0)),-1)=IFERROR(INDEX($J$14:$J$23,MATCH($AD16,$H$14:$H$23,0)),-2)),SUMIFS(Dati!$B$2:$B$46,Dati!$A$2:$A$46,$H16,Dati!$H$2:$H$46,$AD16)+SUMIFS(Dati!$I$2:$I$46,Dati!$H$2:$H$46,$H16,Dati!$A$2:$A$46,$AD16),"-") -> - | AQ16: =IF(AND($H16<>"",$AE16<>"",$H16<>$AE16,IFERROR(INDEX($J$14:$J$23,MATCH($H16,$H$14:$H$23,0)),-1)=IFERROR(INDEX($J$14:$J$23,MATCH($AE16,$H$14:$H$23,0)),-2)),SUMIFS(Dati!$B$2:$B$46,Dati!$A$2:$A$46,$H16,Dati!$H$2:$H$46,$AE16)+SUMIFS(Dati!$I$2:$I$46,Dati!$H$2:$H$46,$H16,Dati!$A$2:$A$46,$AE16),"-") -> - | AR16: =IF(AND($H16<>"",$AF16<>"",$H16<>$AF16,IFERROR(INDEX($J$14:$J$23,MATCH($H16,$H$14:$H$23,0)),-1)=IFERROR(INDEX($J$14:$J$23,MATCH($AF16,$H$14:$H$23,0)),-2)),SUMIFS(Dati!$B$2:$B$46,Dati!$A$2:$A$46,$H16,Dati!$H$2:$H$46,$AF16)+SUMIFS(Dati!$I$2:$I$46,Dati!$H$2:$H$46,$H16,Dati!$A$2:$A$46,$AF16),"-") -> 1 | AS16: =IF(AND($H16<>"",$AG16<>"",$H16<>$AG16,IFERROR(INDEX($J$14:$J$23,MATCH($H16,$H$14:$H$23,0)),-1)=IFERROR(INDEX($J$14:$J$23,MATCH($AG16,$H$14:$H$23,0)),-2)),SUMIFS(Dati!$B$2:$B$46,Dati!$A$2:$A$46,$H16,Dati!$H$2:$H$46,$AG16)+SUMIFS(Dati!$I$2:$I$46,Dati!$H$2:$H$46,$H16,Dati!$A$2:$A$46,$AG16),"-") -> - | AT16: =IF(AND($H16<>"",$AH16<>"",$H16<>$AH16,IFERROR(INDEX($J$14:$J$23,MATCH($H16,$H$14:$H$23,0)),-1)=IFERROR(INDEX($J$14:$J$23,MATCH($AH16,$H$14:$H$23,0)),-2)),SUMIFS(Dati!$B$2:$B$46,Dati!$A$2:$A$46,$H16,Dati!$H$2:$H$46,$AH16)+SUMIFS(Dati!$I$2:$I$46,Dati!$H$2:$H$46,$H16,Dati!$A$2:$A$46,$AH16),"-") -> - | AV16: =$C16 -> Cobra Celeri-Cobraopoli CI | AW16: =IF(AND($H16<>"",$Y16<>"",$H16<>$Y16,IFERROR(INDEX($J$14:$J$23,MATCH($H16,$H$14:$H$23,0)),-1)=IFERROR(INDEX($J$14:$J$23,MATCH($Y16,$H$14:$H$23,0)),-2)),SUMIFS(Dati!$D$2:$D$46,Dati!$A$2:$A$46,$H16,Dati!$H$2:$H$46,$Y16)+SUMIFS(Dati!$K$2:$K$46,Dati!$H$2:$H$46,$H16,Dati!$A$2:$A$46,$Y16)+SUMIFS(Dati!$C$2:$C$46,Dati!$A$2:$A$46,$H16,Dati!$H$2:$H$46,$Y16)+SUMIFS(Dati!$J$2:$J$46,Dati!$H$2:$H$46,$H16,Dati!$A$2:$A$46,$Y16),"-") -> - | AX16: =IF(AND($H16<>"",$Z16<>"",$H16<>$Z16,IFERROR(INDEX($J$14:$J$23,MATCH($H16,$H$14:$H$23,0)),-1)=IFERROR(INDEX($J$14:$J$23,MATCH($Z16,$H$14:$H$23,0)),-2)),SUMIFS(Dati!$D$2:$D$46,Dati!$A$2:$A$46,$H16,Dati!$H$2:$H$46,$Z16)+SUMIFS(Dati!$K$2:$K$46,Dati!$H$2:$H$46,$H16,Dati!$A$2:$A$46,$Z16)+SUMIFS(Dati!$C$2:$C$46,Dati!$A$2:$A$46,$H16,Dati!$H$2:$H$46,$Z16)+SUMIFS(Dati!$J$2:$J$46,Dati!$H$2:$H$46,$H16,Dati!$A$2:$A$46,$Z16),"-") -> - | AY16: =IF(AND($H16<>"",$AA16<>"",$H16<>$AA16,IFERROR(INDEX($J$14:$J$23,MATCH($H16,$H$14:$H$23,0)),-1)=IFERROR(INDEX($J$14:$J$23,MATCH($AA16,$H$14:$H$23,0)),-2)),SUMIFS(Dati!$D$2:$D$46,Dati!$A$2:$A$46,$H16,Dati!$H$2:$H$46,$AA16)+SUMIFS(Dati!$K$2:$K$46,Dati!$H$2:$H$46,$H16,Dati!$A$2:$A$46,$AA16)+SUMIFS(Dati!$C$2:$C$46,Dati!$A$2:$A$46,$H16,Dati!$H$2:$H$46,$AA16)+SUMIFS(Dati!$J$2:$J$46,Dati!$H$2:$H$46,$H16,Dati!$A$2:$A$46,$AA16),"-") -> - | AZ16: =IF(AND($H16<>"",$AB16<>"",$H16<>$AB16,IFERROR(INDEX($J$14:$J$23,MATCH($H16,$H$14:$H$23,0)),-1)=IFERROR(INDEX($J$14:$J$23,MATCH($AB16,$H$14:$H$23,0)),-2)),SUMIFS(Dati!$D$2:$D$46,Dati!$A$2:$A$46,$H16,Dati!$H$2:$H$46,$AB16)+SUMIFS(Dati!$K$2:$K$46,Dati!$H$2:$H$46,$H16,Dati!$A$2:$A$46,$AB16)+SUMIFS(Dati!$C$2:$C$46,Dati!$A$2:$A$46,$H16,Dati!$H$2:$H$46,$AB16)+SUMIFS(Dati!$J$2:$J$46,Dati!$H$2:$H$46,$H16,Dati!$A$2:$A$46,$AB16),"-") -> - | BA16: =IF(AND($H16<>"",$AC16<>"",$H16<>$AC16,IFERROR(INDEX($J$14:$J$23,MATCH($H16,$H$14:$H$23,0)),-1)=IFERROR(INDEX($J$14:$J$23,MATCH($AC16,$H$14:$H$23,0)),-2)),SUMIFS(Dati!$D$2:$D$46,Dati!$A$2:$A$46,$H16,Dati!$H$2:$H$46,$AC16)+SUMIFS(Dati!$K$2:$K$46,Dati!$H$2:$H$46,$H16,Dati!$A$2:$A$46,$AC16)+SUMIFS(Dati!$C$2:$C$46,Dati!$A$2:$A$46,$H16,Dati!$H$2:$H$46,$AC16)+SUMIFS(Dati!$J$2:$J$46,Dati!$H$2:$H$46,$H16,Dati!$A$2:$A$46,$AC16),"-") -> - | BB16: =IF(AND($H16<>"",$AD16<>"",$H16<>$AD16,IFERROR(INDEX($J$14:$J$23,MATCH($H16,$H$14:$H$23,0)),-1)=IFERROR(INDEX($J$14:$J$23,MATCH($AD16,$H$14:$H$23,0)),-2)),SUMIFS(Dati!$D$2:$D$46,Dati!$A$2:$A$46,$H16,Dati!$H$2:$H$46,$AD16)+SUMIFS(Dati!$K$2:$K$46,Dati!$H$2:$H$46,$H16,Dati!$A$2:$A$46,$AD16)+SUMIFS(Dati!$C$2:$C$46,Dati!$A$2:$A$46,$H16,Dati!$H$2:$H$46,$AD16)+SUMIFS(Dati!$J$2:$J$46,Dati!$H$2:$H$46,$H16,Dati!$A$2:$A$46,$AD16),"-") -> - | BC16: =IF(AND($H16<>"",$AE16<>"",$H16<>$AE16,IFERROR(INDEX($J$14:$J$23,MATCH($H16,$H$14:$H$23,0)),-1)=IFERROR(INDEX($J$14:$J$23,MATCH($AE16,$H$14:$H$23,0)),-2)),SUMIFS(Dati!$D$2:$D$46,Dati!$A$2:$A$46,$H16,Dati!$H$2:$H$46,$AE16)+SUMIFS(Dati!$K$2:$K$46,Dati!$H$2:$H$46,$H16,Dati!$A$2:$A$46,$AE16)+SUMIFS(Dati!$C$2:$C$46,Dati!$A$2:$A$46,$H16,Dati!$H$2:$H$46,$AE16)+SUMIFS(Dati!$J$2:$J$46,Dati!$H$2:$H$46,$H16,Dati!$A$2:$A$46,$AE16),"-") -> - | BD16: =IF(AND($H16<>"",$AF16<>"",$H16<>$AF16,IFERROR(INDEX($J$14:$J$23,MATCH($H16,$H$14:$H$23,0)),-1)=IFERROR(INDEX($J$14:$J$23,MATCH($AF16,$H$14:$H$23,0)),-2)),SUMIFS(Dati!$D$2:$D$46,Dati!$A$2:$A$46,$H16,Dati!$H$2:$H$46,$AF16)+SUMIFS(Dati!$K$2:$K$46,Dati!$H$2:$H$46,$H16,Dati!$A$2:$A$46,$AF16)+SUMIFS(Dati!$C$2:$C$46,Dati!$A$2:$A$46,$H16,Dati!$H$2:$H$46,$AF16)+SUMIFS(Dati!$J$2:$J$46,Dati!$H$2:$H$46,$H16,Dati!$A$2:$A$46,$AF16),"-") -> 0 | BE16: =IF(AND($H16<>"",$AG16<>"",$H16<>$AG16,IFERROR(INDEX($J$14:$J$23,MATCH($H16,$H$14:$H$23,0)),-1)=IFERROR(INDEX($J$14:$J$23,MATCH($AG16,$H$14:$H$23,0)),-2)),SUMIFS(Dati!$D$2:$D$46,Dati!$A$2:$A$46,$H16,Dati!$H$2:$H$46,$AG16)+SUMIFS(Dati!$K$2:$K$46,Dati!$H$2:$H$46,$H16,Dati!$A$2:$A$46,$AG16)+SUMIFS(Dati!$C$2:$C$46,Dati!$A$2:$A$46,$H16,Dati!$H$2:$H$46,$AG16)+SUMIFS(Dati!$J$2:$J$46,Dati!$H$2:$H$46,$H16,Dati!$A$2:$A$46,$AG16),"-") -> - | BF16: =IF(AND($H16<>"",$AH16<>"",$H16<>$AH16,IFERROR(INDEX($J$14:$J$23,MATCH($H16,$H$14:$H$23,0)),-1)=IFERROR(INDEX($J$14:$J$23,MATCH($AH16,$H$14:$H$23,0)),-2)),SUMIFS(Dati!$D$2:$D$46,Dati!$A$2:$A$46,$H16,Dati!$H$2:$H$46,$AH16)+SUMIFS(Dati!$K$2:$K$46,Dati!$H$2:$H$46,$H16,Dati!$A$2:$A$46,$AH16)+SUMIFS(Dati!$C$2:$C$46,Dati!$A$2:$A$46,$H16,Dati!$H$2:$H$46,$AH16)+SUMIFS(Dati!$J$2:$J$46,Dati!$H$2:$H$46,$H16,Dati!$A$2:$A$46,$AH16),"-") -> - | BH16: =$C16 -> Cobra Celeri-Cobraopoli CI | BI16: =IF(AND($H16<>"",$Y16<>"",$H16<>$Y16,IFERROR(INDEX($J$14:$J$23,MATCH($H16,$H$14:$H$23,0)),-1)=IFERROR(INDEX($J$14:$J$23,MATCH($Y16,$H$14:$H$23,0)),-2)),SUMIFS(Dati!$E$2:$E$46,Dati!$A$2:$A$46,$H16,Dati!$H$2:$H$46,$Y16)+SUMIFS(Dati!$L$2:$L$46,Dati!$H$2:$H$46,$H16,Dati!$A$2:$A$46,$Y16),"-") -> - | BJ16: =IF(AND($H16<>"",$Z16<>"",$H16<>$Z16,IFERROR(INDEX($J$14:$J$23,MATCH($H16,$H$14:$H$23,0)),-1)=IFERROR(INDEX($J$14:$J$23,MATCH($Z16,$H$14:$H$23,0)),-2)),SUMIFS(Dati!$E$2:$E$46,Dati!$A$2:$A$46,$H16,Dati!$H$2:$H$46,$Z16)+SUMIFS(Dati!$L$2:$L$46,Dati!$H$2:$H$46,$H16,Dati!$A$2:$A$46,$Z16),"-") -> - | BK16: =IF(AND($H16<>"",$AA16<>"",$H16<>$AA16,IFERROR(INDEX($J$14:$J$23,MATCH($H16,$H$14:$H$23,0)),-1)=IFERROR(INDEX($J$14:$J$23,MATCH($AA16,$H$14:$H$23,0)),-2)),SUMIFS(Dati!$E$2:$E$46,Dati!$A$2:$A$46,$H16,Dati!$H$2:$H$46,$AA16)+SUMIFS(Dati!$L$2:$L$46,Dati!$H$2:$H$46,$H16,Dati!$A$2:$A$46,$AA16),"-") -> - | BL16: =IF(AND($H16<>"",$AB16<>"",$H16<>$AB16,IFERROR(INDEX($J$14:$J$23,MATCH($H16,$H$14:$H$23,0)),-1)=IFERROR(INDEX($J$14:$J$23,MATCH($AB16,$H$14:$H$23,0)),-2)),SUMIFS(Dati!$E$2:$E$46,Dati!$A$2:$A$46,$H16,Dati!$H$2:$H$46,$AB16)+SUMIFS(Dati!$L$2:$L$46,Dati!$H$2:$H$46,$H16,Dati!$A$2:$A$46,$AB16),"-") -> - | BM16: =IF(AND($H16<>"",$AC16<>"",$H16<>$AC16,IFERROR(INDEX($J$14:$J$23,MATCH($H16,$H$14:$H$23,0)),-1)=IFERROR(INDEX($J$14:$J$23,MATCH($AC16,$H$14:$H$23,0)),-2)),SUMIFS(Dati!$E$2:$E$46,Dati!$A$2:$A$46,$H16,Dati!$H$2:$H$46,$AC16)+SUMIFS(Dati!$L$2:$L$46,Dati!$H$2:$H$46,$H16,Dati!$A$2:$A$46,$AC16),"-") -> - | BN16: =IF(AND($H16<>"",$AD16<>"",$H16<>$AD16,IFERROR(INDEX($J$14:$J$23,MATCH($H16,$H$14:$H$23,0)),-1)=IFERROR(INDEX($J$14:$J$23,MATCH($AD16,$H$14:$H$23,0)),-2)),SUMIFS(Dati!$E$2:$E$46,Dati!$A$2:$A$46,$H16,Dati!$H$2:$H$46,$AD16)+SUMIFS(Dati!$L$2:$L$46,Dati!$H$2:$H$46,$H16,Dati!$A$2:$A$46,$AD16),"-") -> - | BO16: =IF(AND($H16<>"",$AE16<>"",$H16<>$AE16,IFERROR(INDEX($J$14:$J$23,MATCH($H16,$H$14:$H$23,0)),-1)=IFERROR(INDEX($J$14:$J$23,MATCH($AE16,$H$14:$H$23,0)),-2)),SUMIFS(Dati!$E$2:$E$46,Dati!$A$2:$A$46,$H16,Dati!$H$2:$H$46,$AE16)+SUMIFS(Dati!$L$2:$L$46,Dati!$H$2:$H$46,$H16,Dati!$A$2:$A$46,$AE16),"-") -> - | BP16: =IF(AND($H16<>"",$AF16<>"",$H16<>$AF16,IFERROR(INDEX($J$14:$J$23,MATCH($H16,$H$14:$H$23,0)),-1)=IFERROR(INDEX($J$14:$J$23,MATCH($AF16,$H$14:$H$23,0)),-2)),SUMIFS(Dati!$E$2:$E$46,Dati!$A$2:$A$46,$H16,Dati!$H$2:$H$46,$AF16)+SUMIFS(Dati!$L$2:$L$46,Dati!$H$2:$H$46,$H16,Dati!$A$2:$A$46,$AF16),"-") -> 58 | BQ16: =IF(AND($H16<>"",$AG16<>"",$H16<>$AG16,IFERROR(INDEX($J$14:$J$23,MATCH($H16,$H$14:$H$23,0)),-1)=IFERROR(INDEX($J$14:$J$23,MATCH($AG16,$H$14:$H$23,0)),-2)),SUMIFS(Dati!$E$2:$E$46,Dati!$A$2:$A$46,$H16,Dati!$H$2:$H$46,$AG16)+SUMIFS(Dati!$L$2:$L$46,Dati!$H$2:$H$46,$H16,Dati!$A$2:$A$46,$AG16),"-") -> - | BR16: =IF(AND($H16<>"",$AH16<>"",$H16<>$AH16,IFERROR(INDEX($J$14:$J$23,MATCH($H16,$H$14:$H$23,0)),-1)=IFERROR(INDEX($J$14:$J$23,MATCH($AH16,$H$14:$H$23,0)),-2)),SUMIFS(Dati!$E$2:$E$46,Dati!$A$2:$A$46,$H16,Dati!$H$2:$H$46,$AH16)+SUMIFS(Dati!$L$2:$L$46,Dati!$H$2:$H$46,$H16,Dati!$A$2:$A$46,$AH16),"-") -> - | BT16: =$C16 -> Cobra Celeri-Cobraopoli CI | BU16: =IF(AND($H16<>"",$Y16<>"",$H16<>$Y16,IFERROR(INDEX($J$14:$J$23,MATCH($H16,$H$14:$H$23,0)),-1)=IFERROR(INDEX($J$14:$J$23,MATCH($Y16,$H$14:$H$23,0)),-2)),SUMIFS(Dati!$F$2:$F$46,Dati!$A$2:$A$46,$H16,Dati!$H$2:$H$46,$Y16)+SUMIFS(Dati!$M$2:$M$46,Dati!$H$2:$H$46,$H16,Dati!$A$2:$A$46,$Y16),"-") -> - | BV16: =IF(AND($H16<>"",$Z16<>"",$H16<>$Z16,IFERROR(INDEX($J$14:$J$23,MATCH($H16,$H$14:$H$23,0)),-1)=IFERROR(INDEX($J$14:$J$23,MATCH($Z16,$H$14:$H$23,0)),-2)),SUMIFS(Dati!$F$2:$F$46,Dati!$A$2:$A$46,$H16,Dati!$H$2:$H$46,$Z16)+SUMIFS(Dati!$M$2:$M$46,Dati!$H$2:$H$46,$H16,Dati!$A$2:$A$46,$Z16),"-") -> - | BW16: =IF(AND($H16<>"",$AA16<>"",$H16<>$AA16,IFERROR(INDEX($J$14:$J$23,MATCH($H16,$H$14:$H$23,0)),-1)=IFERROR(INDEX($J$14:$J$23,MATCH($AA16,$H$14:$H$23,0)),-2)),SUMIFS(Dati!$F$2:$F$46,Dati!$A$2:$A$46,$H16,Dati!$H$2:$H$46,$AA16)+SUMIFS(Dati!$M$2:$M$46,Dati!$H$2:$H$46,$H16,Dati!$A$2:$A$46,$AA16),"-") -> - | BX16: =IF(AND($H16<>"",$AB16<>"",$H16<>$AB16,IFERROR(INDEX($J$14:$J$23,MATCH($H16,$H$14:$H$23,0)),-1)=IFERROR(INDEX($J$14:$J$23,MATCH($AB16,$H$14:$H$23,0)),-2)),SUMIFS(Dati!$F$2:$F$46,Dati!$A$2:$A$46,$H16,Dati!$H$2:$H$46,$AB16)+SUMIFS(Dati!$M$2:$M$46,Dati!$H$2:$H$46,$H16,Dati!$A$2:$A$46,$AB16),"-") -> - | BY16: =IF(AND($H16<>"",$AC16<>"",$H16<>$AC16,IFERROR(INDEX($J$14:$J$23,MATCH($H16,$H$14:$H$23,0)),-1)=IFERROR(INDEX($J$14:$J$23,MATCH($AC16,$H$14:$H$23,0)),-2)),SUMIFS(Dati!$F$2:$F$46,Dati!$A$2:$A$46,$H16,Dati!$H$2:$H$46,$AC16)+SUMIFS(Dati!$M$2:$M$46,Dati!$H$2:$H$46,$H16,Dati!$A$2:$A$46,$AC16),"-") -> - | BZ16: =IF(AND($H16<>"",$AD16<>"",$H16<>$AD16,IFERROR(INDEX($J$14:$J$23,MATCH($H16,$H$14:$H$23,0)),-1)=IFERROR(INDEX($J$14:$J$23,MATCH($AD16,$H$14:$H$23,0)),-2)),SUMIFS(Dati!$F$2:$F$46,Dati!$A$2:$A$46,$H16,Dati!$H$2:$H$46,$AD16)+SUMIFS(Dati!$M$2:$M$46,Dati!$H$2:$H$46,$H16,Dati!$A$2:$A$46,$AD16),"-") -> - | CA16: =IF(AND($H16<>"",$AE16<>"",$H16<>$AE16,IFERROR(INDEX($J$14:$J$23,MATCH($H16,$H$14:$H$23,0)),-1)=IFERROR(INDEX($J$14:$J$23,MATCH($AE16,$H$14:$H$23,0)),-2)),SUMIFS(Dati!$F$2:$F$46,Dati!$A$2:$A$46,$H16,Dati!$H$2:$H$46,$AE16)+SUMIFS(Dati!$M$2:$M$46,Dati!$H$2:$H$46,$H16,Dati!$A$2:$A$46,$AE16),"-") -> - | CB16: =IF(AND($H16<>"",$AF16<>"",$H16<>$AF16,IFERROR(INDEX($J$14:$J$23,MATCH($H16,$H$14:$H$23,0)),-1)=IFERROR(INDEX($J$14:$J$23,MATCH($AF16,$H$14:$H$23,0)),-2)),SUMIFS(Dati!$F$2:$F$46,Dati!$A$2:$A$46,$H16,Dati!$H$2:$H$46,$AF16)+SUMIFS(Dati!$M$2:$M$46,Dati!$H$2:$H$46,$H16,Dati!$A$2:$A$46,$AF16),"-") -> 51 | CC16: =IF(AND($H16<>"",$AG16<>"",$H16<>$AG16,IFERROR(INDEX($J$14:$J$23,MATCH($H16,$H$14:$H$23,0)),-1)=IFERROR(INDEX($J$14:$J$23,MATCH($AG16,$H$14:$H$23,0)),-2)),SUMIFS(Dati!$F$2:$F$46,Dati!$A$2:$A$46,$H16,Dati!$H$2:$H$46,$AG16)+SUMIFS(Dati!$M$2:$M$46,Dati!$H$2:$H$46,$H16,Dati!$A$2:$A$46,$AG16),"-") -> - | CD16: =IF(AND($H16<>"",$AH16<>"",$H16<>$AH16,IFERROR(INDEX($J$14:$J$23,MATCH($H16,$H$14:$H$23,0)),-1)=IFERROR(INDEX($J$14:$J$23,MATCH($AH16,$H$14:$H$23,0)),-2)),SUMIFS(Dati!$F$2:$F$46,Dati!$A$2:$A$46,$H16,Dati!$H$2:$H$46,$AH16)+SUMIFS(Dati!$M$2:$M$46,Dati!$H$2:$H$46,$H16,Dati!$A$2:$A$46,$AH16),"-") -> - | CF16: =IF($C16="","",SUM(AK16:AT16)) -> 1
B17: A04 | C17: Dingo Docili-Dingoopoli DO | E17: A | G17: =IF($C17="","",$E17&(COUNTIFS(I$14:I$23,">"&I17,E$14:E$23,"="&E17,C$14:C$23,"<>")+COUNTIFS(I$14:I$23,"="&I17,H$14:H$23,"<="&H17,E$14:E$23,"="&E17,C$14:C$23,"<>"))) -> A1 | H17: =IF($C17="","",IFERROR(LEFT($C17,FIND("-",$C17)-1),$C17)) -> Dingo Docili | I17: =TEXT(1000000000+J17,"|0000000000|")&TEXT(SUM(AK17:AT17),"0000000000|")&IF(SUM(BU17:CD17)=0,"0000000000|",TEXT(ROUND(SUM(BI17:BR17)/SUM(BU17:CD17),4)*100000,"0000000000|"))&IF(P17=0,"0000000000|",TEXT(ROUND(O17/P17,4)*100000,"0000000000|")) -> |1000000025|0000000000|0000000000|0000125870| | J17: =L17*Campionato!$D$7+M17*Campionato!$D$8+N17*Campionato!$D$9+IF(D17="",0,D17) -> 25 | K17: =SUM(L17:N17) -> 9 | L17: =IF($H17="",0,SUMIF(Dati!$A$2:$A$46,$H17,Dati!$B$2:$B$46)+SUMIF(Dati!$H$2:$H$46,$H17,Dati!$I$2:$I$46)) -> 8 | M17: =IF($H17="",0,SUMIF(Dati!$A$2:$A$46,$H17,Dati!$D$2:$D$46)+SUMIF(Dati!$H$2:$H$46,$H17,Dati!$K$2:$K$46)) -> 1 | N17: =IF($H17="",0,SUMIF(Dati!$A$2:$A$46,$H17,Dati!$C$2:$C$46)+SUMIF(Dati!$H$2:$H$46,$H17,Dati!$J$2:$J$46)) -> 0 | O17: =IF($H17="",0,SUMIF(Dati!$A$2:$A$46,$H17,Dati!$E$2:$E$46)+SUMIF(Dati!$H$2:$H$46,$H17,Dati!$L$2:$L$46)) -> 545 | P17: =IF($H17="",0,SUMIF(Dati!$A$2:$A$46,$H17,Dati!$F$2:$F$46)+SUMIF(Dati!$H$2:$H$46,$H17,Dati!$M$2:$M$46)) -> 433 | Q17: =IF($H17="",0,SUMIF(Dati!$A$2:$A$46,$H17,Dati!$G$2:$G$46)+SUMIF(Dati!$H$2:$H$46,$H17,Dati!$N$2:$N$46)) -> 112 | R17: =IF(K17=0,0,ROUND(O17/K17,2)) -> 60.56 | S17: =IF(K17=0,0,ROUND(P17/K17,2)) -> 48.11 | T17: =IF(K17=0,0,ROUND(Q17/K17,2)) -> 12.44 | U17: =IF(COUNTIFS($E$14:$E$23,$E17,$J$14:$J$23,$J17,$C$14:$C$23,"<>")<=1,"-",SUM(AK17:AT17)&"-"&SUM(AW17:BF17)) -> - | V17: =IF(COUNTIFS($E$14:$E$23,$E17,$J$14:$J$23,$J17,$C$14:$C$23,"<>",$CF$14:$CF$23,$CF17)<=1,"-",IF(SUM(BU17:CD17)=0,0,ROUND(SUM(BI17:BR17)/SUM(BU17:CD17),3))) -> - | W17: =IF(COUNTIFS($E$14:$E$23,$E17,$J$14:$J$23,$J17,$C$14:$C$23,"<>",$CF$14:$CF$23,$CF17,$V$14:$V$23,$V17)<=1,"-",IF(P17=0,0,ROUND(O17/P17,3))) -> - | X17: =IF($C17="","",$E17&"#"&COUNTIFS($E$14:$E17,$E17,$C$14:$C17,"<>")) -> A#4 | Y17: =IFERROR(INDEX($H$14:$H$23,MATCH($E17&"#1",$X$14:$X$23,0)),"") -> Anaconde Audaci | Z17: =IFERROR(INDEX($H$14:$H$23,MATCH($E17&"#2",$X$14:$X$23,0)),"") -> Bufali Belligeranti | AA17: =IFERROR(INDEX($H$14:$H$23,MATCH($E17&"#3",$X$14:$X$23,0)),"") -> Cobra Celeri | AB17: =IFERROR(INDEX($H$14:$H$23,MATCH($E17&"#4",$X$14:$X$23,0)),"") -> Dingo Docili | AC17: =IFERROR(INDEX($H$14:$H$23,MATCH($E17&"#5",$X$14:$X$23,0)),"") -> Ermellini Eleganti | AD17: =IFERROR(INDEX($H$14:$H$23,MATCH($E17&"#6",$X$14:$X$23,0)),"") -> Falchi Feroci | AE17: =IFERROR(INDEX($H$14:$H$23,MATCH($E17&"#7",$X$14:$X$23,0)),"") -> Gazzelle Gentili | AF17: =IFERROR(INDEX($H$14:$H$23,MATCH($E17&"#8",$X$14:$X$23,0)),"") -> Ibis Instancabili | AG17: =IFERROR(INDEX($H$14:$H$23,MATCH($E17&"#9",$X$14:$X$23,0)),"") -> Lupi Leali | AH17: =IFERROR(INDEX($H$14:$H$23,MATCH($E17&"#10",$X$14:$X$23,0)),"") -> Marmotte Mobili | AJ17: =$C17 -> Dingo Docili-Dingoopoli DO | AK17: =IF(AND($H17<>"",$Y17<>"",$H17<>$Y17,IFERROR(INDEX($J$14:$J$23,MATCH($H17,$H$14:$H$23,0)),-1)=IFERROR(INDEX($J$14:$J$23,MATCH($Y17,$H$14:$H$23,0)),-2)),SUMIFS(Dati!$B$2:$B$46,Dati!$A$2:$A$46,$H17,Dati!$H$2:$H$46,$Y17)+SUMIFS(Dati!$I$2:$I$46,Dati!$H$2:$H$46,$H17,Dati!$A$2:$A$46,$Y17),"-") -> - | AL17: =IF(AND($H17<>"",$Z17<>"",$H17<>$Z17,IFERROR(INDEX($J$14:$J$23,MATCH($H17,$H$14:$H$23,0)),-1)=IFERROR(INDEX($J$14:$J$23,MATCH($Z17,$H$14:$H$23,0)),-2)),SUMIFS(Dati!$B$2:$B$46,Dati!$A$2:$A$46,$H17,Dati!$H$2:$H$46,$Z17)+SUMIFS(Dati!$I$2:$I$46,Dati!$H$2:$H$46,$H17,Dati!$A$2:$A$46,$Z17),"-") -> - | AM17: =IF(AND($H17<>"",$AA17<>"",$H17<>$AA17,IFERROR(INDEX($J$14:$J$23,MATCH($H17,$H$14:$H$23,0)),-1)=IFERROR(INDEX($J$14:$J$23,MATCH($AA17,$H$14:$H$23,0)),-2)),SUMIFS(Dati!$B$2:$B$46,Dati!$A$2:$A$46,$H17,Dati!$H$2:$H$46,$AA17)+SUMIFS(Dati!$I$2:$I$46,Dati!$H$2:$H$46,$H17,Dati!$A$2:$A$46,$AA17),"-") -> - | AN17: =IF(AND($H17<>"",$AB17<>"",$H17<>$AB17,IFERROR(INDEX($J$14:$J$23,MATCH($H17,$H$14:$H$23,0)),-1)=IFERROR(INDEX($J$14:$J$23,MATCH($AB17,$H$14:$H$23,0)),-2)),SUMIFS(Dati!$B$2:$B$46,Dati!$A$2:$A$46,$H17,Dati!$H$2:$H$46,$AB17)+SUMIFS(Dati!$I$2:$I$46,Dati!$H$2:$H$46,$H17,Dati!$A$2:$A$46,$AB17),"-") -> - | AO17: =IF(AND($H17<>"",$AC17<>"",$H17<>$AC17,IFERROR(INDEX($J$14:$J$23,MATCH($H17,$H$14:$H$23,0)),-1)=IFERROR(INDEX($J$14:$J$23,MATCH($AC17,$H$14:$H$23,0)),-2)),SUMIFS(Dati!$B$2:$B$46,Dati!$A$2:$A$46,$H17,Dati!$H$2:$H$46,$AC17)+SUMIFS(Dati!$I$2:$I$46,Dati!$H$2:$H$46,$H17,Dati!$A$2:$A$46,$AC17),"-") -> - | AP17: =IF(AND($H17<>"",$AD17<>"",$H17<>$AD17,IFERROR(INDEX($J$14:$J$23,MATCH($H17,$H$14:$H$23,0)),-1)=IFERROR(INDEX($J$14:$J$23,MATCH($AD17,$H$14:$H$23,0)),-2)),SUMIFS(Dati!$B$2:$B$46,Dati!$A$2:$A$46,$H17,Dati!$H$2:$H$46,$AD17)+SUMIFS(Dati!$I$2:$I$46,Dati!$H$2:$H$46,$H17,Dati!$A$2:$A$46,$AD17),"-") -> - | AQ17: =IF(AND($H17<>"",$AE17<>"",$H17<>$AE17,IFERROR(INDEX($J$14:$J$23,MATCH($H17,$H$14:$H$23,0)),-1)=IFERROR(INDEX($J$14:$J$23,MATCH($AE17,$H$14:$H$23,0)),-2)),SUMIFS(Dati!$B$2:$B$46,Dati!$A$2:$A$46,$H17,Dati!$H$2:$H$46,$AE17)+SUMIFS(Dati!$I$2:$I$46,Dati!$H$2:$H$46,$H17,Dati!$A$2:$A$46,$AE17),"-") -> - | AR17: =IF(AND($H17<>"",$AF17<>"",$H17<>$AF17,IFERROR(INDEX($J$14:$J$23,MATCH($H17,$H$14:$H$23,0)),-1)=IFERROR(INDEX($J$14:$J$23,MATCH($AF17,$H$14:$H$23,0)),-2)),SUMIFS(Dati!$B$2:$B$46,Dati!$A$2:$A$46,$H17,Dati!$H$2:$H$46,$AF17)+SUMIFS(Dati!$I$2:$I$46,Dati!$H$2:$H$46,$H17,Dati!$A$2:$A$46,$AF17),"-") -> - | AS17: =IF(AND($H17<>"",$AG17<>"",$H17<>$AG17,IFERROR(INDEX($J$14:$J$23,MATCH($H17,$H$14:$H$23,0)),-1)=IFERROR(INDEX($J$14:$J$23,MATCH($AG17,$H$14:$H$23,0)),-2)),SUMIFS(Dati!$B$2:$B$46,Dati!$A$2:$A$46,$H17,Dati!$H$2:$H$46,$AG17)+SUMIFS(Dati!$I$2:$I$46,Dati!$H$2:$H$46,$H17,Dati!$A$2:$A$46,$AG17),"-") -> - | AT17: =IF(AND($H17<>"",$AH17<>"",$H17<>$AH17,IFERROR(INDEX($J$14:$J$23,MATCH($H17,$H$14:$H$23,0)),-1)=IFERROR(INDEX($J$14:$J$23,MATCH($AH17,$H$14:$H$23,0)),-2)),SUMIFS(Dati!$B$2:$B$46,Dati!$A$2:$A$46,$H17,Dati!$H$2:$H$46,$AH17)+SUMIFS(Dati!$I$2:$I$46,Dati!$H$2:$H$46,$H17,Dati!$A$2:$A$46,$AH17),"-") -> - | AV17: =$C17 -> Dingo Docili-Dingoopoli DO | AW17: =IF(AND($H17<>"",$Y17<>"",$H17<>$Y17,IFERROR(INDEX($J$14:$J$23,MATCH($H17,$H$14:$H$23,0)),-1)=IFERROR(INDEX($J$14:$J$23,MATCH($Y17,$H$14:$H$23,0)),-2)),SUMIFS(Dati!$D$2:$D$46,Dati!$A$2:$A$46,$H17,Dati!$H$2:$H$46,$Y17)+SUMIFS(Dati!$K$2:$K$46,Dati!$H$2:$H$46,$H17,Dati!$A$2:$A$46,$Y17)+SUMIFS(Dati!$C$2:$C$46,Dati!$A$2:$A$46,$H17,Dati!$H$2:$H$46,$Y17)+SUMIFS(Dati!$J$2:$J$46,Dati!$H$2:$H$46,$H17,Dati!$A$2:$A$46,$Y17),"-") -> - | AX17: =IF(AND($H17<>"",$Z17<>"",$H17<>$Z17,IFERROR(INDEX($J$14:$J$23,MATCH($H17,$H$14:$H$23,0)),-1)=IFERROR(INDEX($J$14:$J$23,MATCH($Z17,$H$14:$H$23,0)),-2)),SUMIFS(Dati!$D$2:$D$46,Dati!$A$2:$A$46,$H17,Dati!$H$2:$H$46,$Z17)+SUMIFS(Dati!$K$2:$K$46,Dati!$H$2:$H$46,$H17,Dati!$A$2:$A$46,$Z17)+SUMIFS(Dati!$C$2:$C$46,Dati!$A$2:$A$46,$H17,Dati!$H$2:$H$46,$Z17)+SUMIFS(Dati!$J$2:$J$46,Dati!$H$2:$H$46,$H17,Dati!$A$2:$A$46,$Z17),"-") -> - | AY17: =IF(AND($H17<>"",$AA17<>"",$H17<>$AA17,IFERROR(INDEX($J$14:$J$23,MATCH($H17,$H$14:$H$23,0)),-1)=IFERROR(INDEX($J$14:$J$23,MATCH($AA17,$H$14:$H$23,0)),-2)),SUMIFS(Dati!$D$2:$D$46,Dati!$A$2:$A$46,$H17,Dati!$H$2:$H$46,$AA17)+SUMIFS(Dati!$K$2:$K$46,Dati!$H$2:$H$46,$H17,Dati!$A$2:$A$46,$AA17)+SUMIFS(Dati!$C$2:$C$46,Dati!$A$2:$A$46,$H17,Dati!$H$2:$H$46,$AA17)+SUMIFS(Dati!$J$2:$J$46,Dati!$H$2:$H$46,$H17,Dati!$A$2:$A$46,$AA17),"-") -> - | AZ17: =IF(AND($H17<>"",$AB17<>"",$H17<>$AB17,IFERROR(INDEX($J$14:$J$23,MATCH($H17,$H$14:$H$23,0)),-1)=IFERROR(INDEX($J$14:$J$23,MATCH($AB17,$H$14:$H$23,0)),-2)),SUMIFS(Dati!$D$2:$D$46,Dati!$A$2:$A$46,$H17,Dati!$H$2:$H$46,$AB17)+SUMIFS(Dati!$K$2:$K$46,Dati!$H$2:$H$46,$H17,Dati!$A$2:$A$46,$AB17)+SUMIFS(Dati!$C$2:$C$46,Dati!$A$2:$A$46,$H17,Dati!$H$2:$H$46,$AB17)+SUMIFS(Dati!$J$2:$J$46,Dati!$H$2:$H$46,$H17,Dati!$A$2:$A$46,$AB17),"-") -> - | BA17: =IF(AND($H17<>"",$AC17<>"",$H17<>$AC17,IFERROR(INDEX($J$14:$J$23,MATCH($H17,$H$14:$H$23,0)),-1)=IFERROR(INDEX($J$14:$J$23,MATCH($AC17,$H$14:$H$23,0)),-2)),SUMIFS(Dati!$D$2:$D$46,Dati!$A$2:$A$46,$H17,Dati!$H$2:$H$46,$AC17)+SUMIFS(Dati!$K$2:$K$46,Dati!$H$2:$H$46,$H17,Dati!$A$2:$A$46,$AC17)+SUMIFS(Dati!$C$2:$C$46,Dati!$A$2:$A$46,$H17,Dati!$H$2:$H$46,$AC17)+SUMIFS(Dati!$J$2:$J$46,Dati!$H$2:$H$46,$H17,Dati!$A$2:$A$46,$AC17),"-") -> - | BB17: =IF(AND($H17<>"",$AD17<>"",$H17<>$AD17,IFERROR(INDEX($J$14:$J$23,MATCH($H17,$H$14:$H$23,0)),-1)=IFERROR(INDEX($J$14:$J$23,MATCH($AD17,$H$14:$H$23,0)),-2)),SUMIFS(Dati!$D$2:$D$46,Dati!$A$2:$A$46,$H17,Dati!$H$2:$H$46,$AD17)+SUMIFS(Dati!$K$2:$K$46,Dati!$H$2:$H$46,$H17,Dati!$A$2:$A$46,$AD17)+SUMIFS(Dati!$C$2:$C$46,Dati!$A$2:$A$46,$H17,Dati!$H$2:$H$46,$AD17)+SUMIFS(Dati!$J$2:$J$46,Dati!$H$2:$H$46,$H17,Dati!$A$2:$A$46,$AD17),"-") -> - | BC17: =IF(AND($H17<>"",$AE17<>"",$H17<>$AE17,IFERROR(INDEX($J$14:$J$23,MATCH($H17,$H$14:$H$23,0)),-1)=IFERROR(INDEX($J$14:$J$23,MATCH($AE17,$H$14:$H$23,0)),-2)),SUMIFS(Dati!$D$2:$D$46,Dati!$A$2:$A$46,$H17,Dati!$H$2:$H$46,$AE17)+SUMIFS(Dati!$K$2:$K$46,Dati!$H$2:$H$46,$H17,Dati!$A$2:$A$46,$AE17)+SUMIFS(Dati!$C$2:$C$46,Dati!$A$2:$A$46,$H17,Dati!$H$2:$H$46,$AE17)+SUMIFS(Dati!$J$2:$J$46,Dati!$H$2:$H$46,$H17,Dati!$A$2:$A$46,$AE17),"-") -> - | BD17: =IF(AND($H17<>"",$AF17<>"",$H17<>$AF17,IFERROR(INDEX($J$14:$J$23,MATCH($H17,$H$14:$H$23,0)),-1)=IFERROR(INDEX($J$14:$J$23,MATCH($AF17,$H$14:$H$23,0)),-2)),SUMIFS(Dati!$D$2:$D$46,Dati!$A$2:$A$46,$H17,Dati!$H$2:$H$46,$AF17)+SUMIFS(Dati!$K$2:$K$46,Dati!$H$2:$H$46,$H17,Dati!$A$2:$A$46,$AF17)+SUMIFS(Dati!$C$2:$C$46,Dati!$A$2:$A$46,$H17,Dati!$H$2:$H$46,$AF17)+SUMIFS(Dati!$J$2:$J$46,Dati!$H$2:$H$46,$H17,Dati!$A$2:$A$46,$AF17),"-") -> - | BE17: =IF(AND($H17<>"",$AG17<>"",$H17<>$AG17,IFERROR(INDEX($J$14:$J$23,MATCH($H17,$H$14:$H$23,0)),-1)=IFERROR(INDEX($J$14:$J$23,MATCH($AG17,$H$14:$H$23,0)),-2)),SUMIFS(Dati!$D$2:$D$46,Dati!$A$2:$A$46,$H17,Dati!$H$2:$H$46,$AG17)+SUMIFS(Dati!$K$2:$K$46,Dati!$H$2:$H$46,$H17,Dati!$A$2:$A$46,$AG17)+SUMIFS(Dati!$C$2:$C$46,Dati!$A$2:$A$46,$H17,Dati!$H$2:$H$46,$AG17)+SUMIFS(Dati!$J$2:$J$46,Dati!$H$2:$H$46,$H17,Dati!$A$2:$A$46,$AG17),"-") -> - | BF17: =IF(AND($H17<>"",$AH17<>"",$H17<>$AH17,IFERROR(INDEX($J$14:$J$23,MATCH($H17,$H$14:$H$23,0)),-1)=IFERROR(INDEX($J$14:$J$23,MATCH($AH17,$H$14:$H$23,0)),-2)),SUMIFS(Dati!$D$2:$D$46,Dati!$A$2:$A$46,$H17,Dati!$H$2:$H$46,$AH17)+SUMIFS(Dati!$K$2:$K$46,Dati!$H$2:$H$46,$H17,Dati!$A$2:$A$46,$AH17)+SUMIFS(Dati!$C$2:$C$46,Dati!$A$2:$A$46,$H17,Dati!$H$2:$H$46,$AH17)+SUMIFS(Dati!$J$2:$J$46,Dati!$H$2:$H$46,$H17,Dati!$A$2:$A$46,$AH17),"-") -> - | BH17: =$C17 -> Dingo Docili-Dingoopoli DO | BI17: =IF(AND($H17<>"",$Y17<>"",$H17<>$Y17,IFERROR(INDEX($J$14:$J$23,MATCH($H17,$H$14:$H$23,0)),-1)=IFERROR(INDEX($J$14:$J$23,MATCH($Y17,$H$14:$H$23,0)),-2)),SUMIFS(Dati!$E$2:$E$46,Dati!$A$2:$A$46,$H17,Dati!$H$2:$H$46,$Y17)+SUMIFS(Dati!$L$2:$L$46,Dati!$H$2:$H$46,$H17,Dati!$A$2:$A$46,$Y17),"-") -> - | BJ17: =IF(AND($H17<>"",$Z17<>"",$H17<>$Z17,IFERROR(INDEX($J$14:$J$23,MATCH($H17,$H$14:$H$23,0)),-1)=IFERROR(INDEX($J$14:$J$23,MATCH($Z17,$H$14:$H$23,0)),-2)),SUMIFS(Dati!$E$2:$E$46,Dati!$A$2:$A$46,$H17,Dati!$H$2:$H$46,$Z17)+SUMIFS(Dati!$L$2:$L$46,Dati!$H$2:$H$46,$H17,Dati!$A$2:$A$46,$Z17),"-") -> - | BK17: =IF(AND($H17<>"",$AA17<>"",$H17<>$AA17,IFERROR(INDEX($J$14:$J$23,MATCH($H17,$H$14:$H$23,0)),-1)=IFERROR(INDEX($J$14:$J$23,MATCH($AA17,$H$14:$H$23,0)),-2)),SUMIFS(Dati!$E$2:$E$46,Dati!$A$2:$A$46,$H17,Dati!$H$2:$H$46,$AA17)+SUMIFS(Dati!$L$2:$L$46,Dati!$H$2:$H$46,$H17,Dati!$A$2:$A$46,$AA17),"-") -> - | BL17: =IF(AND($H17<>"",$AB17<>"",$H17<>$AB17,IFERROR(INDEX($J$14:$J$23,MATCH($H17,$H$14:$H$23,0)),-1)=IFERROR(INDEX($J$14:$J$23,MATCH($AB17,$H$14:$H$23,0)),-2)),SUMIFS(Dati!$E$2:$E$46,Dati!$A$2:$A$46,$H17,Dati!$H$2:$H$46,$AB17)+SUMIFS(Dati!$L$2:$L$46,Dati!$H$2:$H$46,$H17,Dati!$A$2:$A$46,$AB17),"-") -> - | BM17: =IF(AND($H17<>"",$AC17<>"",$H17<>$AC17,IFERROR(INDEX($J$14:$J$23,MATCH($H17,$H$14:$H$23,0)),-1)=IFERROR(INDEX($J$14:$J$23,MATCH($AC17,$H$14:$H$23,0)),-2)),SUMIFS(Dati!$E$2:$E$46,Dati!$A$2:$A$46,$H17,Dati!$H$2:$H$46,$AC17)+SUMIFS(Dati!$L$2:$L$46,Dati!$H$2:$H$46,$H17,Dati!$A$2:$A$46,$AC17),"-") -> - | BN17: =IF(AND($H17<>"",$AD17<>"",$H17<>$AD17,IFERROR(INDEX($J$14:$J$23,MATCH($H17,$H$14:$H$23,0)),-1)=IFERROR(INDEX($J$14:$J$23,MATCH($AD17,$H$14:$H$23,0)),-2)),SUMIFS(Dati!$E$2:$E$46,Dati!$A$2:$A$46,$H17,Dati!$H$2:$H$46,$AD17)+SUMIFS(Dati!$L$2:$L$46,Dati!$H$2:$H$46,$H17,Dati!$A$2:$A$46,$AD17),"-") -> - | BO17: =IF(AND($H17<>"",$AE17<>"",$H17<>$AE17,IFERROR(INDEX($J$14:$J$23,MATCH($H17,$H$14:$H$23,0)),-1)=IFERROR(INDEX($J$14:$J$23,MATCH($AE17,$H$14:$H$23,0)),-2)),SUMIFS(Dati!$E$2:$E$46,Dati!$A$2:$A$46,$H17,Dati!$H$2:$H$46,$AE17)+SUMIFS(Dati!$L$2:$L$46,Dati!$H$2:$H$46,$H17,Dati!$A$2:$A$46,$AE17),"-") -> - | BP17: =IF(AND($H17<>"",$AF17<>"",$H17<>$AF17,IFERROR(INDEX($J$14:$J$23,MATCH($H17,$H$14:$H$23,0)),-1)=IFERROR(INDEX($J$14:$J$23,MATCH($AF17,$H$14:$H$23,0)),-2)),SUMIFS(Dati!$E$2:$E$46,Dati!$A$2:$A$46,$H17,Dati!$H$2:$H$46,$AF17)+SUMIFS(Dati!$L$2:$L$46,Dati!$H$2:$H$46,$H17,Dati!$A$2:$A$46,$AF17),"-") -> - | BQ17: =IF(AND($H17<>"",$AG17<>"",$H17<>$AG17,IFERROR(INDEX($J$14:$J$23,MATCH($H17,$H$14:$H$23,0)),-1)=IFERROR(INDEX($J$14:$J$23,MATCH($AG17,$H$14:$H$23,0)),-2)),SUMIFS(Dati!$E$2:$E$46,Dati!$A$2:$A$46,$H17,Dati!$H$2:$H$46,$AG17)+SUMIFS(Dati!$L$2:$L$46,Dati!$H$2:$H$46,$H17,Dati!$A$2:$A$46,$AG17),"-") -> - | BR17: =IF(AND($H17<>"",$AH17<>"",$H17<>$AH17,IFERROR(INDEX($J$14:$J$23,MATCH($H17,$H$14:$H$23,0)),-1)=IFERROR(INDEX($J$14:$J$23,MATCH($AH17,$H$14:$H$23,0)),-2)),SUMIFS(Dati!$E$2:$E$46,Dati!$A$2:$A$46,$H17,Dati!$H$2:$H$46,$AH17)+SUMIFS(Dati!$L$2:$L$46,Dati!$H$2:$H$46,$H17,Dati!$A$2:$A$46,$AH17),"-") -> - | BT17: =$C17 -> Dingo Docili-Dingoopoli DO | BU17: =IF(AND($H17<>"",$Y17<>"",$H17<>$Y17,IFERROR(INDEX($J$14:$J$23,MATCH($H17,$H$14:$H$23,0)),-1)=IFERROR(INDEX($J$14:$J$23,MATCH($Y17,$H$14:$H$23,0)),-2)),SUMIFS(Dati!$F$2:$F$46,Dati!$A$2:$A$46,$H17,Dati!$H$2:$H$46,$Y17)+SUMIFS(Dati!$M$2:$M$46,Dati!$H$2:$H$46,$H17,Dati!$A$2:$A$46,$Y17),"-") -> - | BV17: =IF(AND($H17<>"",$Z17<>"",$H17<>$Z17,IFERROR(INDEX($J$14:$J$23,MATCH($H17,$H$14:$H$23,0)),-1)=IFERROR(INDEX($J$14:$J$23,MATCH($Z17,$H$14:$H$23,0)),-2)),SUMIFS(Dati!$F$2:$F$46,Dati!$A$2:$A$46,$H17,Dati!$H$2:$H$46,$Z17)+SUMIFS(Dati!$M$2:$M$46,Dati!$H$2:$H$46,$H17,Dati!$A$2:$A$46,$Z17),"-") -> - | BW17: =IF(AND($H17<>"",$AA17<>"",$H17<>$AA17,IFERROR(INDEX($J$14:$J$23,MATCH($H17,$H$14:$H$23,0)),-1)=IFERROR(INDEX($J$14:$J$23,MATCH($AA17,$H$14:$H$23,0)),-2)),SUMIFS(Dati!$F$2:$F$46,Dati!$A$2:$A$46,$H17,Dati!$H$2:$H$46,$AA17)+SUMIFS(Dati!$M$2:$M$46,Dati!$H$2:$H$46,$H17,Dati!$A$2:$A$46,$AA17),"-") -> - | BX17: =IF(AND($H17<>"",$AB17<>"",$H17<>$AB17,IFERROR(INDEX($J$14:$J$23,MATCH($H17,$H$14:$H$23,0)),-1)=IFERROR(INDEX($J$14:$J$23,MATCH($AB17,$H$14:$H$23,0)),-2)),SUMIFS(Dati!$F$2:$F$46,Dati!$A$2:$A$46,$H17,Dati!$H$2:$H$46,$AB17)+SUMIFS(Dati!$M$2:$M$46,Dati!$H$2:$H$46,$H17,Dati!$A$2:$A$46,$AB17),"-") -> - | BY17: =IF(AND($H17<>"",$AC17<>"",$H17<>$AC17,IFERROR(INDEX($J$14:$J$23,MATCH($H17,$H$14:$H$23,0)),-1)=IFERROR(INDEX($J$14:$J$23,MATCH($AC17,$H$14:$H$23,0)),-2)),SUMIFS(Dati!$F$2:$F$46,Dati!$A$2:$A$46,$H17,Dati!$H$2:$H$46,$AC17)+SUMIFS(Dati!$M$2:$M$46,Dati!$H$2:$H$46,$H17,Dati!$A$2:$A$46,$AC17),"-") -> - | BZ17: =IF(AND($H17<>"",$AD17<>"",$H17<>$AD17,IFERROR(INDEX($J$14:$J$23,MATCH($H17,$H$14:$H$23,0)),-1)=IFERROR(INDEX($J$14:$J$23,MATCH($AD17,$H$14:$H$23,0)),-2)),SUMIFS(Dati!$F$2:$F$46,Dati!$A$2:$A$46,$H17,Dati!$H$2:$H$46,$AD17)+SUMIFS(Dati!$M$2:$M$46,Dati!$H$2:$H$46,$H17,Dati!$A$2:$A$46,$AD17),"-") -> - | CA17: =IF(AND($H17<>"",$AE17<>"",$H17<>$AE17,IFERROR(INDEX($J$14:$J$23,MATCH($H17,$H$14:$H$23,0)),-1)=IFERROR(INDEX($J$14:$J$23,MATCH($AE17,$H$14:$H$23,0)),-2)),SUMIFS(Dati!$F$2:$F$46,Dati!$A$2:$A$46,$H17,Dati!$H$2:$H$46,$AE17)+SUMIFS(Dati!$M$2:$M$46,Dati!$H$2:$H$46,$H17,Dati!$A$2:$A$46,$AE17),"-") -> - | CB17: =IF(AND($H17<>"",$AF17<>"",$H17<>$AF17,IFERROR(INDEX($J$14:$J$23,MATCH($H17,$H$14:$H$23,0)),-1)=IFERROR(INDEX($J$14:$J$23,MATCH($AF17,$H$14:$H$23,0)),-2)),SUMIFS(Dati!$F$2:$F$46,Dati!$A$2:$A$46,$H17,Dati!$H$2:$H$46,$AF17)+SUMIFS(Dati!$M$2:$M$46,Dati!$H$2:$H$46,$H17,Dati!$A$2:$A$46,$AF17),"-") -> - | CC17: =IF(AND($H17<>"",$AG17<>"",$H17<>$AG17,IFERROR(INDEX($J$14:$J$23,MATCH($H17,$H$14:$H$23,0)),-1)=IFERROR(INDEX($J$14:$J$23,MATCH($AG17,$H$14:$H$23,0)),-2)),SUMIFS(Dati!$F$2:$F$46,Dati!$A$2:$A$46,$H17,Dati!$H$2:$H$46,$AG17)+SUMIFS(Dati!$M$2:$M$46,Dati!$H$2:$H$46,$H17,Dati!$A$2:$A$46,$AG17),"-") -> - | CD17: =IF(AND($H17<>"",$AH17<>"",$H17<>$AH17,IFERROR(INDEX($J$14:$J$23,MATCH($H17,$H$14:$H$23,0)),-1)=IFERROR(INDEX($J$14:$J$23,MATCH($AH17,$H$14:$H$23,0)),-2)),SUMIFS(Dati!$F$2:$F$46,Dati!$A$2:$A$46,$H17,Dati!$H$2:$H$46,$AH17)+SUMIFS(Dati!$M$2:$M$46,Dati!$H$2:$H$46,$H17,Dati!$A$2:$A$46,$AH17),"-") -> - | CF17: =IF($C17="","",SUM(AK17:AT17)) -> 0
B18: A05 | C18: Ermellini Eleganti-Ermelliniopoli EU | E18: A | G18: =IF($C18="","",$E18&(COUNTIFS(I$14:I$23,">"&I18,E$14:E$23,"="&E18,C$14:C$23,"<>")+COUNTIFS(I$14:I$23,"="&I18,H$14:H$23,"<="&H18,E$14:E$23,"="&E18,C$14:C$23,"<>"))) -> A9 | H18: =IF($C18="","",IFERROR(LEFT($C18,FIND("-",$C18)-1),$C18)) -> Ermellini Eleganti | I18: =TEXT(1000000000+J18,"|0000000000|")&TEXT(SUM(AK18:AT18),"0000000000|")&IF(SUM(BU18:CD18)=0,"0000000000|",TEXT(ROUND(SUM(BI18:BR18)/SUM(BU18:CD18),4)*100000,"0000000000|"))&IF(P18=0,"0000000000|",TEXT(ROUND(O18/P18,4)*100000,"0000000000|")) -> |1000000015|0000000001|0000100000|0000085360| | J18: =L18*Campionato!$D$7+M18*Campionato!$D$8+N18*Campionato!$D$9+IF(D18="",0,D18) -> 15 | K18: =SUM(L18:N18) -> 9 | L18: =IF($H18="",0,SUMIF(Dati!$A$2:$A$46,$H18,Dati!$B$2:$B$46)+SUMIF(Dati!$H$2:$H$46,$H18,Dati!$I$2:$I$46)) -> 3 | M18: =IF($H18="",0,SUMIF(Dati!$A$2:$A$46,$H18,Dati!$D$2:$D$46)+SUMIF(Dati!$H$2:$H$46,$H18,Dati!$K$2:$K$46)) -> 6 | N18: =IF($H18="",0,SUMIF(Dati!$A$2:$A$46,$H18,Dati!$C$2:$C$46)+SUMIF(Dati!$H$2:$H$46,$H18,Dati!$J$2:$J$46)) -> 0 | O18: =IF($H18="",0,SUMIF(Dati!$A$2:$A$46,$H18,Dati!$E$2:$E$46)+SUMIF(Dati!$H$2:$H$46,$H18,Dati!$L$2:$L$46)) -> 414 | P18: =IF($H18="",0,SUMIF(Dati!$A$2:$A$46,$H18,Dati!$F$2:$F$46)+SUMIF(Dati!$H$2:$H$46,$H18,Dati!$M$2:$M$46)) -> 485 | Q18: =IF($H18="",0,SUMIF(Dati!$A$2:$A$46,$H18,Dati!$G$2:$G$46)+SUMIF(Dati!$H$2:$H$46,$H18,Dati!$N$2:$N$46)) -> -71 | R18: =IF(K18=0,0,ROUND(O18/K18,2)) -> 46 | S18: =IF(K18=0,0,ROUND(P18/K18,2)) -> 53.89 | T18: =IF(K18=0,0,ROUND(Q18/K18,2)) -> -7.89 | U18: =IF(COUNTIFS($E$14:$E$23,$E18,$J$14:$J$23,$J18,$C$14:$C$23,"<>")<=1,"-",SUM(AK18:AT18)&"-"&SUM(AW18:BF18)) -> 1-1 | V18: =IF(COUNTIFS($E$14:$E$23,$E18,$J$14:$J$23,$J18,$C$14:$C$23,"<>",$CF$14:$CF$23,$CF18)<=1,"-",IF(SUM(BU18:CD18)=0,0,ROUND(SUM(BI18:BR18)/SUM(BU18:CD18),3))) -> 1 | W18: =IF(COUNTIFS($E$14:$E$23,$E18,$J$14:$J$23,$J18,$C$14:$C$23,"<>",$CF$14:$CF$23,$CF18,$V$14:$V$23,$V18)<=1,"-",IF(P18=0,0,ROUND(O18/P18,3))) -> 0.854 | X18: =IF($C18="","",$E18&"#"&COUNTIFS($E$14:$E18,$E18,$C$14:$C18,"<>")) -> A#5 | Y18: =IFERROR(INDEX($H$14:$H$23,MATCH($E18&"#1",$X$14:$X$23,0)),"") -> Anaconde Audaci | Z18: =IFERROR(INDEX($H$14:$H$23,MATCH($E18&"#2",$X$14:$X$23,0)),"") -> Bufali Belligeranti | AA18: =IFERROR(INDEX($H$14:$H$23,MATCH($E18&"#3",$X$14:$X$23,0)),"") -> Cobra Celeri | AB18: =IFERROR(INDEX($H$14:$H$23,MATCH($E18&"#4",$X$14:$X$23,0)),"") -> Dingo Docili | AC18: =IFERROR(INDEX($H$14:$H$23,MATCH($E18&"#5",$X$14:$X$23,0)),"") -> Ermellini Eleganti | AD18: =IFERROR(INDEX($H$14:$H$23,MATCH($E18&"#6",$X$14:$X$23,0)),"") -> Falchi Feroci | AE18: =IFERROR(INDEX($H$14:$H$23,MATCH($E18&"#7",$X$14:$X$23,0)),"") -> Gazzelle Gentili | AF18: =IFERROR(INDEX($H$14:$H$23,MATCH($E18&"#8",$X$14:$X$23,0)),"") -> Ibis Instancabili | AG18: =IFERROR(INDEX($H$14:$H$23,MATCH($E18&"#9",$X$14:$X$23,0)),"") -> Lupi Leali | AH18: =IFERROR(INDEX($H$14:$H$23,MATCH($E18&"#10",$X$14:$X$23,0)),"") -> Marmotte Mobili | AJ18: =$C18 -> Ermellini Eleganti-Ermelliniopoli EU | AK18: =IF(AND($H18<>"",$Y18<>"",$H18<>$Y18,IFERROR(INDEX($J$14:$J$23,MATCH($H18,$H$14:$H$23,0)),-1)=IFERROR(INDEX($J$14:$J$23,MATCH($Y18,$H$14:$H$23,0)),-2)),SUMIFS(Dati!$B$2:$B$46,Dati!$A$2:$A$46,$H18,Dati!$H$2:$H$46,$Y18)+SUMIFS(Dati!$I$2:$I$46,Dati!$H$2:$H$46,$H18,Dati!$A$2:$A$46,$Y18),"-") -> - | AL18: =IF(AND($H18<>"",$Z18<>"",$H18<>$Z18,IFERROR(INDEX($J$14:$J$23,MATCH($H18,$H$14:$H$23,0)),-1)=IFERROR(INDEX($J$14:$J$23,MATCH($Z18,$H$14:$H$23,0)),-2)),SUMIFS(Dati!$B$2:$B$46,Dati!$A$2:$A$46,$H18,Dati!$H$2:$H$46,$Z18)+SUMIFS(Dati!$I$2:$I$46,Dati!$H$2:$H$46,$H18,Dati!$A$2:$A$46,$Z18),"-") -> 0 | AM18: =IF(AND($H18<>"",$AA18<>"",$H18<>$AA18,IFERROR(INDEX($J$14:$J$23,MATCH($H18,$H$14:$H$23,0)),-1)=IFERROR(INDEX($J$14:$J$23,MATCH($AA18,$H$14:$H$23,0)),-2)),SUMIFS(Dati!$B$2:$B$46,Dati!$A$2:$A$46,$H18,Dati!$H$2:$H$46,$AA18)+SUMIFS(Dati!$I$2:$I$46,Dati!$H$2:$H$46,$H18,Dati!$A$2:$A$46,$AA18),"-") -> - | AN18: =IF(AND($H18<>"",$AB18<>"",$H18<>$AB18,IFERROR(INDEX($J$14:$J$23,MATCH($H18,$H$14:$H$23,0)),-1)=IFERROR(INDEX($J$14:$J$23,MATCH($AB18,$H$14:$H$23,0)),-2)),SUMIFS(Dati!$B$2:$B$46,Dati!$A$2:$A$46,$H18,Dati!$H$2:$H$46,$AB18)+SUMIFS(Dati!$I$2:$I$46,Dati!$H$2:$H$46,$H18,Dati!$A$2:$A$46,$AB18),"-") -> - | AO18: =IF(AND($H18<>"",$AC18<>"",$H18<>$AC18,IFERROR(INDEX($J$14:$J$23,MATCH($H18,$H$14:$H$23,0)),-1)=IFERROR(INDEX($J$14:$J$23,MATCH($AC18,$H$14:$H$23,0)),-2)),SUMIFS(Dati!$B$2:$B$46,Dati!$A$2:$A$46,$H18,Dati!$H$2:$H$46,$AC18)+SUMIFS(Dati!$I$2:$I$46,Dati!$H$2:$H$46,$H18,Dati!$A$2:$A$46,$AC18),"-") -> - | AP18: =IF(AND($H18<>"",$AD18<>"",$H18<>$AD18,IFERROR(INDEX($J$14:$J$23,MATCH($H18,$H$14:$H$23,0)),-1)=IFERROR(INDEX($J$14:$J$23,MATCH($AD18,$H$14:$H$23,0)),-2)),SUMIFS(Dati!$B$2:$B$46,Dati!$A$2:$A$46,$H18,Dati!$H$2:$H$46,$AD18)+SUMIFS(Dati!$I$2:$I$46,Dati!$H$2:$H$46,$H18,Dati!$A$2:$A$46,$AD18),"-") -> - | AQ18: =IF(AND($H18<>"",$AE18<>"",$H18<>$AE18,IFERROR(INDEX($J$14:$J$23,MATCH($H18,$H$14:$H$23,0)),-1)=IFERROR(INDEX($J$14:$J$23,MATCH($AE18,$H$14:$H$23,0)),-2)),SUMIFS(Dati!$B$2:$B$46,Dati!$A$2:$A$46,$H18,Dati!$H$2:$H$46,$AE18)+SUMIFS(Dati!$I$2:$I$46,Dati!$H$2:$H$46,$H18,Dati!$A$2:$A$46,$AE18),"-") -> - | AR18: =IF(AND($H18<>"",$AF18<>"",$H18<>$AF18,IFERROR(INDEX($J$14:$J$23,MATCH($H18,$H$14:$H$23,0)),-1)=IFERROR(INDEX($J$14:$J$23,MATCH($AF18,$H$14:$H$23,0)),-2)),SUMIFS(Dati!$B$2:$B$46,Dati!$A$2:$A$46,$H18,Dati!$H$2:$H$46,$AF18)+SUMIFS(Dati!$I$2:$I$46,Dati!$H$2:$H$46,$H18,Dati!$A$2:$A$46,$AF18),"-") -> - | AS18: =IF(AND($H18<>"",$AG18<>"",$H18<>$AG18,IFERROR(INDEX($J$14:$J$23,MATCH($H18,$H$14:$H$23,0)),-1)=IFERROR(INDEX($J$14:$J$23,MATCH($AG18,$H$14:$H$23,0)),-2)),SUMIFS(Dati!$B$2:$B$46,Dati!$A$2:$A$46,$H18,Dati!$H$2:$H$46,$AG18)+SUMIFS(Dati!$I$2:$I$46,Dati!$H$2:$H$46,$H18,Dati!$A$2:$A$46,$AG18),"-") -> - | AT18: =IF(AND($H18<>"",$AH18<>"",$H18<>$AH18,IFERROR(INDEX($J$14:$J$23,MATCH($H18,$H$14:$H$23,0)),-1)=IFERROR(INDEX($J$14:$J$23,MATCH($AH18,$H$14:$H$23,0)),-2)),SUMIFS(Dati!$B$2:$B$46,Dati!$A$2:$A$46,$H18,Dati!$H$2:$H$46,$AH18)+SUMIFS(Dati!$I$2:$I$46,Dati!$H$2:$H$46,$H18,Dati!$A$2:$A$46,$AH18),"-") -> 1 | AV18: =$C18 -> Ermellini Eleganti-Ermelliniopoli EU | AW18: =IF(AND($H18<>"",$Y18<>"",$H18<>$Y18,IFERROR(INDEX($J$14:$J$23,MATCH($H18,$H$14:$H$23,0)),-1)=IFERROR(INDEX($J$14:$J$23,MATCH($Y18,$H$14:$H$23,0)),-2)),SUMIFS(Dati!$D$2:$D$46,Dati!$A$2:$A$46,$H18,Dati!$H$2:$H$46,$Y18)+SUMIFS(Dati!$K$2:$K$46,Dati!$H$2:$H$46,$H18,Dati!$A$2:$A$46,$Y18)+SUMIFS(Dati!$C$2:$C$46,Dati!$A$2:$A$46,$H18,Dati!$H$2:$H$46,$Y18)+SUMIFS(Dati!$J$2:$J$46,Dati!$H$2:$H$46,$H18,Dati!$A$2:$A$46,$Y18),"-") -> - | AX18: =IF(AND($H18<>"",$Z18<>"",$H18<>$Z18,IFERROR(INDEX($J$14:$J$23,MATCH($H18,$H$14:$H$23,0)),-1)=IFERROR(INDEX($J$14:$J$23,MATCH($Z18,$H$14:$H$23,0)),-2)),SUMIFS(Dati!$D$2:$D$46,Dati!$A$2:$A$46,$H18,Dati!$H$2:$H$46,$Z18)+SUMIFS(Dati!$K$2:$K$46,Dati!$H$2:$H$46,$H18,Dati!$A$2:$A$46,$Z18)+SUMIFS(Dati!$C$2:$C$46,Dati!$A$2:$A$46,$H18,Dati!$H$2:$H$46,$Z18)+SUMIFS(Dati!$J$2:$J$46,Dati!$H$2:$H$46,$H18,Dati!$A$2:$A$46,$Z18),"-") -> 1 | AY18: =IF(AND($H18<>"",$AA18<>"",$H18<>$AA18,IFERROR(INDEX($J$14:$J$23,MATCH($H18,$H$14:$H$23,0)),-1)=IFERROR(INDEX($J$14:$J$23,MATCH($AA18,$H$14:$H$23,0)),-2)),SUMIFS(Dati!$D$2:$D$46,Dati!$A$2:$A$46,$H18,Dati!$H$2:$H$46,$AA18)+SUMIFS(Dati!$K$2:$K$46,Dati!$H$2:$H$46,$H18,Dati!$A$2:$A$46,$AA18)+SUMIFS(Dati!$C$2:$C$46,Dati!$A$2:$A$46,$H18,Dati!$H$2:$H$46,$AA18)+SUMIFS(Dati!$J$2:$J$46,Dati!$H$2:$H$46,$H18,Dati!$A$2:$A$46,$AA18),"-") -> - | AZ18: =IF(AND($H18<>"",$AB18<>"",$H18<>$AB18,IFERROR(INDEX($J$14:$J$23,MATCH($H18,$H$14:$H$23,0)),-1)=IFERROR(INDEX($J$14:$J$23,MATCH($AB18,$H$14:$H$23,0)),-2)),SUMIFS(Dati!$D$2:$D$46,Dati!$A$2:$A$46,$H18,Dati!$H$2:$H$46,$AB18)+SUMIFS(Dati!$K$2:$K$46,Dati!$H$2:$H$46,$H18,Dati!$A$2:$A$46,$AB18)+SUMIFS(Dati!$C$2:$C$46,Dati!$A$2:$A$46,$H18,Dati!$H$2:$H$46,$AB18)+SUMIFS(Dati!$J$2:$J$46,Dati!$H$2:$H$46,$H18,Dati!$A$2:$A$46,$AB18),"-") -> - | BA18: =IF(AND($H18<>"",$AC18<>"",$H18<>$AC18,IFERROR(INDEX($J$14:$J$23,MATCH($H18,$H$14:$H$23,0)),-1)=IFERROR(INDEX($J$14:$J$23,MATCH($AC18,$H$14:$H$23,0)),-2)),SUMIFS(Dati!$D$2:$D$46,Dati!$A$2:$A$46,$H18,Dati!$H$2:$H$46,$AC18)+SUMIFS(Dati!$K$2:$K$46,Dati!$H$2:$H$46,$H18,Dati!$A$2:$A$46,$AC18)+SUMIFS(Dati!$C$2:$C$46,Dati!$A$2:$A$46,$H18,Dati!$H$2:$H$46,$AC18)+SUMIFS(Dati!$J$2:$J$46,Dati!$H$2:$H$46,$H18,Dati!$A$2:$A$46,$AC18),"-") -> - | BB18: =IF(AND($H18<>"",$AD18<>"",$H18<>$AD18,IFERROR(INDEX($J$14:$J$23,MATCH($H18,$H$14:$H$23,0)),-1)=IFERROR(INDEX($J$14:$J$23,MATCH($AD18,$H$14:$H$23,0)),-2)),SUMIFS(Dati!$D$2:$D$46,Dati!$A$2:$A$46,$H18,Dati!$H$2:$H$46,$AD18)+SUMIFS(Dati!$K$2:$K$46,Dati!$H$2:$H$46,$H18,Dati!$A$2:$A$46,$AD18)+SUMIFS(Dati!$C$2:$C$46,Dati!$A$2:$A$46,$H18,Dati!$H$2:$H$46,$AD18)+SUMIFS(Dati!$J$2:$J$46,Dati!$H$2:$H$46,$H18,Dati!$A$2:$A$46,$AD18),"-") -> - | BC18: =IF(AND($H18<>"",$AE18<>"",$H18<>$AE18,IFERROR(INDEX($J$14:$J$23,MATCH($H18,$H$14:$H$23,0)),-1)=IFERROR(INDEX($J$14:$J$23,MATCH($AE18,$H$14:$H$23,0)),-2)),SUMIFS(Dati!$D$2:$D$46,Dati!$A$2:$A$46,$H18,Dati!$H$2:$H$46,$AE18)+SUMIFS(Dati!$K$2:$K$46,Dati!$H$2:$H$46,$H18,Dati!$A$2:$A$46,$AE18)+SUMIFS(Dati!$C$2:$C$46,Dati!$A$2:$A$46,$H18,Dati!$H$2:$H$46,$AE18)+SUMIFS(Dati!$J$2:$J$46,Dati!$H$2:$H$46,$H18,Dati!$A$2:$A$46,$AE18),"-") -> - | BD18: =IF(AND($H18<>"",$AF18<>"",$H18<>$AF18,IFERROR(INDEX($J$14:$J$23,MATCH($H18,$H$14:$H$23,0)),-1)=IFERROR(INDEX($J$14:$J$23,MATCH($AF18,$H$14:$H$23,0)),-2)),SUMIFS(Dati!$D$2:$D$46,Dati!$A$2:$A$46,$H18,Dati!$H$2:$H$46,$AF18)+SUMIFS(Dati!$K$2:$K$46,Dati!$H$2:$H$46,$H18,Dati!$A$2:$A$46,$AF18)+SUMIFS(Dati!$C$2:$C$46,Dati!$A$2:$A$46,$H18,Dati!$H$2:$H$46,$AF18)+SUMIFS(Dati!$J$2:$J$46,Dati!$H$2:$H$46,$H18,Dati!$A$2:$A$46,$AF18),"-") -> - | BE18: =IF(AND($H18<>"",$AG18<>"",$H18<>$AG18,IFERROR(INDEX($J$14:$J$23,MATCH($H18,$H$14:$H$23,0)),-1)=IFERROR(INDEX($J$14:$J$23,MATCH($AG18,$H$14:$H$23,0)),-2)),SUMIFS(Dati!$D$2:$D$46,Dati!$A$2:$A$46,$H18,Dati!$H$2:$H$46,$AG18)+SUMIFS(Dati!$K$2:$K$46,Dati!$H$2:$H$46,$H18,Dati!$A$2:$A$46,$AG18)+SUMIFS(Dati!$C$2:$C$46,Dati!$A$2:$A$46,$H18,Dati!$H$2:$H$46,$AG18)+SUMIFS(Dati!$J$2:$J$46,Dati!$H$2:$H$46,$H18,Dati!$A$2:$A$46,$AG18),"-") -> - | BF18: =IF(AND($H18<>"",$AH18<>"",$H18<>$AH18,IFERROR(INDEX($J$14:$J$23,MATCH($H18,$H$14:$H$23,0)),-1)=IFERROR(INDEX($J$14:$J$23,MATCH($AH18,$H$14:$H$23,0)),-2)),SUMIFS(Dati!$D$2:$D$46,Dati!$A$2:$A$46,$H18,Dati!$H$2:$H$46,$AH18)+SUMIFS(Dati!$K$2:$K$46,Dati!$H$2:$H$46,$H18,Dati!$A$2:$A$46,$AH18)+SUMIFS(Dati!$C$2:$C$46,Dati!$A$2:$A$46,$H18,Dati!$H$2:$H$46,$AH18)+SUMIFS(Dati!$J$2:$J$46,Dati!$H$2:$H$46,$H18,Dati!$A$2:$A$46,$AH18),"-") -> 0 | BH18: =$C18 -> Ermellini Eleganti-Ermelliniopoli EU | BI18: =IF(AND($H18<>"",$Y18<>"",$H18<>$Y18,IFERROR(INDEX($J$14:$J$23,MATCH($H18,$H$14:$H$23,0)),-1)=IFERROR(INDEX($J$14:$J$23,MATCH($Y18,$H$14:$H$23,0)),-2)),SUMIFS(Dati!$E$2:$E$46,Dati!$A$2:$A$46,$H18,Dati!$H$2:$H$46,$Y18)+SUMIFS(Dati!$L$2:$L$46,Dati!$H$2:$H$46,$H18,Dati!$A$2:$A$46,$Y18),"-") -> - | BJ18: =IF(AND($H18<>"",$Z18<>"",$H18<>$Z18,IFERROR(INDEX($J$14:$J$23,MATCH($H18,$H$14:$H$23,0)),-1)=IFERROR(INDEX($J$14:$J$23,MATCH($Z18,$H$14:$H$23,0)),-2)),SUMIFS(Dati!$E$2:$E$46,Dati!$A$2:$A$46,$H18,Dati!$H$2:$H$46,$Z18)+SUMIFS(Dati!$L$2:$L$46,Dati!$H$2:$H$46,$H18,Dati!$A$2:$A$46,$Z18),"-") -> 40 | BK18: =IF(AND($H18<>"",$AA18<>"",$H18<>$AA18,IFERROR(INDEX($J$14:$J$23,MATCH($H18,$H$14:$H$23,0)),-1)=IFERROR(INDEX($J$14:$J$23,MATCH($AA18,$H$14:$H$23,0)),-2)),SUMIFS(Dati!$E$2:$E$46,Dati!$A$2:$A$46,$H18,Dati!$H$2:$H$46,$AA18)+SUMIFS(Dati!$L$2:$L$46,Dati!$H$2:$H$46,$H18,Dati!$A$2:$A$46,$AA18),"-") -> - | BL18: =IF(AND($H18<>"",$AB18<>"",$H18<>$AB18,IFERROR(INDEX($J$14:$J$23,MATCH($H18,$H$14:$H$23,0)),-1)=IFERROR(INDEX($J$14:$J$23,MATCH($AB18,$H$14:$H$23,0)),-2)),SUMIFS(Dati!$E$2:$E$46,Dati!$A$2:$A$46,$H18,Dati!$H$2:$H$46,$AB18)+SUMIFS(Dati!$L$2:$L$46,Dati!$H$2:$H$46,$H18,Dati!$A$2:$A$46,$AB18),"-") -> - | BM18: =IF(AND($H18<>"",$AC18<>"",$H18<>$AC18,IFERROR(INDEX($J$14:$J$23,MATCH($H18,$H$14:$H$23,0)),-1)=IFERROR(INDEX($J$14:$J$23,MATCH($AC18,$H$14:$H$23,0)),-2)),SUMIFS(Dati!$E$2:$E$46,Dati!$A$2:$A$46,$H18,Dati!$H$2:$H$46,$AC18)+SUMIFS(Dati!$L$2:$L$46,Dati!$H$2:$H$46,$H18,Dati!$A$2:$A$46,$AC18),"-") -> - | BN18: =IF(AND($H18<>"",$AD18<>"",$H18<>$AD18,IFERROR(INDEX($J$14:$J$23,MATCH($H18,$H$14:$H$23,0)),-1)=IFERROR(INDEX($J$14:$J$23,MATCH($AD18,$H$14:$H$23,0)),-2)),SUMIFS(Dati!$E$2:$E$46,Dati!$A$2:$A$46,$H18,Dati!$H$2:$H$46,$AD18)+SUMIFS(Dati!$L$2:$L$46,Dati!$H$2:$H$46,$H18,Dati!$A$2:$A$46,$AD18),"-") -> - | BO18: =IF(AND($H18<>"",$AE18<>"",$H18<>$AE18,IFERROR(INDEX($J$14:$J$23,MATCH($H18,$H$14:$H$23,0)),-1)=IFERROR(INDEX($J$14:$J$23,MATCH($AE18,$H$14:$H$23,0)),-2)),SUMIFS(Dati!$E$2:$E$46,Dati!$A$2:$A$46,$H18,Dati!$H$2:$H$46,$AE18)+SUMIFS(Dati!$L$2:$L$46,Dati!$H$2:$H$46,$H18,Dati!$A$2:$A$46,$AE18),"-") -> - | BP18: =IF(AND($H18<>"",$AF18<>"",$H18<>$AF18,IFERROR(INDEX($J$14:$J$23,MATCH($H18,$H$14:$H$23,0)),-1)=IFERROR(INDEX($J$14:$J$23,MATCH($AF18,$H$14:$H$23,0)),-2)),SUMIFS(Dati!$E$2:$E$46,Dati!$A$2:$A$46,$H18,Dati!$H$2:$H$46,$AF18)+SUMIFS(Dati!$L$2:$L$46,Dati!$H$2:$H$46,$H18,Dati!$A$2:$A$46,$AF18),"-") -> - | BQ18: =IF(AND($H18<>"",$AG18<>"",$H18<>$AG18,IFERROR(INDEX($J$14:$J$23,MATCH($H18,$H$14:$H$23,0)),-1)=IFERROR(INDEX($J$14:$J$23,MATCH($AG18,$H$14:$H$23,0)),-2)),SUMIFS(Dati!$E$2:$E$46,Dati!$A$2:$A$46,$H18,Dati!$H$2:$H$46,$AG18)+SUMIFS(Dati!$L$2:$L$46,Dati!$H$2:$H$46,$H18,Dati!$A$2:$A$46,$AG18),"-") -> - | BR18: =IF(AND($H18<>"",$AH18<>"",$H18<>$AH18,IFERROR(INDEX($J$14:$J$23,MATCH($H18,$H$14:$H$23,0)),-1)=IFERROR(INDEX($J$14:$J$23,MATCH($AH18,$H$14:$H$23,0)),-2)),SUMIFS(Dati!$E$2:$E$46,Dati!$A$2:$A$46,$H18,Dati!$H$2:$H$46,$AH18)+SUMIFS(Dati!$L$2:$L$46,Dati!$H$2:$H$46,$H18,Dati!$A$2:$A$46,$AH18),"-") -> 50 | BT18: =$C18 -> Ermellini Eleganti-Ermelliniopoli EU | BU18: =IF(AND($H18<>"",$Y18<>"",$H18<>$Y18,IFERROR(INDEX($J$14:$J$23,MATCH($H18,$H$14:$H$23,0)),-1)=IFERROR(INDEX($J$14:$J$23,MATCH($Y18,$H$14:$H$23,0)),-2)),SUMIFS(Dati!$F$2:$F$46,Dati!$A$2:$A$46,$H18,Dati!$H$2:$H$46,$Y18)+SUMIFS(Dati!$M$2:$M$46,Dati!$H$2:$H$46,$H18,Dati!$A$2:$A$46,$Y18),"-") -> - | BV18: =IF(AND($H18<>"",$Z18<>"",$H18<>$Z18,IFERROR(INDEX($J$14:$J$23,MATCH($H18,$H$14:$H$23,0)),-1)=IFERROR(INDEX($J$14:$J$23,MATCH($Z18,$H$14:$H$23,0)),-2)),SUMIFS(Dati!$F$2:$F$46,Dati!$A$2:$A$46,$H18,Dati!$H$2:$H$46,$Z18)+SUMIFS(Dati!$M$2:$M$46,Dati!$H$2:$H$46,$H18,Dati!$A$2:$A$46,$Z18),"-") -> 50 | BW18: =IF(AND($H18<>"",$AA18<>"",$H18<>$AA18,IFERROR(INDEX($J$14:$J$23,MATCH($H18,$H$14:$H$23,0)),-1)=IFERROR(INDEX($J$14:$J$23,MATCH($AA18,$H$14:$H$23,0)),-2)),SUMIFS(Dati!$F$2:$F$46,Dati!$A$2:$A$46,$H18,Dati!$H$2:$H$46,$AA18)+SUMIFS(Dati!$M$2:$M$46,Dati!$H$2:$H$46,$H18,Dati!$A$2:$A$46,$AA18),"-") -> - | BX18: =IF(AND($H18<>"",$AB18<>"",$H18<>$AB18,IFERROR(INDEX($J$14:$J$23,MATCH($H18,$H$14:$H$23,0)),-1)=IFERROR(INDEX($J$14:$J$23,MATCH($AB18,$H$14:$H$23,0)),-2)),SUMIFS(Dati!$F$2:$F$46,Dati!$A$2:$A$46,$H18,Dati!$H$2:$H$46,$AB18)+SUMIFS(Dati!$M$2:$M$46,Dati!$H$2:$H$46,$H18,Dati!$A$2:$A$46,$AB18),"-") -> - | BY18: =IF(AND($H18<>"",$AC18<>"",$H18<>$AC18,IFERROR(INDEX($J$14:$J$23,MATCH($H18,$H$14:$H$23,0)),-1)=IFERROR(INDEX($J$14:$J$23,MATCH($AC18,$H$14:$H$23,0)),-2)),SUMIFS(Dati!$F$2:$F$46,Dati!$A$2:$A$46,$H18,Dati!$H$2:$H$46,$AC18)+SUMIFS(Dati!$M$2:$M$46,Dati!$H$2:$H$46,$H18,Dati!$A$2:$A$46,$AC18),"-") -> - | BZ18: =IF(AND($H18<>"",$AD18<>"",$H18<>$AD18,IFERROR(INDEX($J$14:$J$23,MATCH($H18,$H$14:$H$23,0)),-1)=IFERROR(INDEX($J$14:$J$23,MATCH($AD18,$H$14:$H$23,0)),-2)),SUMIFS(Dati!$F$2:$F$46,Dati!$A$2:$A$46,$H18,Dati!$H$2:$H$46,$AD18)+SUMIFS(Dati!$M$2:$M$46,Dati!$H$2:$H$46,$H18,Dati!$A$2:$A$46,$AD18),"-") -> - | CA18: =IF(AND($H18<>"",$AE18<>"",$H18<>$AE18,IFERROR(INDEX($J$14:$J$23,MATCH($H18,$H$14:$H$23,0)),-1)=IFERROR(INDEX($J$14:$J$23,MATCH($AE18,$H$14:$H$23,0)),-2)),SUMIFS(Dati!$F$2:$F$46,Dati!$A$2:$A$46,$H18,Dati!$H$2:$H$46,$AE18)+SUMIFS(Dati!$M$2:$M$46,Dati!$H$2:$H$46,$H18,Dati!$A$2:$A$46,$AE18),"-") -> - | CB18: =IF(AND($H18<>"",$AF18<>"",$H18<>$AF18,IFERROR(INDEX($J$14:$J$23,MATCH($H18,$H$14:$H$23,0)),-1)=IFERROR(INDEX($J$14:$J$23,MATCH($AF18,$H$14:$H$23,0)),-2)),SUMIFS(Dati!$F$2:$F$46,Dati!$A$2:$A$46,$H18,Dati!$H$2:$H$46,$AF18)+SUMIFS(Dati!$M$2:$M$46,Dati!$H$2:$H$46,$H18,Dati!$A$2:$A$46,$AF18),"-") -> - | CC18: =IF(AND($H18<>"",$AG18<>"",$H18<>$AG18,IFERROR(INDEX($J$14:$J$23,MATCH($H18,$H$14:$H$23,0)),-1)=IFERROR(INDEX($J$14:$J$23,MATCH($AG18,$H$14:$H$23,0)),-2)),SUMIFS(Dati!$F$2:$F$46,Dati!$A$2:$A$46,$H18,Dati!$H$2:$H$46,$AG18)+SUMIFS(Dati!$M$2:$M$46,Dati!$H$2:$H$46,$H18,Dati!$A$2:$A$46,$AG18),"-") -> - | CD18: =IF(AND($H18<>"",$AH18<>"",$H18<>$AH18,IFERROR(INDEX($J$14:$J$23,MATCH($H18,$H$14:$H$23,0)),-1)=IFERROR(INDEX($J$14:$J$23,MATCH($AH18,$H$14:$H$23,0)),-2)),SUMIFS(Dati!$F$2:$F$46,Dati!$A$2:$A$46,$H18,Dati!$H$2:$H$46,$AH18)+SUMIFS(Dati!$M$2:$M$46,Dati!$H$2:$H$46,$H18,Dati!$A$2:$A$46,$AH18),"-") -> 40 | CF18: =IF($C18="","",SUM(AK18:AT18)) -> 1
B19: A06 | C19: Falchi Feroci-Falchiopoli FA | E19: A | G19: =IF($C19="","",$E19&(COUNTIFS(I$14:I$23,">"&I19,E$14:E$23,"="&E19,C$14:C$23,"<>")+COUNTIFS(I$14:I$23,"="&I19,H$14:H$23,"<="&H19,E$14:E$23,"="&E19,C$14:C$23,"<>"))) -> A4 | H19: =IF($C19="","",IFERROR(LEFT($C19,FIND("-",$C19)-1),$C19)) -> Falchi Feroci | I19: =TEXT(1000000000+J19,"|0000000000|")&TEXT(SUM(AK19:AT19),"0000000000|")&IF(SUM(BU19:CD19)=0,"0000000000|",TEXT(ROUND(SUM(BI19:BR19)/SUM(BU19:CD19),4)*100000,"0000000000|"))&IF(P19=0,"0000000000|",TEXT(ROUND(O19/P19,4)*100000,"0000000000|")) -> |1000000021|0000000001|0000086360|0000105940| | J19: =L19*Campionato!$D$7+M19*Campionato!$D$8+N19*Campionato!$D$9+IF(D19="",0,D19) -> 21 | K19: =SUM(L19:N19) -> 9 | L19: =IF($H19="",0,SUMIF(Dati!$A$2:$A$46,$H19,Dati!$B$2:$B$46)+SUMIF(Dati!$H$2:$H$46,$H19,Dati!$I$2:$I$46)) -> 6 | M19: =IF($H19="",0,SUMIF(Dati!$A$2:$A$46,$H19,Dati!$D$2:$D$46)+SUMIF(Dati!$H$2:$H$46,$H19,Dati!$K$2:$K$46)) -> 3 | N19: =IF($H19="",0,SUMIF(Dati!$A$2:$A$46,$H19,Dati!$C$2:$C$46)+SUMIF(Dati!$H$2:$H$46,$H19,Dati!$J$2:$J$46)) -> 0 | O19: =IF($H19="",0,SUMIF(Dati!$A$2:$A$46,$H19,Dati!$E$2:$E$46)+SUMIF(Dati!$H$2:$H$46,$H19,Dati!$L$2:$L$46)) -> 499 | P19: =IF($H19="",0,SUMIF(Dati!$A$2:$A$46,$H19,Dati!$F$2:$F$46)+SUMIF(Dati!$H$2:$H$46,$H19,Dati!$M$2:$M$46)) -> 471 | Q19: =IF($H19="",0,SUMIF(Dati!$A$2:$A$46,$H19,Dati!$G$2:$G$46)+SUMIF(Dati!$H$2:$H$46,$H19,Dati!$N$2:$N$46)) -> 28 | R19: =IF(K19=0,0,ROUND(O19/K19,2)) -> 55.44 | S19: =IF(K19=0,0,ROUND(P19/K19,2)) -> 52.33 | T19: =IF(K19=0,0,ROUND(Q19/K19,2)) -> 3.11 | U19: =IF(COUNTIFS($E$14:$E$23,$E19,$J$14:$J$23,$J19,$C$14:$C$23,"<>")<=1,"-",SUM(AK19:AT19)&"-"&SUM(AW19:BF19)) -> 1-1 | V19: =IF(COUNTIFS($E$14:$E$23,$E19,$J$14:$J$23,$J19,$C$14:$C$23,"<>",$CF$14:$CF$23,$CF19)<=1,"-",IF(SUM(BU19:CD19)=0,0,ROUND(SUM(BI19:BR19)/SUM(BU19:CD19),3))) -> 0.864 | W19: =IF(COUNTIFS($E$14:$E$23,$E19,$J$14:$J$23,$J19,$C$14:$C$23,"<>",$CF$14:$CF$23,$CF19,$V$14:$V$23,$V19)<=1,"-",IF(P19=0,0,ROUND(O19/P19,3))) -> - | X19: =IF($C19="","",$E19&"#"&COUNTIFS($E$14:$E19,$E19,$C$14:$C19,"<>")) -> A#6 | Y19: =IFERROR(INDEX($H$14:$H$23,MATCH($E19&"#1",$X$14:$X$23,0)),"") -> Anaconde Audaci | Z19: =IFERROR(INDEX($H$14:$H$23,MATCH($E19&"#2",$X$14:$X$23,0)),"") -> Bufali Belligeranti | AA19: =IFERROR(INDEX($H$14:$H$23,MATCH($E19&"#3",$X$14:$X$23,0)),"") -> Cobra Celeri | AB19: =IFERROR(INDEX($H$14:$H$23,MATCH($E19&"#4",$X$14:$X$23,0)),"") -> Dingo Docili | AC19: =IFERROR(INDEX($H$14:$H$23,MATCH($E19&"#5",$X$14:$X$23,0)),"") -> Ermellini Eleganti | AD19: =IFERROR(INDEX($H$14:$H$23,MATCH($E19&"#6",$X$14:$X$23,0)),"") -> Falchi Feroci | AE19: =IFERROR(INDEX($H$14:$H$23,MATCH($E19&"#7",$X$14:$X$23,0)),"") -> Gazzelle Gentili | AF19: =IFERROR(INDEX($H$14:$H$23,MATCH($E19&"#8",$X$14:$X$23,0)),"") -> Ibis Instancabili | AG19: =IFERROR(INDEX($H$14:$H$23,MATCH($E19&"#9",$X$14:$X$23,0)),"") -> Lupi Leali | AH19: =IFERROR(INDEX($H$14:$H$23,MATCH($E19&"#10",$X$14:$X$23,0)),"") -> Marmotte Mobili | AJ19: =$C19 -> Falchi Feroci-Falchiopoli FA | AK19: =IF(AND($H19<>"",$Y19<>"",$H19<>$Y19,IFERROR(INDEX($J$14:$J$23,MATCH($H19,$H$14:$H$23,0)),-1)=IFERROR(INDEX($J$14:$J$23,MATCH($Y19,$H$14:$H$23,0)),-2)),SUMIFS(Dati!$B$2:$B$46,Dati!$A$2:$A$46,$H19,Dati!$H$2:$H$46,$Y19)+SUMIFS(Dati!$I$2:$I$46,Dati!$H$2:$H$46,$H19,Dati!$A$2:$A$46,$Y19),"-") -> 0 | AL19: =IF(AND($H19<>"",$Z19<>"",$H19<>$Z19,IFERROR(INDEX($J$14:$J$23,MATCH($H19,$H$14:$H$23,0)),-1)=IFERROR(INDEX($J$14:$J$23,MATCH($Z19,$H$14:$H$23,0)),-2)),SUMIFS(Dati!$B$2:$B$46,Dati!$A$2:$A$46,$H19,Dati!$H$2:$H$46,$Z19)+SUMIFS(Dati!$I$2:$I$46,Dati!$H$2:$H$46,$H19,Dati!$A$2:$A$46,$Z19),"-") -> - | AM19: =IF(AND($H19<>"",$AA19<>"",$H19<>$AA19,IFERROR(INDEX($J$14:$J$23,MATCH($H19,$H$14:$H$23,0)),-1)=IFERROR(INDEX($J$14:$J$23,MATCH($AA19,$H$14:$H$23,0)),-2)),SUMIFS(Dati!$B$2:$B$46,Dati!$A$2:$A$46,$H19,Dati!$H$2:$H$46,$AA19)+SUMIFS(Dati!$I$2:$I$46,Dati!$H$2:$H$46,$H19,Dati!$A$2:$A$46,$AA19),"-") -> - | AN19: =IF(AND($H19<>"",$AB19<>"",$H19<>$AB19,IFERROR(INDEX($J$14:$J$23,MATCH($H19,$H$14:$H$23,0)),-1)=IFERROR(INDEX($J$14:$J$23,MATCH($AB19,$H$14:$H$23,0)),-2)),SUMIFS(Dati!$B$2:$B$46,Dati!$A$2:$A$46,$H19,Dati!$H$2:$H$46,$AB19)+SUMIFS(Dati!$I$2:$I$46,Dati!$H$2:$H$46,$H19,Dati!$A$2:$A$46,$AB19),"-") -> - | AO19: =IF(AND($H19<>"",$AC19<>"",$H19<>$AC19,IFERROR(INDEX($J$14:$J$23,MATCH($H19,$H$14:$H$23,0)),-1)=IFERROR(INDEX($J$14:$J$23,MATCH($AC19,$H$14:$H$23,0)),-2)),SUMIFS(Dati!$B$2:$B$46,Dati!$A$2:$A$46,$H19,Dati!$H$2:$H$46,$AC19)+SUMIFS(Dati!$I$2:$I$46,Dati!$H$2:$H$46,$H19,Dati!$A$2:$A$46,$AC19),"-") -> - | AP19: =IF(AND($H19<>"",$AD19<>"",$H19<>$AD19,IFERROR(INDEX($J$14:$J$23,MATCH($H19,$H$14:$H$23,0)),-1)=IFERROR(INDEX($J$14:$J$23,MATCH($AD19,$H$14:$H$23,0)),-2)),SUMIFS(Dati!$B$2:$B$46,Dati!$A$2:$A$46,$H19,Dati!$H$2:$H$46,$AD19)+SUMIFS(Dati!$I$2:$I$46,Dati!$H$2:$H$46,$H19,Dati!$A$2:$A$46,$AD19),"-") -> - | AQ19: =IF(AND($H19<>"",$AE19<>"",$H19<>$AE19,IFERROR(INDEX($J$14:$J$23,MATCH($H19,$H$14:$H$23,0)),-1)=IFERROR(INDEX($J$14:$J$23,MATCH($AE19,$H$14:$H$23,0)),-2)),SUMIFS(Dati!$B$2:$B$46,Dati!$A$2:$A$46,$H19,Dati!$H$2:$H$46,$AE19)+SUMIFS(Dati!$I$2:$I$46,Dati!$H$2:$H$46,$H19,Dati!$A$2:$A$46,$AE19),"-") -> - | AR19: =IF(AND($H19<>"",$AF19<>"",$H19<>$AF19,IFERROR(INDEX($J$14:$J$23,MATCH($H19,$H$14:$H$23,0)),-1)=IFERROR(INDEX($J$14:$J$23,MATCH($AF19,$H$14:$H$23,0)),-2)),SUMIFS(Dati!$B$2:$B$46,Dati!$A$2:$A$46,$H19,Dati!$H$2:$H$46,$AF19)+SUMIFS(Dati!$I$2:$I$46,Dati!$H$2:$H$46,$H19,Dati!$A$2:$A$46,$AF19),"-") -> - | AS19: =IF(AND($H19<>"",$AG19<>"",$H19<>$AG19,IFERROR(INDEX($J$14:$J$23,MATCH($H19,$H$14:$H$23,0)),-1)=IFERROR(INDEX($J$14:$J$23,MATCH($AG19,$H$14:$H$23,0)),-2)),SUMIFS(Dati!$B$2:$B$46,Dati!$A$2:$A$46,$H19,Dati!$H$2:$H$46,$AG19)+SUMIFS(Dati!$I$2:$I$46,Dati!$H$2:$H$46,$H19,Dati!$A$2:$A$46,$AG19),"-") -> 1 | AT19: =IF(AND($H19<>"",$AH19<>"",$H19<>$AH19,IFERROR(INDEX($J$14:$J$23,MATCH($H19,$H$14:$H$23,0)),-1)=IFERROR(INDEX($J$14:$J$23,MATCH($AH19,$H$14:$H$23,0)),-2)),SUMIFS(Dati!$B$2:$B$46,Dati!$A$2:$A$46,$H19,Dati!$H$2:$H$46,$AH19)+SUMIFS(Dati!$I$2:$I$46,Dati!$H$2:$H$46,$H19,Dati!$A$2:$A$46,$AH19),"-") -> - | AV19: =$C19 -> Falchi Feroci-Falchiopoli FA | AW19: =IF(AND($H19<>"",$Y19<>"",$H19<>$Y19,IFERROR(INDEX($J$14:$J$23,MATCH($H19,$H$14:$H$23,0)),-1)=IFERROR(INDEX($J$14:$J$23,MATCH($Y19,$H$14:$H$23,0)),-2)),SUMIFS(Dati!$D$2:$D$46,Dati!$A$2:$A$46,$H19,Dati!$H$2:$H$46,$Y19)+SUMIFS(Dati!$K$2:$K$46,Dati!$H$2:$H$46,$H19,Dati!$A$2:$A$46,$Y19)+SUMIFS(Dati!$C$2:$C$46,Dati!$A$2:$A$46,$H19,Dati!$H$2:$H$46,$Y19)+SUMIFS(Dati!$J$2:$J$46,Dati!$H$2:$H$46,$H19,Dati!$A$2:$A$46,$Y19),"-") -> 1 | AX19: =IF(AND($H19<>"",$Z19<>"",$H19<>$Z19,IFERROR(INDEX($J$14:$J$23,MATCH($H19,$H$14:$H$23,0)),-1)=IFERROR(INDEX($J$14:$J$23,MATCH($Z19,$H$14:$H$23,0)),-2)),SUMIFS(Dati!$D$2:$D$46,Dati!$A$2:$A$46,$H19,Dati!$H$2:$H$46,$Z19)+SUMIFS(Dati!$K$2:$K$46,Dati!$H$2:$H$46,$H19,Dati!$A$2:$A$46,$Z19)+SUMIFS(Dati!$C$2:$C$46,Dati!$A$2:$A$46,$H19,Dati!$H$2:$H$46,$Z19)+SUMIFS(Dati!$J$2:$J$46,Dati!$H$2:$H$46,$H19,Dati!$A$2:$A$46,$Z19),"-") -> - | AY19: =IF(AND($H19<>"",$AA19<>"",$H19<>$AA19,IFERROR(INDEX($J$14:$J$23,MATCH($H19,$H$14:$H$23,0)),-1)=IFERROR(INDEX($J$14:$J$23,MATCH($AA19,$H$14:$H$23,0)),-2)),SUMIFS(Dati!$D$2:$D$46,Dati!$A$2:$A$46,$H19,Dati!$H$2:$H$46,$AA19)+SUMIFS(Dati!$K$2:$K$46,Dati!$H$2:$H$46,$H19,Dati!$A$2:$A$46,$AA19)+SUMIFS(Dati!$C$2:$C$46,Dati!$A$2:$A$46,$H19,Dati!$H$2:$H$46,$AA19)+SUMIFS(Dati!$J$2:$J$46,Dati!$H$2:$H$46,$H19,Dati!$A$2:$A$46,$AA19),"-") -> - | AZ19: =IF(AND($H19<>"",$AB19<>"",$H19<>$AB19,IFERROR(INDEX($J$14:$J$23,MATCH($H19,$H$14:$H$23,0)),-1)=IFERROR(INDEX($J$14:$J$23,MATCH($AB19,$H$14:$H$23,0)),-2)),SUMIFS(Dati!$D$2:$D$46,Dati!$A$2:$A$46,$H19,Dati!$H$2:$H$46,$AB19)+SUMIFS(Dati!$K$2:$K$46,Dati!$H$2:$H$46,$H19,Dati!$A$2:$A$46,$AB19)+SUMIFS(Dati!$C$2:$C$46,Dati!$A$2:$A$46,$H19,Dati!$H$2:$H$46,$AB19)+SUMIFS(Dati!$J$2:$J$46,Dati!$H$2:$H$46,$H19,Dati!$A$2:$A$46,$AB19),"-") -> - | BA19: =IF(AND($H19<>"",$AC19<>"",$H19<>$AC19,IFERROR(INDEX($J$14:$J$23,MATCH($H19,$H$14:$H$23,0)),-1)=IFERROR(INDEX($J$14:$J$23,MATCH($AC19,$H$14:$H$23,0)),-2)),SUMIFS(Dati!$D$2:$D$46,Dati!$A$2:$A$46,$H19,Dati!$H$2:$H$46,$AC19)+SUMIFS(Dati!$K$2:$K$46,Dati!$H$2:$H$46,$H19,Dati!$A$2:$A$46,$AC19)+SUMIFS(Dati!$C$2:$C$46,Dati!$A$2:$A$46,$H19,Dati!$H$2:$H$46,$AC19)+SUMIFS(Dati!$J$2:$J$46,Dati!$H$2:$H$46,$H19,Dati!$A$2:$A$46,$AC19),"-") -> - | BB19: =IF(AND($H19<>"",$AD19<>"",$H19<>$AD19,IFERROR(INDEX($J$14:$J$23,MATCH($H19,$H$14:$H$23,0)),-1)=IFERROR(INDEX($J$14:$J$23,MATCH($AD19,$H$14:$H$23,0)),-2)),SUMIFS(Dati!$D$2:$D$46,Dati!$A$2:$A$46,$H19,Dati!$H$2:$H$46,$AD19)+SUMIFS(Dati!$K$2:$K$46,Dati!$H$2:$H$46,$H19,Dati!$A$2:$A$46,$AD19)+SUMIFS(Dati!$C$2:$C$46,Dati!$A$2:$A$46,$H19,Dati!$H$2:$H$46,$AD19)+SUMIFS(Dati!$J$2:$J$46,Dati!$H$2:$H$46,$H19,Dati!$A$2:$A$46,$AD19),"-") -> - | BC19: =IF(AND($H19<>"",$AE19<>"",$H19<>$AE19,IFERROR(INDEX($J$14:$J$23,MATCH($H19,$H$14:$H$23,0)),-1)=IFERROR(INDEX($J$14:$J$23,MATCH($AE19,$H$14:$H$23,0)),-2)),SUMIFS(Dati!$D$2:$D$46,Dati!$A$2:$A$46,$H19,Dati!$H$2:$H$46,$AE19)+SUMIFS(Dati!$K$2:$K$46,Dati!$H$2:$H$46,$H19,Dati!$A$2:$A$46,$AE19)+SUMIFS(Dati!$C$2:$C$46,Dati!$A$2:$A$46,$H19,Dati!$H$2:$H$46,$AE19)+SUMIFS(Dati!$J$2:$J$46,Dati!$H$2:$H$46,$H19,Dati!$A$2:$A$46,$AE19),"-") -> - | BD19: =IF(AND($H19<>"",$AF19<>"",$H19<>$AF19,IFERROR(INDEX($J$14:$J$23,MATCH($H19,$H$14:$H$23,0)),-1)=IFERROR(INDEX($J$14:$J$23,MATCH($AF19,$H$14:$H$23,0)),-2)),SUMIFS(Dati!$D$2:$D$46,Dati!$A$2:$A$46,$H19,Dati!$H$2:$H$46,$AF19)+SUMIFS(Dati!$K$2:$K$46,Dati!$H$2:$H$46,$H19,Dati!$A$2:$A$46,$AF19)+SUMIFS(Dati!$C$2:$C$46,Dati!$A$2:$A$46,$H19,Dati!$H$2:$H$46,$AF19)+SUMIFS(Dati!$J$2:$J$46,Dati!$H$2:$H$46,$H19,Dati!$A$2:$A$46,$AF19),"-") -> - | BE19: =IF(AND($H19<>"",$AG19<>"",$H19<>$AG19,IFERROR(INDEX($J$14:$J$23,MATCH($H19,$H$14:$H$23,0)),-1)=IFERROR(INDEX($J$14:$J$23,MATCH($AG19,$H$14:$H$23,0)),-2)),SUMIFS(Dati!$D$2:$D$46,Dati!$A$2:$A$46,$H19,Dati!$H$2:$H$46,$AG19)+SUMIFS(Dati!$K$2:$K$46,Dati!$H$2:$H$46,$H19,Dati!$A$2:$A$46,$AG19)+SUMIFS(Dati!$C$2:$C$46,Dati!$A$2:$A$46,$H19,Dati!$H$2:$H$46,$AG19)+SUMIFS(Dati!$J$2:$J$46,Dati!$H$2:$H$46,$H19,Dati!$A$2:$A$46,$AG19),"-") -> 0 | BF19: =IF(AND($H19<>"",$AH19<>"",$H19<>$AH19,IFERROR(INDEX($J$14:$J$23,MATCH($H19,$H$14:$H$23,0)),-1)=IFERROR(INDEX($J$14:$J$23,MATCH($AH19,$H$14:$H$23,0)),-2)),SUMIFS(Dati!$D$2:$D$46,Dati!$A$2:$A$46,$H19,Dati!$H$2:$H$46,$AH19)+SUMIFS(Dati!$K$2:$K$46,Dati!$H$2:$H$46,$H19,Dati!$A$2:$A$46,$AH19)+SUMIFS(Dati!$C$2:$C$46,Dati!$A$2:$A$46,$H19,Dati!$H$2:$H$46,$AH19)+SUMIFS(Dati!$J$2:$J$46,Dati!$H$2:$H$46,$H19,Dati!$A$2:$A$46,$AH19),"-") -> - | BH19: =$C19 -> Falchi Feroci-Falchiopoli FA | BI19: =IF(AND($H19<>"",$Y19<>"",$H19<>$Y19,IFERROR(INDEX($J$14:$J$23,MATCH($H19,$H$14:$H$23,0)),-1)=IFERROR(INDEX($J$14:$J$23,MATCH($Y19,$H$14:$H$23,0)),-2)),SUMIFS(Dati!$E$2:$E$46,Dati!$A$2:$A$46,$H19,Dati!$H$2:$H$46,$Y19)+SUMIFS(Dati!$L$2:$L$46,Dati!$H$2:$H$46,$H19,Dati!$A$2:$A$46,$Y19),"-") -> 40 | BJ19: =IF(AND($H19<>"",$Z19<>"",$H19<>$Z19,IFERROR(INDEX($J$14:$J$23,MATCH($H19,$H$14:$H$23,0)),-1)=IFERROR(INDEX($J$14:$J$23,MATCH($Z19,$H$14:$H$23,0)),-2)),SUMIFS(Dati!$E$2:$E$46,Dati!$A$2:$A$46,$H19,Dati!$H$2:$H$46,$Z19)+SUMIFS(Dati!$L$2:$L$46,Dati!$H$2:$H$46,$H19,Dati!$A$2:$A$46,$Z19),"-") -> - | BK19: =IF(AND($H19<>"",$AA19<>"",$H19<>$AA19,IFERROR(INDEX($J$14:$J$23,MATCH($H19,$H$14:$H$23,0)),-1)=IFERROR(INDEX($J$14:$J$23,MATCH($AA19,$H$14:$H$23,0)),-2)),SUMIFS(Dati!$E$2:$E$46,Dati!$A$2:$A$46,$H19,Dati!$H$2:$H$46,$AA19)+SUMIFS(Dati!$L$2:$L$46,Dati!$H$2:$H$46,$H19,Dati!$A$2:$A$46,$AA19),"-") -> - | BL19: =IF(AND($H19<>"",$AB19<>"",$H19<>$AB19,IFERROR(INDEX($J$14:$J$23,MATCH($H19,$H$14:$H$23,0)),-1)=IFERROR(INDEX($J$14:$J$23,MATCH($AB19,$H$14:$H$23,0)),-2)),SUMIFS(Dati!$E$2:$E$46,Dati!$A$2:$A$46,$H19,Dati!$H$2:$H$46,$AB19)+SUMIFS(Dati!$L$2:$L$46,Dati!$H$2:$H$46,$H19,Dati!$A$2:$A$46,$AB19),"-") -> - | BM19: =IF(AND($H19<>"",$AC19<>"",$H19<>$AC19,IFERROR(INDEX($J$14:$J$23,MATCH($H19,$H$14:$H$23,0)),-1)=IFERROR(INDEX($J$14:$J$23,MATCH($AC19,$H$14:$H$23,0)),-2)),SUMIFS(Dati!$E$2:$E$46,Dati!$A$2:$A$46,$H19,Dati!$H$2:$H$46,$AC19)+SUMIFS(Dati!$L$2:$L$46,Dati!$H$2:$H$46,$H19,Dati!$A$2:$A$46,$AC19),"-") -> - | BN19: =IF(AND($H19<>"",$AD19<>"",$H19<>$AD19,IFERROR(INDEX($J$14:$J$23,MATCH($H19,$H$14:$H$23,0)),-1)=IFERROR(INDEX($J$14:$J$23,MATCH($AD19,$H$14:$H$23,0)),-2)),SUMIFS(Dati!$E$2:$E$46,Dati!$A$2:$A$46,$H19,Dati!$H$2:$H$46,$AD19)+SUMIFS(Dati!$L$2:$L$46,Dati!$H$2:$H$46,$H19,Dati!$A$2:$A$46,$AD19),"-") -> - | BO19: =IF(AND($H19<>"",$AE19<>"",$H19<>$AE19,IFERROR(INDEX($J$14:$J$23,MATCH($H19,$H$14:$H$23,0)),-1)=IFERROR(INDEX($J$14:$J$23,MATCH($AE19,$H$14:$H$23,0)),-2)),SUMIFS(Dati!$E$2:$E$46,Dati!$A$2:$A$46,$H19,Dati!$H$2:$H$46,$AE19)+SUMIFS(Dati!$L$2:$L$46,Dati!$H$2:$H$46,$H19,Dati!$A$2:$A$46,$AE19),"-") -> - | BP19: =IF(AND($H19<>"",$AF19<>"",$H19<>$AF19,IFERROR(INDEX($J$14:$J$23,MATCH($H19,$H$14:$H$23,0)),-1)=IFERROR(INDEX($J$14:$J$23,MATCH($AF19,$H$14:$H$23,0)),-2)),SUMIFS(Dati!$E$2:$E$46,Dati!$A$2:$A$46,$H19,Dati!$H$2:$H$46,$AF19)+SUMIFS(Dati!$L$2:$L$46,Dati!$H$2:$H$46,$H19,Dati!$A$2:$A$46,$AF19),"-") -> - | BQ19: =IF(AND($H19<>"",$AG19<>"",$H19<>$AG19,IFERROR(INDEX($J$14:$J$23,MATCH($H19,$H$14:$H$23,0)),-1)=IFERROR(INDEX($J$14:$J$23,MATCH($AG19,$H$14:$H$23,0)),-2)),SUMIFS(Dati!$E$2:$E$46,Dati!$A$2:$A$46,$H19,Dati!$H$2:$H$46,$AG19)+SUMIFS(Dati!$L$2:$L$46,Dati!$H$2:$H$46,$H19,Dati!$A$2:$A$46,$AG19),"-") -> 55 | BR19: =IF(AND($H19<>"",$AH19<>"",$H19<>$AH19,IFERROR(INDEX($J$14:$J$23,MATCH($H19,$H$14:$H$23,0)),-1)=IFERROR(INDEX($J$14:$J$23,MATCH($AH19,$H$14:$H$23,0)),-2)),SUMIFS(Dati!$E$2:$E$46,Dati!$A$2:$A$46,$H19,Dati!$H$2:$H$46,$AH19)+SUMIFS(Dati!$L$2:$L$46,Dati!$H$2:$H$46,$H19,Dati!$A$2:$A$46,$AH19),"-") -> - | BT19: =$C19 -> Falchi Feroci-Falchiopoli FA | BU19: =IF(AND($H19<>"",$Y19<>"",$H19<>$Y19,IFERROR(INDEX($J$14:$J$23,MATCH($H19,$H$14:$H$23,0)),-1)=IFERROR(INDEX($J$14:$J$23,MATCH($Y19,$H$14:$H$23,0)),-2)),SUMIFS(Dati!$F$2:$F$46,Dati!$A$2:$A$46,$H19,Dati!$H$2:$H$46,$Y19)+SUMIFS(Dati!$M$2:$M$46,Dati!$H$2:$H$46,$H19,Dati!$A$2:$A$46,$Y19),"-") -> 60 | BV19: =IF(AND($H19<>"",$Z19<>"",$H19<>$Z19,IFERROR(INDEX($J$14:$J$23,MATCH($H19,$H$14:$H$23,0)),-1)=IFERROR(INDEX($J$14:$J$23,MATCH($Z19,$H$14:$H$23,0)),-2)),SUMIFS(Dati!$F$2:$F$46,Dati!$A$2:$A$46,$H19,Dati!$H$2:$H$46,$Z19)+SUMIFS(Dati!$M$2:$M$46,Dati!$H$2:$H$46,$H19,Dati!$A$2:$A$46,$Z19),"-") -> - | BW19: =IF(AND($H19<>"",$AA19<>"",$H19<>$AA19,IFERROR(INDEX($J$14:$J$23,MATCH($H19,$H$14:$H$23,0)),-1)=IFERROR(INDEX($J$14:$J$23,MATCH($AA19,$H$14:$H$23,0)),-2)),SUMIFS(Dati!$F$2:$F$46,Dati!$A$2:$A$46,$H19,Dati!$H$2:$H$46,$AA19)+SUMIFS(Dati!$M$2:$M$46,Dati!$H$2:$H$46,$H19,Dati!$A$2:$A$46,$AA19),"-") -> - | BX19: =IF(AND($H19<>"",$AB19<>"",$H19<>$AB19,IFERROR(INDEX($J$14:$J$23,MATCH($H19,$H$14:$H$23,0)),-1)=IFERROR(INDEX($J$14:$J$23,MATCH($AB19,$H$14:$H$23,0)),-2)),SUMIFS(Dati!$F$2:$F$46,Dati!$A$2:$A$46,$H19,Dati!$H$2:$H$46,$AB19)+SUMIFS(Dati!$M$2:$M$46,Dati!$H$2:$H$46,$H19,Dati!$A$2:$A$46,$AB19),"-") -> - | BY19: =IF(AND($H19<>"",$AC19<>"",$H19<>$AC19,IFERROR(INDEX($J$14:$J$23,MATCH($H19,$H$14:$H$23,0)),-1)=IFERROR(INDEX($J$14:$J$23,MATCH($AC19,$H$14:$H$23,0)),-2)),SUMIFS(Dati!$F$2:$F$46,Dati!$A$2:$A$46,$H19,Dati!$H$2:$H$46,$AC19)+SUMIFS(Dati!$M$2:$M$46,Dati!$H$2:$H$46,$H19,Dati!$A$2:$A$46,$AC19),"-") -> - | BZ19: =IF(AND($H19<>"",$AD19<>"",$H19<>$AD19,IFERROR(INDEX($J$14:$J$23,MATCH($H19,$H$14:$H$23,0)),-1)=IFERROR(INDEX($J$14:$J$23,MATCH($AD19,$H$14:$H$23,0)),-2)),SUMIFS(Dati!$F$2:$F$46,Dati!$A$2:$A$46,$H19,Dati!$H$2:$H$46,$AD19)+SUMIFS(Dati!$M$2:$M$46,Dati!$H$2:$H$46,$H19,Dati!$A$2:$A$46,$AD19),"-") -> - | CA19: =IF(AND($H19<>"",$AE19<>"",$H19<>$AE19,IFERROR(INDEX($J$14:$J$23,MATCH($H19,$H$14:$H$23,0)),-1)=IFERROR(INDEX($J$14:$J$23,MATCH($AE19,$H$14:$H$23,0)),-2)),SUMIFS(Dati!$F$2:$F$46,Dati!$A$2:$A$46,$H19,Dati!$H$2:$H$46,$AE19)+SUMIFS(Dati!$M$2:$M$46,Dati!$H$2:$H$46,$H19,Dati!$A$2:$A$46,$AE19),"-") -> - | CB19: =IF(AND($H19<>"",$AF19<>"",$H19<>$AF19,IFERROR(INDEX($J$14:$J$23,MATCH($H19,$H$14:$H$23,0)),-1)=IFERROR(INDEX($J$14:$J$23,MATCH($AF19,$H$14:$H$23,0)),-2)),SUMIFS(Dati!$F$2:$F$46,Dati!$A$2:$A$46,$H19,Dati!$H$2:$H$46,$AF19)+SUMIFS(Dati!$M$2:$M$46,Dati!$H$2:$H$46,$H19,Dati!$A$2:$A$46,$AF19),"-") -> - | CC19: =IF(AND($H19<>"",$AG19<>"",$H19<>$AG19,IFERROR(INDEX($J$14:$J$23,MATCH($H19,$H$14:$H$23,0)),-1)=IFERROR(INDEX($J$14:$J$23,MATCH($AG19,$H$14:$H$23,0)),-2)),SUMIFS(Dati!$F$2:$F$46,Dati!$A$2:$A$46,$H19,Dati!$H$2:$H$46,$AG19)+SUMIFS(Dati!$M$2:$M$46,Dati!$H$2:$H$46,$H19,Dati!$A$2:$A$46,$AG19),"-") -> 50 | CD19: =IF(AND($H19<>"",$AH19<>"",$H19<>$AH19,IFERROR(INDEX($J$14:$J$23,MATCH($H19,$H$14:$H$23,0)),-1)=IFERROR(INDEX($J$14:$J$23,MATCH($AH19,$H$14:$H$23,0)),-2)),SUMIFS(Dati!$F$2:$F$46,Dati!$A$2:$A$46,$H19,Dati!$H$2:$H$46,$AH19)+SUMIFS(Dati!$M$2:$M$46,Dati!$H$2:$H$46,$H19,Dati!$A$2:$A$46,$AH19),"-") -> - | CF19: =IF($C19="","",SUM(AK19:AT19)) -> 1
B20: A07 | C20: Gazzelle Gentili-Gazzelleopoli GE | E20: A | G20: =IF($C20="","",$E20&(COUNTIFS(I$14:I$23,">"&I20,E$14:E$23,"="&E20,C$14:C$23,"<>")+COUNTIFS(I$14:I$23,"="&I20,H$14:H$23,"<="&H20,E$14:E$23,"="&E20,C$14:C$23,"<>"))) -> A10 | H20: =IF($C20="","",IFERROR(LEFT($C20,FIND("-",$C20)-1),$C20)) -> Gazzelle Gentili | I20: =TEXT(1000000000+J20,"|0000000000|")&TEXT(SUM(AK20:AT20),"0000000000|")&IF(SUM(BU20:CD20)=0,"0000000000|",TEXT(ROUND(SUM(BI20:BR20)/SUM(BU20:CD20),4)*100000,"0000000000|"))&IF(P20=0,"0000000000|",TEXT(ROUND(O20/P20,4)*100000,"0000000000|")) -> |1000000009|0000000000|0000000000|0000076030| | J20: =L20*Campionato!$D$7+M20*Campionato!$D$8+N20*Campionato!$D$9+IF(D20="",0,D20) -> 9 | K20: =SUM(L20:N20) -> 9 | L20: =IF($H20="",0,SUMIF(Dati!$A$2:$A$46,$H20,Dati!$B$2:$B$46)+SUMIF(Dati!$H$2:$H$46,$H20,Dati!$I$2:$I$46)) -> 0 | M20: =IF($H20="",0,SUMIF(Dati!$A$2:$A$46,$H20,Dati!$D$2:$D$46)+SUMIF(Dati!$H$2:$H$46,$H20,Dati!$K$2:$K$46)) -> 9 | N20: =IF($H20="",0,SUMIF(Dati!$A$2:$A$46,$H20,Dati!$C$2:$C$46)+SUMIF(Dati!$H$2:$H$46,$H20,Dati!$J$2:$J$46)) -> 0 | O20: =IF($H20="",0,SUMIF(Dati!$A$2:$A$46,$H20,Dati!$E$2:$E$46)+SUMIF(Dati!$H$2:$H$46,$H20,Dati!$L$2:$L$46)) -> 425 | P20: =IF($H20="",0,SUMIF(Dati!$A$2:$A$46,$H20,Dati!$F$2:$F$46)+SUMIF(Dati!$H$2:$H$46,$H20,Dati!$M$2:$M$46)) -> 559 | Q20: =IF($H20="",0,SUMIF(Dati!$A$2:$A$46,$H20,Dati!$G$2:$G$46)+SUMIF(Dati!$H$2:$H$46,$H20,Dati!$N$2:$N$46)) -> -134 | R20: =IF(K20=0,0,ROUND(O20/K20,2)) -> 47.22 | S20: =IF(K20=0,0,ROUND(P20/K20,2)) -> 62.11 | T20: =IF(K20=0,0,ROUND(Q20/K20,2)) -> -14.89 | U20: =IF(COUNTIFS($E$14:$E$23,$E20,$J$14:$J$23,$J20,$C$14:$C$23,"<>")<=1,"-",SUM(AK20:AT20)&"-"&SUM(AW20:BF20)) -> - | V20: =IF(COUNTIFS($E$14:$E$23,$E20,$J$14:$J$23,$J20,$C$14:$C$23,"<>",$CF$14:$CF$23,$CF20)<=1,"-",IF(SUM(BU20:CD20)=0,0,ROUND(SUM(BI20:BR20)/SUM(BU20:CD20),3))) -> - | W20: =IF(COUNTIFS($E$14:$E$23,$E20,$J$14:$J$23,$J20,$C$14:$C$23,"<>",$CF$14:$CF$23,$CF20,$V$14:$V$23,$V20)<=1,"-",IF(P20=0,0,ROUND(O20/P20,3))) -> - | X20: =IF($C20="","",$E20&"#"&COUNTIFS($E$14:$E20,$E20,$C$14:$C20,"<>")) -> A#7 | Y20: =IFERROR(INDEX($H$14:$H$23,MATCH($E20&"#1",$X$14:$X$23,0)),"") -> Anaconde Audaci | Z20: =IFERROR(INDEX($H$14:$H$23,MATCH($E20&"#2",$X$14:$X$23,0)),"") -> Bufali Belligeranti | AA20: =IFERROR(INDEX($H$14:$H$23,MATCH($E20&"#3",$X$14:$X$23,0)),"") -> Cobra Celeri | AB20: =IFERROR(INDEX($H$14:$H$23,MATCH($E20&"#4",$X$14:$X$23,0)),"") -> Dingo Docili | AC20: =IFERROR(INDEX($H$14:$H$23,MATCH($E20&"#5",$X$14:$X$23,0)),"") -> Ermellini Eleganti | AD20: =IFERROR(INDEX($H$14:$H$23,MATCH($E20&"#6",$X$14:$X$23,0)),"") -> Falchi Feroci | AE20: =IFERROR(INDEX($H$14:$H$23,MATCH($E20&"#7",$X$14:$X$23,0)),"") -> Gazzelle Gentili | AF20: =IFERROR(INDEX($H$14:$H$23,MATCH($E20&"#8",$X$14:$X$23,0)),"") -> Ibis Instancabili | AG20: =IFERROR(INDEX($H$14:$H$23,MATCH($E20&"#9",$X$14:$X$23,0)),"") -> Lupi Leali | AH20: =IFERROR(INDEX($H$14:$H$23,MATCH($E20&"#10",$X$14:$X$23,0)),"") -> Marmotte Mobili | AJ20: =$C20 -> Gazzelle Gentili-Gazzelleopoli GE | AK20: =IF(AND($H20<>"",$Y20<>"",$H20<>$Y20,IFERROR(INDEX($J$14:$J$23,MATCH($H20,$H$14:$H$23,0)),-1)=IFERROR(INDEX($J$14:$J$23,MATCH($Y20,$H$14:$H$23,0)),-2)),SUMIFS(Dati!$B$2:$B$46,Dati!$A$2:$A$46,$H20,Dati!$H$2:$H$46,$Y20)+SUMIFS(Dati!$I$2:$I$46,Dati!$H$2:$H$46,$H20,Dati!$A$2:$A$46,$Y20),"-") -> - | AL20: =IF(AND($H20<>"",$Z20<>"",$H20<>$Z20,IFERROR(INDEX($J$14:$J$23,MATCH($H20,$H$14:$H$23,0)),-1)=IFERROR(INDEX($J$14:$J$23,MATCH($Z20,$H$14:$H$23,0)),-2)),SUMIFS(Dati!$B$2:$B$46,Dati!$A$2:$A$46,$H20,Dati!$H$2:$H$46,$Z20)+SUMIFS(Dati!$I$2:$I$46,Dati!$H$2:$H$46,$H20,Dati!$A$2:$A$46,$Z20),"-") -> - | AM20: =IF(AND($H20<>"",$AA20<>"",$H20<>$AA20,IFERROR(INDEX($J$14:$J$23,MATCH($H20,$H$14:$H$23,0)),-1)=IFERROR(INDEX($J$14:$J$23,MATCH($AA20,$H$14:$H$23,0)),-2)),SUMIFS(Dati!$B$2:$B$46,Dati!$A$2:$A$46,$H20,Dati!$H$2:$H$46,$AA20)+SUMIFS(Dati!$I$2:$I$46,Dati!$H$2:$H$46,$H20,Dati!$A$2:$A$46,$AA20),"-") -> - | AN20: =IF(AND($H20<>"",$AB20<>"",$H20<>$AB20,IFERROR(INDEX($J$14:$J$23,MATCH($H20,$H$14:$H$23,0)),-1)=IFERROR(INDEX($J$14:$J$23,MATCH($AB20,$H$14:$H$23,0)),-2)),SUMIFS(Dati!$B$2:$B$46,Dati!$A$2:$A$46,$H20,Dati!$H$2:$H$46,$AB20)+SUMIFS(Dati!$I$2:$I$46,Dati!$H$2:$H$46,$H20,Dati!$A$2:$A$46,$AB20),"-") -> - | AO20: =IF(AND($H20<>"",$AC20<>"",$H20<>$AC20,IFERROR(INDEX($J$14:$J$23,MATCH($H20,$H$14:$H$23,0)),-1)=IFERROR(INDEX($J$14:$J$23,MATCH($AC20,$H$14:$H$23,0)),-2)),SUMIFS(Dati!$B$2:$B$46,Dati!$A$2:$A$46,$H20,Dati!$H$2:$H$46,$AC20)+SUMIFS(Dati!$I$2:$I$46,Dati!$H$2:$H$46,$H20,Dati!$A$2:$A$46,$AC20),"-") -> - | AP20: =IF(AND($H20<>"",$AD20<>"",$H20<>$AD20,IFERROR(INDEX($J$14:$J$23,MATCH($H20,$H$14:$H$23,0)),-1)=IFERROR(INDEX($J$14:$J$23,MATCH($AD20,$H$14:$H$23,0)),-2)),SUMIFS(Dati!$B$2:$B$46,Dati!$A$2:$A$46,$H20,Dati!$H$2:$H$46,$AD20)+SUMIFS(Dati!$I$2:$I$46,Dati!$H$2:$H$46,$H20,Dati!$A$2:$A$46,$AD20),"-") -> - | AQ20: =IF(AND($H20<>"",$AE20<>"",$H20<>$AE20,IFERROR(INDEX($J$14:$J$23,MATCH($H20,$H$14:$H$23,0)),-1)=IFERROR(INDEX($J$14:$J$23,MATCH($AE20,$H$14:$H$23,0)),-2)),SUMIFS(Dati!$B$2:$B$46,Dati!$A$2:$A$46,$H20,Dati!$H$2:$H$46,$AE20)+SUMIFS(Dati!$I$2:$I$46,Dati!$H$2:$H$46,$H20,Dati!$A$2:$A$46,$AE20),"-") -> - | AR20: =IF(AND($H20<>"",$AF20<>"",$H20<>$AF20,IFERROR(INDEX($J$14:$J$23,MATCH($H20,$H$14:$H$23,0)),-1)=IFERROR(INDEX($J$14:$J$23,MATCH($AF20,$H$14:$H$23,0)),-2)),SUMIFS(Dati!$B$2:$B$46,Dati!$A$2:$A$46,$H20,Dati!$H$2:$H$46,$AF20)+SUMIFS(Dati!$I$2:$I$46,Dati!$H$2:$H$46,$H20,Dati!$A$2:$A$46,$AF20),"-") -> - | AS20: =IF(AND($H20<>"",$AG20<>"",$H20<>$AG20,IFERROR(INDEX($J$14:$J$23,MATCH($H20,$H$14:$H$23,0)),-1)=IFERROR(INDEX($J$14:$J$23,MATCH($AG20,$H$14:$H$23,0)),-2)),SUMIFS(Dati!$B$2:$B$46,Dati!$A$2:$A$46,$H20,Dati!$H$2:$H$46,$AG20)+SUMIFS(Dati!$I$2:$I$46,Dati!$H$2:$H$46,$H20,Dati!$A$2:$A$46,$AG20),"-") -> - | AT20: =IF(AND($H20<>"",$AH20<>"",$H20<>$AH20,IFERROR(INDEX($J$14:$J$23,MATCH($H20,$H$14:$H$23,0)),-1)=IFERROR(INDEX($J$14:$J$23,MATCH($AH20,$H$14:$H$23,0)),-2)),SUMIFS(Dati!$B$2:$B$46,Dati!$A$2:$A$46,$H20,Dati!$H$2:$H$46,$AH20)+SUMIFS(Dati!$I$2:$I$46,Dati!$H$2:$H$46,$H20,Dati!$A$2:$A$46,$AH20),"-") -> - | AV20: =$C20 -> Gazzelle Gentili-Gazzelleopoli GE | AW20: =IF(AND($H20<>"",$Y20<>"",$H20<>$Y20,IFERROR(INDEX($J$14:$J$23,MATCH($H20,$H$14:$H$23,0)),-1)=IFERROR(INDEX($J$14:$J$23,MATCH($Y20,$H$14:$H$23,0)),-2)),SUMIFS(Dati!$D$2:$D$46,Dati!$A$2:$A$46,$H20,Dati!$H$2:$H$46,$Y20)+SUMIFS(Dati!$K$2:$K$46,Dati!$H$2:$H$46,$H20,Dati!$A$2:$A$46,$Y20)+SUMIFS(Dati!$C$2:$C$46,Dati!$A$2:$A$46,$H20,Dati!$H$2:$H$46,$Y20)+SUMIFS(Dati!$J$2:$J$46,Dati!$H$2:$H$46,$H20,Dati!$A$2:$A$46,$Y20),"-") -> - | AX20: =IF(AND($H20<>"",$Z20<>"",$H20<>$Z20,IFERROR(INDEX($J$14:$J$23,MATCH($H20,$H$14:$H$23,0)),-1)=IFERROR(INDEX($J$14:$J$23,MATCH($Z20,$H$14:$H$23,0)),-2)),SUMIFS(Dati!$D$2:$D$46,Dati!$A$2:$A$46,$H20,Dati!$H$2:$H$46,$Z20)+SUMIFS(Dati!$K$2:$K$46,Dati!$H$2:$H$46,$H20,Dati!$A$2:$A$46,$Z20)+SUMIFS(Dati!$C$2:$C$46,Dati!$A$2:$A$46,$H20,Dati!$H$2:$H$46,$Z20)+SUMIFS(Dati!$J$2:$J$46,Dati!$H$2:$H$46,$H20,Dati!$A$2:$A$46,$Z20),"-") -> - | AY20: =IF(AND($H20<>"",$AA20<>"",$H20<>$AA20,IFERROR(INDEX($J$14:$J$23,MATCH($H20,$H$14:$H$23,0)),-1)=IFERROR(INDEX($J$14:$J$23,MATCH($AA20,$H$14:$H$23,0)),-2)),SUMIFS(Dati!$D$2:$D$46,Dati!$A$2:$A$46,$H20,Dati!$H$2:$H$46,$AA20)+SUMIFS(Dati!$K$2:$K$46,Dati!$H$2:$H$46,$H20,Dati!$A$2:$A$46,$AA20)+SUMIFS(Dati!$C$2:$C$46,Dati!$A$2:$A$46,$H20,Dati!$H$2:$H$46,$AA20)+SUMIFS(Dati!$J$2:$J$46,Dati!$H$2:$H$46,$H20,Dati!$A$2:$A$46,$AA20),"-") -> - | AZ20: =IF(AND($H20<>"",$AB20<>"",$H20<>$AB20,IFERROR(INDEX($J$14:$J$23,MATCH($H20,$H$14:$H$23,0)),-1)=IFERROR(INDEX($J$14:$J$23,MATCH($AB20,$H$14:$H$23,0)),-2)),SUMIFS(Dati!$D$2:$D$46,Dati!$A$2:$A$46,$H20,Dati!$H$2:$H$46,$AB20)+SUMIFS(Dati!$K$2:$K$46,Dati!$H$2:$H$46,$H20,Dati!$A$2:$A$46,$AB20)+SUMIFS(Dati!$C$2:$C$46,Dati!$A$2:$A$46,$H20,Dati!$H$2:$H$46,$AB20)+SUMIFS(Dati!$J$2:$J$46,Dati!$H$2:$H$46,$H20,Dati!$A$2:$A$46,$AB20),"-") -> - | BA20: =IF(AND($H20<>"",$AC20<>"",$H20<>$AC20,IFERROR(INDEX($J$14:$J$23,MATCH($H20,$H$14:$H$23,0)),-1)=IFERROR(INDEX($J$14:$J$23,MATCH($AC20,$H$14:$H$23,0)),-2)),SUMIFS(Dati!$D$2:$D$46,Dati!$A$2:$A$46,$H20,Dati!$H$2:$H$46,$AC20)+SUMIFS(Dati!$K$2:$K$46,Dati!$H$2:$H$46,$H20,Dati!$A$2:$A$46,$AC20)+SUMIFS(Dati!$C$2:$C$46,Dati!$A$2:$A$46,$H20,Dati!$H$2:$H$46,$AC20)+SUMIFS(Dati!$J$2:$J$46,Dati!$H$2:$H$46,$H20,Dati!$A$2:$A$46,$AC20),"-") -> - | BB20: =IF(AND($H20<>"",$AD20<>"",$H20<>$AD20,IFERROR(INDEX($J$14:$J$23,MATCH($H20,$H$14:$H$23,0)),-1)=IFERROR(INDEX($J$14:$J$23,MATCH($AD20,$H$14:$H$23,0)),-2)),SUMIFS(Dati!$D$2:$D$46,Dati!$A$2:$A$46,$H20,Dati!$H$2:$H$46,$AD20)+SUMIFS(Dati!$K$2:$K$46,Dati!$H$2:$H$46,$H20,Dati!$A$2:$A$46,$AD20)+SUMIFS(Dati!$C$2:$C$46,Dati!$A$2:$A$46,$H20,Dati!$H$2:$H$46,$AD20)+SUMIFS(Dati!$J$2:$J$46,Dati!$H$2:$H$46,$H20,Dati!$A$2:$A$46,$AD20),"-") -> - | BC20: =IF(AND($H20<>"",$AE20<>"",$H20<>$AE20,IFERROR(INDEX($J$14:$J$23,MATCH($H20,$H$14:$H$23,0)),-1)=IFERROR(INDEX($J$14:$J$23,MATCH($AE20,$H$14:$H$23,0)),-2)),SUMIFS(Dati!$D$2:$D$46,Dati!$A$2:$A$46,$H20,Dati!$H$2:$H$46,$AE20)+SUMIFS(Dati!$K$2:$K$46,Dati!$H$2:$H$46,$H20,Dati!$A$2:$A$46,$AE20)+SUMIFS(Dati!$C$2:$C$46,Dati!$A$2:$A$46,$H20,Dati!$H$2:$H$46,$AE20)+SUMIFS(Dati!$J$2:$J$46,Dati!$H$2:$H$46,$H20,Dati!$A$2:$A$46,$AE20),"-") -> - | BD20: =IF(AND($H20<>"",$AF20<>"",$H20<>$AF20,IFERROR(INDEX($J$14:$J$23,MATCH($H20,$H$14:$H$23,0)),-1)=IFERROR(INDEX($J$14:$J$23,MATCH($AF20,$H$14:$H$23,0)),-2)),SUMIFS(Dati!$D$2:$D$46,Dati!$A$2:$A$46,$H20,Dati!$H$2:$H$46,$AF20)+SUMIFS(Dati!$K$2:$K$46,Dati!$H$2:$H$46,$H20,Dati!$A$2:$A$46,$AF20)+SUMIFS(Dati!$C$2:$C$46,Dati!$A$2:$A$46,$H20,Dati!$H$2:$H$46,$AF20)+SUMIFS(Dati!$J$2:$J$46,Dati!$H$2:$H$46,$H20,Dati!$A$2:$A$46,$AF20),"-") -> - | BE20: =IF(AND($H20<>"",$AG20<>"",$H20<>$AG20,IFERROR(INDEX($J$14:$J$23,MATCH($H20,$H$14:$H$23,0)),-1)=IFERROR(INDEX($J$14:$J$23,MATCH($AG20,$H$14:$H$23,0)),-2)),SUMIFS(Dati!$D$2:$D$46,Dati!$A$2:$A$46,$H20,Dati!$H$2:$H$46,$AG20)+SUMIFS(Dati!$K$2:$K$46,Dati!$H$2:$H$46,$H20,Dati!$A$2:$A$46,$AG20)+SUMIFS(Dati!$C$2:$C$46,Dati!$A$2:$A$46,$H20,Dati!$H$2:$H$46,$AG20)+SUMIFS(Dati!$J$2:$J$46,Dati!$H$2:$H$46,$H20,Dati!$A$2:$A$46,$AG20),"-") -> - | BF20: =IF(AND($H20<>"",$AH20<>"",$H20<>$AH20,IFERROR(INDEX($J$14:$J$23,MATCH($H20,$H$14:$H$23,0)),-1)=IFERROR(INDEX($J$14:$J$23,MATCH($AH20,$H$14:$H$23,0)),-2)),SUMIFS(Dati!$D$2:$D$46,Dati!$A$2:$A$46,$H20,Dati!$H$2:$H$46,$AH20)+SUMIFS(Dati!$K$2:$K$46,Dati!$H$2:$H$46,$H20,Dati!$A$2:$A$46,$AH20)+SUMIFS(Dati!$C$2:$C$46,Dati!$A$2:$A$46,$H20,Dati!$H$2:$H$46,$AH20)+SUMIFS(Dati!$J$2:$J$46,Dati!$H$2:$H$46,$H20,Dati!$A$2:$A$46,$AH20),"-") -> - | BH20: =$C20 -> Gazzelle Gentili-Gazzelleopoli GE | BI20: =IF(AND($H20<>"",$Y20<>"",$H20<>$Y20,IFERROR(INDEX($J$14:$J$23,MATCH($H20,$H$14:$H$23,0)),-1)=IFERROR(INDEX($J$14:$J$23,MATCH($Y20,$H$14:$H$23,0)),-2)),SUMIFS(Dati!$E$2:$E$46,Dati!$A$2:$A$46,$H20,Dati!$H$2:$H$46,$Y20)+SUMIFS(Dati!$L$2:$L$46,Dati!$H$2:$H$46,$H20,Dati!$A$2:$A$46,$Y20),"-") -> - | BJ20: =IF(AND($H20<>"",$Z20<>"",$H20<>$Z20,IFERROR(INDEX($J$14:$J$23,MATCH($H20,$H$14:$H$23,0)),-1)=IFERROR(INDEX($J$14:$J$23,MATCH($Z20,$H$14:$H$23,0)),-2)),SUMIFS(Dati!$E$2:$E$46,Dati!$A$2:$A$46,$H20,Dati!$H$2:$H$46,$Z20)+SUMIFS(Dati!$L$2:$L$46,Dati!$H$2:$H$46,$H20,Dati!$A$2:$A$46,$Z20),"-") -> - | BK20: =IF(AND($H20<>"",$AA20<>"",$H20<>$AA20,IFERROR(INDEX($J$14:$J$23,MATCH($H20,$H$14:$H$23,0)),-1)=IFERROR(INDEX($J$14:$J$23,MATCH($AA20,$H$14:$H$23,0)),-2)),SUMIFS(Dati!$E$2:$E$46,Dati!$A$2:$A$46,$H20,Dati!$H$2:$H$46,$AA20)+SUMIFS(Dati!$L$2:$L$46,Dati!$H$2:$H$46,$H20,Dati!$A$2:$A$46,$AA20),"-") -> - | BL20: =IF(AND($H20<>"",$AB20<>"",$H20<>$AB20,IFERROR(INDEX($J$14:$J$23,MATCH($H20,$H$14:$H$23,0)),-1)=IFERROR(INDEX($J$14:$J$23,MATCH($AB20,$H$14:$H$23,0)),-2)),SUMIFS(Dati!$E$2:$E$46,Dati!$A$2:$A$46,$H20,Dati!$H$2:$H$46,$AB20)+SUMIFS(Dati!$L$2:$L$46,Dati!$H$2:$H$46,$H20,Dati!$A$2:$A$46,$AB20),"-") -> - | BM20: =IF(AND($H20<>"",$AC20<>"",$H20<>$AC20,IFERROR(INDEX($J$14:$J$23,MATCH($H20,$H$14:$H$23,0)),-1)=IFERROR(INDEX($J$14:$J$23,MATCH($AC20,$H$14:$H$23,0)),-2)),SUMIFS(Dati!$E$2:$E$46,Dati!$A$2:$A$46,$H20,Dati!$H$2:$H$46,$AC20)+SUMIFS(Dati!$L$2:$L$46,Dati!$H$2:$H$46,$H20,Dati!$A$2:$A$46,$AC20),"-") -> - | BN20: =IF(AND($H20<>"",$AD20<>"",$H20<>$AD20,IFERROR(INDEX($J$14:$J$23,MATCH($H20,$H$14:$H$23,0)),-1)=IFERROR(INDEX($J$14:$J$23,MATCH($AD20,$H$14:$H$23,0)),-2)),SUMIFS(Dati!$E$2:$E$46,Dati!$A$2:$A$46,$H20,Dati!$H$2:$H$46,$AD20)+SUMIFS(Dati!$L$2:$L$46,Dati!$H$2:$H$46,$H20,Dati!$A$2:$A$46,$AD20),"-") -> - | BO20: =IF(AND($H20<>"",$AE20<>"",$H20<>$AE20,IFERROR(INDEX($J$14:$J$23,MATCH($H20,$H$14:$H$23,0)),-1)=IFERROR(INDEX($J$14:$J$23,MATCH($AE20,$H$14:$H$23,0)),-2)),SUMIFS(Dati!$E$2:$E$46,Dati!$A$2:$A$46,$H20,Dati!$H$2:$H$46,$AE20)+SUMIFS(Dati!$L$2:$L$46,Dati!$H$2:$H$46,$H20,Dati!$A$2:$A$46,$AE20),"-") -> - | BP20: =IF(AND($H20<>"",$AF20<>"",$H20<>$AF20,IFERROR(INDEX($J$14:$J$23,MATCH($H20,$H$14:$H$23,0)),-1)=IFERROR(INDEX($J$14:$J$23,MATCH($AF20,$H$14:$H$23,0)),-2)),SUMIFS(Dati!$E$2:$E$46,Dati!$A$2:$A$46,$H20,Dati!$H$2:$H$46,$AF20)+SUMIFS(Dati!$L$2:$L$46,Dati!$H$2:$H$46,$H20,Dati!$A$2:$A$46,$AF20),"-") -> - | BQ20: =IF(AND($H20<>"",$AG20<>"",$H20<>$AG20,IFERROR(INDEX($J$14:$J$23,MATCH($H20,$H$14:$H$23,0)),-1)=IFERROR(INDEX($J$14:$J$23,MATCH($AG20,$H$14:$H$23,0)),-2)),SUMIFS(Dati!$E$2:$E$46,Dati!$A$2:$A$46,$H20,Dati!$H$2:$H$46,$AG20)+SUMIFS(Dati!$L$2:$L$46,Dati!$H$2:$H$46,$H20,Dati!$A$2:$A$46,$AG20),"-") -> - | BR20: =IF(AND($H20<>"",$AH20<>"",$H20<>$AH20,IFERROR(INDEX($J$14:$J$23,MATCH($H20,$H$14:$H$23,0)),-1)=IFERROR(INDEX($J$14:$J$23,MATCH($AH20,$H$14:$H$23,0)),-2)),SUMIFS(Dati!$E$2:$E$46,Dati!$A$2:$A$46,$H20,Dati!$H$2:$H$46,$AH20)+SUMIFS(Dati!$L$2:$L$46,Dati!$H$2:$H$46,$H20,Dati!$A$2:$A$46,$AH20),"-") -> - | BT20: =$C20 -> Gazzelle Gentili-Gazzelleopoli GE | BU20: =IF(AND($H20<>"",$Y20<>"",$H20<>$Y20,IFERROR(INDEX($J$14:$J$23,MATCH($H20,$H$14:$H$23,0)),-1)=IFERROR(INDEX($J$14:$J$23,MATCH($Y20,$H$14:$H$23,0)),-2)),SUMIFS(Dati!$F$2:$F$46,Dati!$A$2:$A$46,$H20,Dati!$H$2:$H$46,$Y20)+SUMIFS(Dati!$M$2:$M$46,Dati!$H$2:$H$46,$H20,Dati!$A$2:$A$46,$Y20),"-") -> - | BV20: =IF(AND($H20<>"",$Z20<>"",$H20<>$Z20,IFERROR(INDEX($J$14:$J$23,MATCH($H20,$H$14:$H$23,0)),-1)=IFERROR(INDEX($J$14:$J$23,MATCH($Z20,$H$14:$H$23,0)),-2)),SUMIFS(Dati!$F$2:$F$46,Dati!$A$2:$A$46,$H20,Dati!$H$2:$H$46,$Z20)+SUMIFS(Dati!$M$2:$M$46,Dati!$H$2:$H$46,$H20,Dati!$A$2:$A$46,$Z20),"-") -> - | BW20: =IF(AND($H20<>"",$AA20<>"",$H20<>$AA20,IFERROR(INDEX($J$14:$J$23,MATCH($H20,$H$14:$H$23,0)),-1)=IFERROR(INDEX($J$14:$J$23,MATCH($AA20,$H$14:$H$23,0)),-2)),SUMIFS(Dati!$F$2:$F$46,Dati!$A$2:$A$46,$H20,Dati!$H$2:$H$46,$AA20)+SUMIFS(Dati!$M$2:$M$46,Dati!$H$2:$H$46,$H20,Dati!$A$2:$A$46,$AA20),"-") -> - | BX20: =IF(AND($H20<>"",$AB20<>"",$H20<>$AB20,IFERROR(INDEX($J$14:$J$23,MATCH($H20,$H$14:$H$23,0)),-1)=IFERROR(INDEX($J$14:$J$23,MATCH($AB20,$H$14:$H$23,0)),-2)),SUMIFS(Dati!$F$2:$F$46,Dati!$A$2:$A$46,$H20,Dati!$H$2:$H$46,$AB20)+SUMIFS(Dati!$M$2:$M$46,Dati!$H$2:$H$46,$H20,Dati!$A$2:$A$46,$AB20),"-") -> - | BY20: =IF(AND($H20<>"",$AC20<>"",$H20<>$AC20,IFERROR(INDEX($J$14:$J$23,MATCH($H20,$H$14:$H$23,0)),-1)=IFERROR(INDEX($J$14:$J$23,MATCH($AC20,$H$14:$H$23,0)),-2)),SUMIFS(Dati!$F$2:$F$46,Dati!$A$2:$A$46,$H20,Dati!$H$2:$H$46,$AC20)+SUMIFS(Dati!$M$2:$M$46,Dati!$H$2:$H$46,$H20,Dati!$A$2:$A$46,$AC20),"-") -> - | BZ20: =IF(AND($H20<>"",$AD20<>"",$H20<>$AD20,IFERROR(INDEX($J$14:$J$23,MATCH($H20,$H$14:$H$23,0)),-1)=IFERROR(INDEX($J$14:$J$23,MATCH($AD20,$H$14:$H$23,0)),-2)),SUMIFS(Dati!$F$2:$F$46,Dati!$A$2:$A$46,$H20,Dati!$H$2:$H$46,$AD20)+SUMIFS(Dati!$M$2:$M$46,Dati!$H$2:$H$46,$H20,Dati!$A$2:$A$46,$AD20),"-") -> - | CA20: =IF(AND($H20<>"",$AE20<>"",$H20<>$AE20,IFERROR(INDEX($J$14:$J$23,MATCH($H20,$H$14:$H$23,0)),-1)=IFERROR(INDEX($J$14:$J$23,MATCH($AE20,$H$14:$H$23,0)),-2)),SUMIFS(Dati!$F$2:$F$46,Dati!$A$2:$A$46,$H20,Dati!$H$2:$H$46,$AE20)+SUMIFS(Dati!$M$2:$M$46,Dati!$H$2:$H$46,$H20,Dati!$A$2:$A$46,$AE20),"-") -> - | CB20: =IF(AND($H20<>"",$AF20<>"",$H20<>$AF20,IFERROR(INDEX($J$14:$J$23,MATCH($H20,$H$14:$H$23,0)),-1)=IFERROR(INDEX($J$14:$J$23,MATCH($AF20,$H$14:$H$23,0)),-2)),SUMIFS(Dati!$F$2:$F$46,Dati!$A$2:$A$46,$H20,Dati!$H$2:$H$46,$AF20)+SUMIFS(Dati!$M$2:$M$46,Dati!$H$2:$H$46,$H20,Dati!$A$2:$A$46,$AF20),"-") -> - | CC20: =IF(AND($H20<>"",$AG20<>"",$H20<>$AG20,IFERROR(INDEX($J$14:$J$23,MATCH($H20,$H$14:$H$23,0)),-1)=IFERROR(INDEX($J$14:$J$23,MATCH($AG20,$H$14:$H$23,0)),-2)),SUMIFS(Dati!$F$2:$F$46,Dati!$A$2:$A$46,$H20,Dati!$H$2:$H$46,$AG20)+SUMIFS(Dati!$M$2:$M$46,Dati!$H$2:$H$46,$H20,Dati!$A$2:$A$46,$AG20),"-") -> - | CD20: =IF(AND($H20<>"",$AH20<>"",$H20<>$AH20,IFERROR(INDEX($J$14:$J$23,MATCH($H20,$H$14:$H$23,0)),-1)=IFERROR(INDEX($J$14:$J$23,MATCH($AH20,$H$14:$H$23,0)),-2)),SUMIFS(Dati!$F$2:$F$46,Dati!$A$2:$A$46,$H20,Dati!$H$2:$H$46,$AH20)+SUMIFS(Dati!$M$2:$M$46,Dati!$H$2:$H$46,$H20,Dati!$A$2:$A$46,$AH20),"-") -> - | CF20: =IF($C20="","",SUM(AK20:AT20)) -> 0
B21: A08 | C21: Ibis Instancabili-Ibisopoli II | E21: A | G21: =IF($C21="","",$E21&(COUNTIFS(I$14:I$23,">"&I21,E$14:E$23,"="&E21,C$14:C$23,"<>")+COUNTIFS(I$14:I$23,"="&I21,H$14:H$23,"<="&H21,E$14:E$23,"="&E21,C$14:C$23,"<>"))) -> A6 | H21: =IF($C21="","",IFERROR(LEFT($C21,FIND("-",$C21)-1),$C21)) -> Ibis Instancabili | I21: =TEXT(1000000000+J21,"|0000000000|")&TEXT(SUM(AK21:AT21),"0000000000|")&IF(SUM(BU21:CD21)=0,"0000000000|",TEXT(ROUND(SUM(BI21:BR21)/SUM(BU21:CD21),4)*100000,"0000000000|"))&IF(P21=0,"0000000000|",TEXT(ROUND(O21/P21,4)*100000,"0000000000|")) -> |1000000019|0000000000|0000087930|0000110700| | J21: =L21*Campionato!$D$7+M21*Campionato!$D$8+N21*Campionato!$D$9+IF(D21="",0,D21) -> 19 | K21: =SUM(L21:N21) -> 9 | L21: =IF($H21="",0,SUMIF(Dati!$A$2:$A$46,$H21,Dati!$B$2:$B$46)+SUMIF(Dati!$H$2:$H$46,$H21,Dati!$I$2:$I$46)) -> 5 | M21: =IF($H21="",0,SUMIF(Dati!$A$2:$A$46,$H21,Dati!$D$2:$D$46)+SUMIF(Dati!$H$2:$H$46,$H21,Dati!$K$2:$K$46)) -> 4 | N21: =IF($H21="",0,SUMIF(Dati!$A$2:$A$46,$H21,Dati!$C$2:$C$46)+SUMIF(Dati!$H$2:$H$46,$H21,Dati!$J$2:$J$46)) -> 0 | O21: =IF($H21="",0,SUMIF(Dati!$A$2:$A$46,$H21,Dati!$E$2:$E$46)+SUMIF(Dati!$H$2:$H$46,$H21,Dati!$L$2:$L$46)) -> 445 | P21: =IF($H21="",0,SUMIF(Dati!$A$2:$A$46,$H21,Dati!$F$2:$F$46)+SUMIF(Dati!$H$2:$H$46,$H21,Dati!$M$2:$M$46)) -> 402 | Q21: =IF($H21="",0,SUMIF(Dati!$A$2:$A$46,$H21,Dati!$G$2:$G$46)+SUMIF(Dati!$H$2:$H$46,$H21,Dati!$N$2:$N$46)) -> 43 | R21: =IF(K21=0,0,ROUND(O21/K21,2)) -> 49.44 | S21: =IF(K21=0,0,ROUND(P21/K21,2)) -> 44.67 | T21: =IF(K21=0,0,ROUND(Q21/K21,2)) -> 4.78 | U21: =IF(COUNTIFS($E$14:$E$23,$E21,$J$14:$J$23,$J21,$C$14:$C$23,"<>")<=1,"-",SUM(AK21:AT21)&"-"&SUM(AW21:BF21)) -> 0-1 | V21: =IF(COUNTIFS($E$14:$E$23,$E21,$J$14:$J$23,$J21,$C$14:$C$23,"<>",$CF$14:$CF$23,$CF21)<=1,"-",IF(SUM(BU21:CD21)=0,0,ROUND(SUM(BI21:BR21)/SUM(BU21:CD21),3))) -> - | W21: =IF(COUNTIFS($E$14:$E$23,$E21,$J$14:$J$23,$J21,$C$14:$C$23,"<>",$CF$14:$CF$23,$CF21,$V$14:$V$23,$V21)<=1,"-",IF(P21=0,0,ROUND(O21/P21,3))) -> - | X21: =IF($C21="","",$E21&"#"&COUNTIFS($E$14:$E21,$E21,$C$14:$C21,"<>")) -> A#8 | Y21: =IFERROR(INDEX($H$14:$H$23,MATCH($E21&"#1",$X$14:$X$23,0)),"") -> Anaconde Audaci | Z21: =IFERROR(INDEX($H$14:$H$23,MATCH($E21&"#2",$X$14:$X$23,0)),"") -> Bufali Belligeranti | AA21: =IFERROR(INDEX($H$14:$H$23,MATCH($E21&"#3",$X$14:$X$23,0)),"") -> Cobra Celeri | AB21: =IFERROR(INDEX($H$14:$H$23,MATCH($E21&"#4",$X$14:$X$23,0)),"") -> Dingo Docili | AC21: =IFERROR(INDEX($H$14:$H$23,MATCH($E21&"#5",$X$14:$X$23,0)),"") -> Ermellini Eleganti | AD21: =IFERROR(INDEX($H$14:$H$23,MATCH($E21&"#6",$X$14:$X$23,0)),"") -> Falchi Feroci | AE21: =IFERROR(INDEX($H$14:$H$23,MATCH($E21&"#7",$X$14:$X$23,0)),"") -> Gazzelle Gentili | AF21: =IFERROR(INDEX($H$14:$H$23,MATCH($E21&"#8",$X$14:$X$23,0)),"") -> Ibis Instancabili | AG21: =IFERROR(INDEX($H$14:$H$23,MATCH($E21&"#9",$X$14:$X$23,0)),"") -> Lupi Leali | AH21: =IFERROR(INDEX($H$14:$H$23,MATCH($E21&"#10",$X$14:$X$23,0)),"") -> Marmotte Mobili | AJ21: =$C21 -> Ibis Instancabili-Ibisopoli II | AK21: =IF(AND($H21<>"",$Y21<>"",$H21<>$Y21,IFERROR(INDEX($J$14:$J$23,MATCH($H21,$H$14:$H$23,0)),-1)=IFERROR(INDEX($J$14:$J$23,MATCH($Y21,$H$14:$H$23,0)),-2)),SUMIFS(Dati!$B$2:$B$46,Dati!$A$2:$A$46,$H21,Dati!$H$2:$H$46,$Y21)+SUMIFS(Dati!$I$2:$I$46,Dati!$H$2:$H$46,$H21,Dati!$A$2:$A$46,$Y21),"-") -> - | AL21: =IF(AND($H21<>"",$Z21<>"",$H21<>$Z21,IFERROR(INDEX($J$14:$J$23,MATCH($H21,$H$14:$H$23,0)),-1)=IFERROR(INDEX($J$14:$J$23,MATCH($Z21,$H$14:$H$23,0)),-2)),SUMIFS(Dati!$B$2:$B$46,Dati!$A$2:$A$46,$H21,Dati!$H$2:$H$46,$Z21)+SUMIFS(Dati!$I$2:$I$46,Dati!$H$2:$H$46,$H21,Dati!$A$2:$A$46,$Z21),"-") -> - | AM21: =IF(AND($H21<>"",$AA21<>"",$H21<>$AA21,IFERROR(INDEX($J$14:$J$23,MATCH($H21,$H$14:$H$23,0)),-1)=IFERROR(INDEX($J$14:$J$23,MATCH($AA21,$H$14:$H$23,0)),-2)),SUMIFS(Dati!$B$2:$B$46,Dati!$A$2:$A$46,$H21,Dati!$H$2:$H$46,$AA21)+SUMIFS(Dati!$I$2:$I$46,Dati!$H$2:$H$46,$H21,Dati!$A$2:$A$46,$AA21),"-") -> 0 | AN21: =IF(AND($H21<>"",$AB21<>"",$H21<>$AB21,IFERROR(INDEX($J$14:$J$23,MATCH($H21,$H$14:$H$23,0)),-1)=IFERROR(INDEX($J$14:$J$23,MATCH($AB21,$H$14:$H$23,0)),-2)),SUMIFS(Dati!$B$2:$B$46,Dati!$A$2:$A$46,$H21,Dati!$H$2:$H$46,$AB21)+SUMIFS(Dati!$I$2:$I$46,Dati!$H$2:$H$46,$H21,Dati!$A$2:$A$46,$AB21),"-") -> - | AO21: =IF(AND($H21<>"",$AC21<>"",$H21<>$AC21,IFERROR(INDEX($J$14:$J$23,MATCH($H21,$H$14:$H$23,0)),-1)=IFERROR(INDEX($J$14:$J$23,MATCH($AC21,$H$14:$H$23,0)),-2)),SUMIFS(Dati!$B$2:$B$46,Dati!$A$2:$A$46,$H21,Dati!$H$2:$H$46,$AC21)+SUMIFS(Dati!$I$2:$I$46,Dati!$H$2:$H$46,$H21,Dati!$A$2:$A$46,$AC21),"-") -> - | AP21: =IF(AND($H21<>"",$AD21<>"",$H21<>$AD21,IFERROR(INDEX($J$14:$J$23,MATCH($H21,$H$14:$H$23,0)),-1)=IFERROR(INDEX($J$14:$J$23,MATCH($AD21,$H$14:$H$23,0)),-2)),SUMIFS(Dati!$B$2:$B$46,Dati!$A$2:$A$46,$H21,Dati!$H$2:$H$46,$AD21)+SUMIFS(Dati!$I$2:$I$46,Dati!$H$2:$H$46,$H21,Dati!$A$2:$A$46,$AD21),"-") -> - | AQ21: =IF(AND($H21<>"",$AE21<>"",$H21<>$AE21,IFERROR(INDEX($J$14:$J$23,MATCH($H21,$H$14:$H$23,0)),-1)=IFERROR(INDEX($J$14:$J$23,MATCH($AE21,$H$14:$H$23,0)),-2)),SUMIFS(Dati!$B$2:$B$46,Dati!$A$2:$A$46,$H21,Dati!$H$2:$H$46,$AE21)+SUMIFS(Dati!$I$2:$I$46,Dati!$H$2:$H$46,$H21,Dati!$A$2:$A$46,$AE21),"-") -> - | AR21: =IF(AND($H21<>"",$AF21<>"",$H21<>$AF21,IFERROR(INDEX($J$14:$J$23,MATCH($H21,$H$14:$H$23,0)),-1)=IFERROR(INDEX($J$14:$J$23,MATCH($AF21,$H$14:$H$23,0)),-2)),SUMIFS(Dati!$B$2:$B$46,Dati!$A$2:$A$46,$H21,Dati!$H$2:$H$46,$AF21)+SUMIFS(Dati!$I$2:$I$46,Dati!$H$2:$H$46,$H21,Dati!$A$2:$A$46,$AF21),"-") -> - | AS21: =IF(AND($H21<>"",$AG21<>"",$H21<>$AG21,IFERROR(INDEX($J$14:$J$23,MATCH($H21,$H$14:$H$23,0)),-1)=IFERROR(INDEX($J$14:$J$23,MATCH($AG21,$H$14:$H$23,0)),-2)),SUMIFS(Dati!$B$2:$B$46,Dati!$A$2:$A$46,$H21,Dati!$H$2:$H$46,$AG21)+SUMIFS(Dati!$I$2:$I$46,Dati!$H$2:$H$46,$H21,Dati!$A$2:$A$46,$AG21),"-") -> - | AT21: =IF(AND($H21<>"",$AH21<>"",$H21<>$AH21,IFERROR(INDEX($J$14:$J$23,MATCH($H21,$H$14:$H$23,0)),-1)=IFERROR(INDEX($J$14:$J$23,MATCH($AH21,$H$14:$H$23,0)),-2)),SUMIFS(Dati!$B$2:$B$46,Dati!$A$2:$A$46,$H21,Dati!$H$2:$H$46,$AH21)+SUMIFS(Dati!$I$2:$I$46,Dati!$H$2:$H$46,$H21,Dati!$A$2:$A$46,$AH21),"-") -> - | AV21: =$C21 -> Ibis Instancabili-Ibisopoli II | AW21: =IF(AND($H21<>"",$Y21<>"",$H21<>$Y21,IFERROR(INDEX($J$14:$J$23,MATCH($H21,$H$14:$H$23,0)),-1)=IFERROR(INDEX($J$14:$J$23,MATCH($Y21,$H$14:$H$23,0)),-2)),SUMIFS(Dati!$D$2:$D$46,Dati!$A$2:$A$46,$H21,Dati!$H$2:$H$46,$Y21)+SUMIFS(Dati!$K$2:$K$46,Dati!$H$2:$H$46,$H21,Dati!$A$2:$A$46,$Y21)+SUMIFS(Dati!$C$2:$C$46,Dati!$A$2:$A$46,$H21,Dati!$H$2:$H$46,$Y21)+SUMIFS(Dati!$J$2:$J$46,Dati!$H$2:$H$46,$H21,Dati!$A$2:$A$46,$Y21),"-") -> - | AX21: =IF(AND($H21<>"",$Z21<>"",$H21<>$Z21,IFERROR(INDEX($J$14:$J$23,MATCH($H21,$H$14:$H$23,0)),-1)=IFERROR(INDEX($J$14:$J$23,MATCH($Z21,$H$14:$H$23,0)),-2)),SUMIFS(Dati!$D$2:$D$46,Dati!$A$2:$A$46,$H21,Dati!$H$2:$H$46,$Z21)+SUMIFS(Dati!$K$2:$K$46,Dati!$H$2:$H$46,$H21,Dati!$A$2:$A$46,$Z21)+SUMIFS(Dati!$C$2:$C$46,Dati!$A$2:$A$46,$H21,Dati!$H$2:$H$46,$Z21)+SUMIFS(Dati!$J$2:$J$46,Dati!$H$2:$H$46,$H21,Dati!$A$2:$A$46,$Z21),"-") -> - | AY21: =IF(AND($H21<>"",$AA21<>"",$H21<>$AA21,IFERROR(INDEX($J$14:$J$23,MATCH($H21,$H$14:$H$23,0)),-1)=IFERROR(INDEX($J$14:$J$23,MATCH($AA21,$H$14:$H$23,0)),-2)),SUMIFS(Dati!$D$2:$D$46,Dati!$A$2:$A$46,$H21,Dati!$H$2:$H$46,$AA21)+SUMIFS(Dati!$K$2:$K$46,Dati!$H$2:$H$46,$H21,Dati!$A$2:$A$46,$AA21)+SUMIFS(Dati!$C$2:$C$46,Dati!$A$2:$A$46,$H21,Dati!$H$2:$H$46,$AA21)+SUMIFS(Dati!$J$2:$J$46,Dati!$H$2:$H$46,$H21,Dati!$A$2:$A$46,$AA21),"-") -> 1 | AZ21: =IF(AND($H21<>"",$AB21<>"",$H21<>$AB21,IFERROR(INDEX($J$14:$J$23,MATCH($H21,$H$14:$H$23,0)),-1)=IFERROR(INDEX($J$14:$J$23,MATCH($AB21,$H$14:$H$23,0)),-2)),SUMIFS(Dati!$D$2:$D$46,Dati!$A$2:$A$46,$H21,Dati!$H$2:$H$46,$AB21)+SUMIFS(Dati!$K$2:$K$46,Dati!$H$2:$H$46,$H21,Dati!$A$2:$A$46,$AB21)+SUMIFS(Dati!$C$2:$C$46,Dati!$A$2:$A$46,$H21,Dati!$H$2:$H$46,$AB21)+SUMIFS(Dati!$J$2:$J$46,Dati!$H$2:$H$46,$H21,Dati!$A$2:$A$46,$AB21),"-") -> - | BA21: =IF(AND($H21<>"",$AC21<>"",$H21<>$AC21,IFERROR(INDEX($J$14:$J$23,MATCH($H21,$H$14:$H$23,0)),-1)=IFERROR(INDEX($J$14:$J$23,MATCH($AC21,$H$14:$H$23,0)),-2)),SUMIFS(Dati!$D$2:$D$46,Dati!$A$2:$A$46,$H21,Dati!$H$2:$H$46,$AC21)+SUMIFS(Dati!$K$2:$K$46,Dati!$H$2:$H$46,$H21,Dati!$A$2:$A$46,$AC21)+SUMIFS(Dati!$C$2:$C$46,Dati!$A$2:$A$46,$H21,Dati!$H$2:$H$46,$AC21)+SUMIFS(Dati!$J$2:$J$46,Dati!$H$2:$H$46,$H21,Dati!$A$2:$A$46,$AC21),"-") -> - | BB21: =IF(AND($H21<>"",$AD21<>"",$H21<>$AD21,IFERROR(INDEX($J$14:$J$23,MATCH($H21,$H$14:$H$23,0)),-1)=IFERROR(INDEX($J$14:$J$23,MATCH($AD21,$H$14:$H$23,0)),-2)),SUMIFS(Dati!$D$2:$D$46,Dati!$A$2:$A$46,$H21,Dati!$H$2:$H$46,$AD21)+SUMIFS(Dati!$K$2:$K$46,Dati!$H$2:$H$46,$H21,Dati!$A$2:$A$46,$AD21)+SUMIFS(Dati!$C$2:$C$46,Dati!$A$2:$A$46,$H21,Dati!$H$2:$H$46,$AD21)+SUMIFS(Dati!$J$2:$J$46,Dati!$H$2:$H$46,$H21,Dati!$A$2:$A$46,$AD21),"-") -> - | BC21: =IF(AND($H21<>"",$AE21<>"",$H21<>$AE21,IFERROR(INDEX($J$14:$J$23,MATCH($H21,$H$14:$H$23,0)),-1)=IFERROR(INDEX($J$14:$J$23,MATCH($AE21,$H$14:$H$23,0)),-2)),SUMIFS(Dati!$D$2:$D$46,Dati!$A$2:$A$46,$H21,Dati!$H$2:$H$46,$AE21)+SUMIFS(Dati!$K$2:$K$46,Dati!$H$2:$H$46,$H21,Dati!$A$2:$A$46,$AE21)+SUMIFS(Dati!$C$2:$C$46,Dati!$A$2:$A$46,$H21,Dati!$H$2:$H$46,$AE21)+SUMIFS(Dati!$J$2:$J$46,Dati!$H$2:$H$46,$H21,Dati!$A$2:$A$46,$AE21),"-") -> - | BD21: =IF(AND($H21<>"",$AF21<>"",$H21<>$AF21,IFERROR(INDEX($J$14:$J$23,MATCH($H21,$H$14:$H$23,0)),-1)=IFERROR(INDEX($J$14:$J$23,MATCH($AF21,$H$14:$H$23,0)),-2)),SUMIFS(Dati!$D$2:$D$46,Dati!$A$2:$A$46,$H21,Dati!$H$2:$H$46,$AF21)+SUMIFS(Dati!$K$2:$K$46,Dati!$H$2:$H$46,$H21,Dati!$A$2:$A$46,$AF21)+SUMIFS(Dati!$C$2:$C$46,Dati!$A$2:$A$46,$H21,Dati!$H$2:$H$46,$AF21)+SUMIFS(Dati!$J$2:$J$46,Dati!$H$2:$H$46,$H21,Dati!$A$2:$A$46,$AF21),"-") -> - | BE21: =IF(AND($H21<>"",$AG21<>"",$H21<>$AG21,IFERROR(INDEX($J$14:$J$23,MATCH($H21,$H$14:$H$23,0)),-1)=IFERROR(INDEX($J$14:$J$23,MATCH($AG21,$H$14:$H$23,0)),-2)),SUMIFS(Dati!$D$2:$D$46,Dati!$A$2:$A$46,$H21,Dati!$H$2:$H$46,$AG21)+SUMIFS(Dati!$K$2:$K$46,Dati!$H$2:$H$46,$H21,Dati!$A$2:$A$46,$AG21)+SUMIFS(Dati!$C$2:$C$46,Dati!$A$2:$A$46,$H21,Dati!$H$2:$H$46,$AG21)+SUMIFS(Dati!$J$2:$J$46,Dati!$H$2:$H$46,$H21,Dati!$A$2:$A$46,$AG21),"-") -> - | BF21: =IF(AND($H21<>"",$AH21<>"",$H21<>$AH21,IFERROR(INDEX($J$14:$J$23,MATCH($H21,$H$14:$H$23,0)),-1)=IFERROR(INDEX($J$14:$J$23,MATCH($AH21,$H$14:$H$23,0)),-2)),SUMIFS(Dati!$D$2:$D$46,Dati!$A$2:$A$46,$H21,Dati!$H$2:$H$46,$AH21)+SUMIFS(Dati!$K$2:$K$46,Dati!$H$2:$H$46,$H21,Dati!$A$2:$A$46,$AH21)+SUMIFS(Dati!$C$2:$C$46,Dati!$A$2:$A$46,$H21,Dati!$H$2:$H$46,$AH21)+SUMIFS(Dati!$J$2:$J$46,Dati!$H$2:$H$46,$H21,Dati!$A$2:$A$46,$AH21),"-") -> - | BH21: =$C21 -> Ibis Instancabili-Ibisopoli II | BI21: =IF(AND($H21<>"",$Y21<>"",$H21<>$Y21,IFERROR(INDEX($J$14:$J$23,MATCH($H21,$H$14:$H$23,0)),-1)=IFERROR(INDEX($J$14:$J$23,MATCH($Y21,$H$14:$H$23,0)),-2)),SUMIFS(Dati!$E$2:$E$46,Dati!$A$2:$A$46,$H21,Dati!$H$2:$H$46,$Y21)+SUMIFS(Dati!$L$2:$L$46,Dati!$H$2:$H$46,$H21,Dati!$A$2:$A$46,$Y21),"-") -> - | BJ21: =IF(AND($H21<>"",$Z21<>"",$H21<>$Z21,IFERROR(INDEX($J$14:$J$23,MATCH($H21,$H$14:$H$23,0)),-1)=IFERROR(INDEX($J$14:$J$23,MATCH($Z21,$H$14:$H$23,0)),-2)),SUMIFS(Dati!$E$2:$E$46,Dati!$A$2:$A$46,$H21,Dati!$H$2:$H$46,$Z21)+SUMIFS(Dati!$L$2:$L$46,Dati!$H$2:$H$46,$H21,Dati!$A$2:$A$46,$Z21),"-") -> - | BK21: =IF(AND($H21<>"",$AA21<>"",$H21<>$AA21,IFERROR(INDEX($J$14:$J$23,MATCH($H21,$H$14:$H$23,0)),-1)=IFERROR(INDEX($J$14:$J$23,MATCH($AA21,$H$14:$H$23,0)),-2)),SUMIFS(Dati!$E$2:$E$46,Dati!$A$2:$A$46,$H21,Dati!$H$2:$H$46,$AA21)+SUMIFS(Dati!$L$2:$L$46,Dati!$H$2:$H$46,$H21,Dati!$A$2:$A$46,$AA21),"-") -> 51 | BL21: =IF(AND($H21<>"",$AB21<>"",$H21<>$AB21,IFERROR(INDEX($J$14:$J$23,MATCH($H21,$H$14:$H$23,0)),-1)=IFERROR(INDEX($J$14:$J$23,MATCH($AB21,$H$14:$H$23,0)),-2)),SUMIFS(Dati!$E$2:$E$46,Dati!$A$2:$A$46,$H21,Dati!$H$2:$H$46,$AB21)+SUMIFS(Dati!$L$2:$L$46,Dati!$H$2:$H$46,$H21,Dati!$A$2:$A$46,$AB21),"-") -> - | BM21: =IF(AND($H21<>"",$AC21<>"",$H21<>$AC21,IFERROR(INDEX($J$14:$J$23,MATCH($H21,$H$14:$H$23,0)),-1)=IFERROR(INDEX($J$14:$J$23,MATCH($AC21,$H$14:$H$23,0)),-2)),SUMIFS(Dati!$E$2:$E$46,Dati!$A$2:$A$46,$H21,Dati!$H$2:$H$46,$AC21)+SUMIFS(Dati!$L$2:$L$46,Dati!$H$2:$H$46,$H21,Dati!$A$2:$A$46,$AC21),"-") -> - | BN21: =IF(AND($H21<>"",$AD21<>"",$H21<>$AD21,IFERROR(INDEX($J$14:$J$23,MATCH($H21,$H$14:$H$23,0)),-1)=IFERROR(INDEX($J$14:$J$23,MATCH($AD21,$H$14:$H$23,0)),-2)),SUMIFS(Dati!$E$2:$E$46,Dati!$A$2:$A$46,$H21,Dati!$H$2:$H$46,$AD21)+SUMIFS(Dati!$L$2:$L$46,Dati!$H$2:$H$46,$H21,Dati!$A$2:$A$46,$AD21),"-") -> - | BO21: =IF(AND($H21<>"",$AE21<>"",$H21<>$AE21,IFERROR(INDEX($J$14:$J$23,MATCH($H21,$H$14:$H$23,0)),-1)=IFERROR(INDEX($J$14:$J$23,MATCH($AE21,$H$14:$H$23,0)),-2)),SUMIFS(Dati!$E$2:$E$46,Dati!$A$2:$A$46,$H21,Dati!$H$2:$H$46,$AE21)+SUMIFS(Dati!$L$2:$L$46,Dati!$H$2:$H$46,$H21,Dati!$A$2:$A$46,$AE21),"-") -> - | BP21: =IF(AND($H21<>"",$AF21<>"",$H21<>$AF21,IFERROR(INDEX($J$14:$J$23,MATCH($H21,$H$14:$H$23,0)),-1)=IFERROR(INDEX($J$14:$J$23,MATCH($AF21,$H$14:$H$23,0)),-2)),SUMIFS(Dati!$E$2:$E$46,Dati!$A$2:$A$46,$H21,Dati!$H$2:$H$46,$AF21)+SUMIFS(Dati!$L$2:$L$46,Dati!$H$2:$H$46,$H21,Dati!$A$2:$A$46,$AF21),"-") -> - | BQ21: =IF(AND($H21<>"",$AG21<>"",$H21<>$AG21,IFERROR(INDEX($J$14:$J$23,MATCH($H21,$H$14:$H$23,0)),-1)=IFERROR(INDEX($J$14:$J$23,MATCH($AG21,$H$14:$H$23,0)),-2)),SUMIFS(Dati!$E$2:$E$46,Dati!$A$2:$A$46,$H21,Dati!$H$2:$H$46,$AG21)+SUMIFS(Dati!$L$2:$L$46,Dati!$H$2:$H$46,$H21,Dati!$A$2:$A$46,$AG21),"-") -> - | BR21: =IF(AND($H21<>"",$AH21<>"",$H21<>$AH21,IFERROR(INDEX($J$14:$J$23,MATCH($H21,$H$14:$H$23,0)),-1)=IFERROR(INDEX($J$14:$J$23,MATCH($AH21,$H$14:$H$23,0)),-2)),SUMIFS(Dati!$E$2:$E$46,Dati!$A$2:$A$46,$H21,Dati!$H$2:$H$46,$AH21)+SUMIFS(Dati!$L$2:$L$46,Dati!$H$2:$H$46,$H21,Dati!$A$2:$A$46,$AH21),"-") -> - | BT21: =$C21 -> Ibis Instancabili-Ibisopoli II | BU21: =IF(AND($H21<>"",$Y21<>"",$H21<>$Y21,IFERROR(INDEX($J$14:$J$23,MATCH($H21,$H$14:$H$23,0)),-1)=IFERROR(INDEX($J$14:$J$23,MATCH($Y21,$H$14:$H$23,0)),-2)),SUMIFS(Dati!$F$2:$F$46,Dati!$A$2:$A$46,$H21,Dati!$H$2:$H$46,$Y21)+SUMIFS(Dati!$M$2:$M$46,Dati!$H$2:$H$46,$H21,Dati!$A$2:$A$46,$Y21),"-") -> - | BV21: =IF(AND($H21<>"",$Z21<>"",$H21<>$Z21,IFERROR(INDEX($J$14:$J$23,MATCH($H21,$H$14:$H$23,0)),-1)=IFERROR(INDEX($J$14:$J$23,MATCH($Z21,$H$14:$H$23,0)),-2)),SUMIFS(Dati!$F$2:$F$46,Dati!$A$2:$A$46,$H21,Dati!$H$2:$H$46,$Z21)+SUMIFS(Dati!$M$2:$M$46,Dati!$H$2:$H$46,$H21,Dati!$A$2:$A$46,$Z21),"-") -> - | BW21: =IF(AND($H21<>"",$AA21<>"",$H21<>$AA21,IFERROR(INDEX($J$14:$J$23,MATCH($H21,$H$14:$H$23,0)),-1)=IFERROR(INDEX($J$14:$J$23,MATCH($AA21,$H$14:$H$23,0)),-2)),SUMIFS(Dati!$F$2:$F$46,Dati!$A$2:$A$46,$H21,Dati!$H$2:$H$46,$AA21)+SUMIFS(Dati!$M$2:$M$46,Dati!$H$2:$H$46,$H21,Dati!$A$2:$A$46,$AA21),"-") -> 58 | BX21: =IF(AND($H21<>"",$AB21<>"",$H21<>$AB21,IFERROR(INDEX($J$14:$J$23,MATCH($H21,$H$14:$H$23,0)),-1)=IFERROR(INDEX($J$14:$J$23,MATCH($AB21,$H$14:$H$23,0)),-2)),SUMIFS(Dati!$F$2:$F$46,Dati!$A$2:$A$46,$H21,Dati!$H$2:$H$46,$AB21)+SUMIFS(Dati!$M$2:$M$46,Dati!$H$2:$H$46,$H21,Dati!$A$2:$A$46,$AB21),"-") -> - | BY21: =IF(AND($H21<>"",$AC21<>"",$H21<>$AC21,IFERROR(INDEX($J$14:$J$23,MATCH($H21,$H$14:$H$23,0)),-1)=IFERROR(INDEX($J$14:$J$23,MATCH($AC21,$H$14:$H$23,0)),-2)),SUMIFS(Dati!$F$2:$F$46,Dati!$A$2:$A$46,$H21,Dati!$H$2:$H$46,$AC21)+SUMIFS(Dati!$M$2:$M$46,Dati!$H$2:$H$46,$H21,Dati!$A$2:$A$46,$AC21),"-") -> - | BZ21: =IF(AND($H21<>"",$AD21<>"",$H21<>$AD21,IFERROR(INDEX($J$14:$J$23,MATCH($H21,$H$14:$H$23,0)),-1)=IFERROR(INDEX($J$14:$J$23,MATCH($AD21,$H$14:$H$23,0)),-2)),SUMIFS(Dati!$F$2:$F$46,Dati!$A$2:$A$46,$H21,Dati!$H$2:$H$46,$AD21)+SUMIFS(Dati!$M$2:$M$46,Dati!$H$2:$H$46,$H21,Dati!$A$2:$A$46,$AD21),"-") -> - | CA21: =IF(AND($H21<>"",$AE21<>"",$H21<>$AE21,IFERROR(INDEX($J$14:$J$23,MATCH($H21,$H$14:$H$23,0)),-1)=IFERROR(INDEX($J$14:$J$23,MATCH($AE21,$H$14:$H$23,0)),-2)),SUMIFS(Dati!$F$2:$F$46,Dati!$A$2:$A$46,$H21,Dati!$H$2:$H$46,$AE21)+SUMIFS(Dati!$M$2:$M$46,Dati!$H$2:$H$46,$H21,Dati!$A$2:$A$46,$AE21),"-") -> - | CB21: =IF(AND($H21<>"",$AF21<>"",$H21<>$AF21,IFERROR(INDEX($J$14:$J$23,MATCH($H21,$H$14:$H$23,0)),-1)=IFERROR(INDEX($J$14:$J$23,MATCH($AF21,$H$14:$H$23,0)),-2)),SUMIFS(Dati!$F$2:$F$46,Dati!$A$2:$A$46,$H21,Dati!$H$2:$H$46,$AF21)+SUMIFS(Dati!$M$2:$M$46,Dati!$H$2:$H$46,$H21,Dati!$A$2:$A$46,$AF21),"-") -> - | CC21: =IF(AND($H21<>"",$AG21<>"",$H21<>$AG21,IFERROR(INDEX($J$14:$J$23,MATCH($H21,$H$14:$H$23,0)),-1)=IFERROR(INDEX($J$14:$J$23,MATCH($AG21,$H$14:$H$23,0)),-2)),SUMIFS(Dati!$F$2:$F$46,Dati!$A$2:$A$46,$H21,Dati!$H$2:$H$46,$AG21)+SUMIFS(Dati!$M$2:$M$46,Dati!$H$2:$H$46,$H21,Dati!$A$2:$A$46,$AG21),"-") -> - | CD21: =IF(AND($H21<>"",$AH21<>"",$H21<>$AH21,IFERROR(INDEX($J$14:$J$23,MATCH($H21,$H$14:$H$23,0)),-1)=IFERROR(INDEX($J$14:$J$23,MATCH($AH21,$H$14:$H$23,0)),-2)),SUMIFS(Dati!$F$2:$F$46,Dati!$A$2:$A$46,$H21,Dati!$H$2:$H$46,$AH21)+SUMIFS(Dati!$M$2:$M$46,Dati!$H$2:$H$46,$H21,Dati!$A$2:$A$46,$AH21),"-") -> - | CF21: =IF($C21="","",SUM(AK21:AT21)) -> 0
B22: A09 | C22: Lupi Leali-Lupiopoli LO | E22: A | G22: =IF($C22="","",$E22&(COUNTIFS(I$14:I$23,">"&I22,E$14:E$23,"="&E22,C$14:C$23,"<>")+COUNTIFS(I$14:I$23,"="&I22,H$14:H$23,"<="&H22,E$14:E$23,"="&E22,C$14:C$23,"<>"))) -> A3 | H22: =IF($C22="","",IFERROR(LEFT($C22,FIND("-",$C22)-1),$C22)) -> Lupi Leali | I22: =TEXT(1000000000+J22,"|0000000000|")&TEXT(SUM(AK22:AT22),"0000000000|")&IF(SUM(BU22:CD22)=0,"0000000000|",TEXT(ROUND(SUM(BI22:BR22)/SUM(BU22:CD22),4)*100000,"0000000000|"))&IF(P22=0,"0000000000|",TEXT(ROUND(O22/P22,4)*100000,"0000000000|")) -> |1000000021|0000000001|0000097140|0000109440| | J22: =L22*Campionato!$D$7+M22*Campionato!$D$8+N22*Campionato!$D$9+IF(D22="",0,D22) -> 21 | K22: =SUM(L22:N22) -> 9 | L22: =IF($H22="",0,SUMIF(Dati!$A$2:$A$46,$H22,Dati!$B$2:$B$46)+SUMIF(Dati!$H$2:$H$46,$H22,Dati!$I$2:$I$46)) -> 6 | M22: =IF($H22="",0,SUMIF(Dati!$A$2:$A$46,$H22,Dati!$D$2:$D$46)+SUMIF(Dati!$H$2:$H$46,$H22,Dati!$K$2:$K$46)) -> 3 | N22: =IF($H22="",0,SUMIF(Dati!$A$2:$A$46,$H22,Dati!$C$2:$C$46)+SUMIF(Dati!$H$2:$H$46,$H22,Dati!$J$2:$J$46)) -> 0 | O22: =IF($H22="",0,SUMIF(Dati!$A$2:$A$46,$H22,Dati!$E$2:$E$46)+SUMIF(Dati!$H$2:$H$46,$H22,Dati!$L$2:$L$46)) -> 568 | P22: =IF($H22="",0,SUMIF(Dati!$A$2:$A$46,$H22,Dati!$F$2:$F$46)+SUMIF(Dati!$H$2:$H$46,$H22,Dati!$M$2:$M$46)) -> 519 | Q22: =IF($H22="",0,SUMIF(Dati!$A$2:$A$46,$H22,Dati!$G$2:$G$46)+SUMIF(Dati!$H$2:$H$46,$H22,Dati!$N$2:$N$46)) -> 49 | R22: =IF(K22=0,0,ROUND(O22/K22,2)) -> 63.11 | S22: =IF(K22=0,0,ROUND(P22/K22,2)) -> 57.67 | T22: =IF(K22=0,0,ROUND(Q22/K22,2)) -> 5.44 | U22: =IF(COUNTIFS($E$14:$E$23,$E22,$J$14:$J$23,$J22,$C$14:$C$23,"<>")<=1,"-",SUM(AK22:AT22)&"-"&SUM(AW22:BF22)) -> 1-1 | V22: =IF(COUNTIFS($E$14:$E$23,$E22,$J$14:$J$23,$J22,$C$14:$C$23,"<>",$CF$14:$CF$23,$CF22)<=1,"-",IF(SUM(BU22:CD22)=0,0,ROUND(SUM(BI22:BR22)/SUM(BU22:CD22),3))) -> 0.971 | W22: =IF(COUNTIFS($E$14:$E$23,$E22,$J$14:$J$23,$J22,$C$14:$C$23,"<>",$CF$14:$CF$23,$CF22,$V$14:$V$23,$V22)<=1,"-",IF(P22=0,0,ROUND(O22/P22,3))) -> - | X22: =IF($C22="","",$E22&"#"&COUNTIFS($E$14:$E22,$E22,$C$14:$C22,"<>")) -> A#9 | Y22: =IFERROR(INDEX($H$14:$H$23,MATCH($E22&"#1",$X$14:$X$23,0)),"") -> Anaconde Audaci | Z22: =IFERROR(INDEX($H$14:$H$23,MATCH($E22&"#2",$X$14:$X$23,0)),"") -> Bufali Belligeranti | AA22: =IFERROR(INDEX($H$14:$H$23,MATCH($E22&"#3",$X$14:$X$23,0)),"") -> Cobra Celeri | AB22: =IFERROR(INDEX($H$14:$H$23,MATCH($E22&"#4",$X$14:$X$23,0)),"") -> Dingo Docili | AC22: =IFERROR(INDEX($H$14:$H$23,MATCH($E22&"#5",$X$14:$X$23,0)),"") -> Ermellini Eleganti | AD22: =IFERROR(INDEX($H$14:$H$23,MATCH($E22&"#6",$X$14:$X$23,0)),"") -> Falchi Feroci | AE22: =IFERROR(INDEX($H$14:$H$23,MATCH($E22&"#7",$X$14:$X$23,0)),"") -> Gazzelle Gentili | AF22: =IFERROR(INDEX($H$14:$H$23,MATCH($E22&"#8",$X$14:$X$23,0)),"") -> Ibis Instancabili | AG22: =IFERROR(INDEX($H$14:$H$23,MATCH($E22&"#9",$X$14:$X$23,0)),"") -> Lupi Leali | AH22: =IFERROR(INDEX($H$14:$H$23,MATCH($E22&"#10",$X$14:$X$23,0)),"") -> Marmotte Mobili | AJ22: =$C22 -> Lupi Leali-Lupiopoli LO | AK22: =IF(AND($H22<>"",$Y22<>"",$H22<>$Y22,IFERROR(INDEX($J$14:$J$23,MATCH($H22,$H$14:$H$23,0)),-1)=IFERROR(INDEX($J$14:$J$23,MATCH($Y22,$H$14:$H$23,0)),-2)),SUMIFS(Dati!$B$2:$B$46,Dati!$A$2:$A$46,$H22,Dati!$H$2:$H$46,$Y22)+SUMIFS(Dati!$I$2:$I$46,Dati!$H$2:$H$46,$H22,Dati!$A$2:$A$46,$Y22),"-") -> 1 | AL22: =IF(AND($H22<>"",$Z22<>"",$H22<>$Z22,IFERROR(INDEX($J$14:$J$23,MATCH($H22,$H$14:$H$23,0)),-1)=IFERROR(INDEX($J$14:$J$23,MATCH($Z22,$H$14:$H$23,0)),-2)),SUMIFS(Dati!$B$2:$B$46,Dati!$A$2:$A$46,$H22,Dati!$H$2:$H$46,$Z22)+SUMIFS(Dati!$I$2:$I$46,Dati!$H$2:$H$46,$H22,Dati!$A$2:$A$46,$Z22),"-") -> - | AM22: =IF(AND($H22<>"",$AA22<>"",$H22<>$AA22,IFERROR(INDEX($J$14:$J$23,MATCH($H22,$H$14:$H$23,0)),-1)=IFERROR(INDEX($J$14:$J$23,MATCH($AA22,$H$14:$H$23,0)),-2)),SUMIFS(Dati!$B$2:$B$46,Dati!$A$2:$A$46,$H22,Dati!$H$2:$H$46,$AA22)+SUMIFS(Dati!$I$2:$I$46,Dati!$H$2:$H$46,$H22,Dati!$A$2:$A$46,$AA22),"-") -> - | AN22: =IF(AND($H22<>"",$AB22<>"",$H22<>$AB22,IFERROR(INDEX($J$14:$J$23,MATCH($H22,$H$14:$H$23,0)),-1)=IFERROR(INDEX($J$14:$J$23,MATCH($AB22,$H$14:$H$23,0)),-2)),SUMIFS(Dati!$B$2:$B$46,Dati!$A$2:$A$46,$H22,Dati!$H$2:$H$46,$AB22)+SUMIFS(Dati!$I$2:$I$46,Dati!$H$2:$H$46,$H22,Dati!$A$2:$A$46,$AB22),"-") -> - | AO22: =IF(AND($H22<>"",$AC22<>"",$H22<>$AC22,IFERROR(INDEX($J$14:$J$23,MATCH($H22,$H$14:$H$23,0)),-1)=IFERROR(INDEX($J$14:$J$23,MATCH($AC22,$H$14:$H$23,0)),-2)),SUMIFS(Dati!$B$2:$B$46,Dati!$A$2:$A$46,$H22,Dati!$H$2:$H$46,$AC22)+SUMIFS(Dati!$I$2:$I$46,Dati!$H$2:$H$46,$H22,Dati!$A$2:$A$46,$AC22),"-") -> - | AP22: =IF(AND($H22<>"",$AD22<>"",$H22<>$AD22,IFERROR(INDEX($J$14:$J$23,MATCH($H22,$H$14:$H$23,0)),-1)=IFERROR(INDEX($J$14:$J$23,MATCH($AD22,$H$14:$H$23,0)),-2)),SUMIFS(Dati!$B$2:$B$46,Dati!$A$2:$A$46,$H22,Dati!$H$2:$H$46,$AD22)+SUMIFS(Dati!$I$2:$I$46,Dati!$H$2:$H$46,$H22,Dati!$A$2:$A$46,$AD22),"-") -> 0 | AQ22: =IF(AND($H22<>"",$AE22<>"",$H22<>$AE22,IFERROR(INDEX($J$14:$J$23,MATCH($H22,$H$14:$H$23,0)),-1)=IFERROR(INDEX($J$14:$J$23,MATCH($AE22,$H$14:$H$23,0)),-2)),SUMIFS(Dati!$B$2:$B$46,Dati!$A$2:$A$46,$H22,Dati!$H$2:$H$46,$AE22)+SUMIFS(Dati!$I$2:$I$46,Dati!$H$2:$H$46,$H22,Dati!$A$2:$A$46,$AE22),"-") -> - | AR22: =IF(AND($H22<>"",$AF22<>"",$H22<>$AF22,IFERROR(INDEX($J$14:$J$23,MATCH($H22,$H$14:$H$23,0)),-1)=IFERROR(INDEX($J$14:$J$23,MATCH($AF22,$H$14:$H$23,0)),-2)),SUMIFS(Dati!$B$2:$B$46,Dati!$A$2:$A$46,$H22,Dati!$H$2:$H$46,$AF22)+SUMIFS(Dati!$I$2:$I$46,Dati!$H$2:$H$46,$H22,Dati!$A$2:$A$46,$AF22),"-") -> - | AS22: =IF(AND($H22<>"",$AG22<>"",$H22<>$AG22,IFERROR(INDEX($J$14:$J$23,MATCH($H22,$H$14:$H$23,0)),-1)=IFERROR(INDEX($J$14:$J$23,MATCH($AG22,$H$14:$H$23,0)),-2)),SUMIFS(Dati!$B$2:$B$46,Dati!$A$2:$A$46,$H22,Dati!$H$2:$H$46,$AG22)+SUMIFS(Dati!$I$2:$I$46,Dati!$H$2:$H$46,$H22,Dati!$A$2:$A$46,$AG22),"-") -> - | AT22: =IF(AND($H22<>"",$AH22<>"",$H22<>$AH22,IFERROR(INDEX($J$14:$J$23,MATCH($H22,$H$14:$H$23,0)),-1)=IFERROR(INDEX($J$14:$J$23,MATCH($AH22,$H$14:$H$23,0)),-2)),SUMIFS(Dati!$B$2:$B$46,Dati!$A$2:$A$46,$H22,Dati!$H$2:$H$46,$AH22)+SUMIFS(Dati!$I$2:$I$46,Dati!$H$2:$H$46,$H22,Dati!$A$2:$A$46,$AH22),"-") -> - | AV22: =$C22 -> Lupi Leali-Lupiopoli LO | AW22: =IF(AND($H22<>"",$Y22<>"",$H22<>$Y22,IFERROR(INDEX($J$14:$J$23,MATCH($H22,$H$14:$H$23,0)),-1)=IFERROR(INDEX($J$14:$J$23,MATCH($Y22,$H$14:$H$23,0)),-2)),SUMIFS(Dati!$D$2:$D$46,Dati!$A$2:$A$46,$H22,Dati!$H$2:$H$46,$Y22)+SUMIFS(Dati!$K$2:$K$46,Dati!$H$2:$H$46,$H22,Dati!$A$2:$A$46,$Y22)+SUMIFS(Dati!$C$2:$C$46,Dati!$A$2:$A$46,$H22,Dati!$H$2:$H$46,$Y22)+SUMIFS(Dati!$J$2:$J$46,Dati!$H$2:$H$46,$H22,Dati!$A$2:$A$46,$Y22),"-") -> 0 | AX22: =IF(AND($H22<>"",$Z22<>"",$H22<>$Z22,IFERROR(INDEX($J$14:$J$23,MATCH($H22,$H$14:$H$23,0)),-1)=IFERROR(INDEX($J$14:$J$23,MATCH($Z22,$H$14:$H$23,0)),-2)),SUMIFS(Dati!$D$2:$D$46,Dati!$A$2:$A$46,$H22,Dati!$H$2:$H$46,$Z22)+SUMIFS(Dati!$K$2:$K$46,Dati!$H$2:$H$46,$H22,Dati!$A$2:$A$46,$Z22)+SUMIFS(Dati!$C$2:$C$46,Dati!$A$2:$A$46,$H22,Dati!$H$2:$H$46,$Z22)+SUMIFS(Dati!$J$2:$J$46,Dati!$H$2:$H$46,$H22,Dati!$A$2:$A$46,$Z22),"-") -> - | AY22: =IF(AND($H22<>"",$AA22<>"",$H22<>$AA22,IFERROR(INDEX($J$14:$J$23,MATCH($H22,$H$14:$H$23,0)),-1)=IFERROR(INDEX($J$14:$J$23,MATCH($AA22,$H$14:$H$23,0)),-2)),SUMIFS(Dati!$D$2:$D$46,Dati!$A$2:$A$46,$H22,Dati!$H$2:$H$46,$AA22)+SUMIFS(Dati!$K$2:$K$46,Dati!$H$2:$H$46,$H22,Dati!$A$2:$A$46,$AA22)+SUMIFS(Dati!$C$2:$C$46,Dati!$A$2:$A$46,$H22,Dati!$H$2:$H$46,$AA22)+SUMIFS(Dati!$J$2:$J$46,Dati!$H$2:$H$46,$H22,Dati!$A$2:$A$46,$AA22),"-") -> - | AZ22: =IF(AND($H22<>"",$AB22<>"",$H22<>$AB22,IFERROR(INDEX($J$14:$J$23,MATCH($H22,$H$14:$H$23,0)),-1)=IFERROR(INDEX($J$14:$J$23,MATCH($AB22,$H$14:$H$23,0)),-2)),SUMIFS(Dati!$D$2:$D$46,Dati!$A$2:$A$46,$H22,Dati!$H$2:$H$46,$AB22)+SUMIFS(Dati!$K$2:$K$46,Dati!$H$2:$H$46,$H22,Dati!$A$2:$A$46,$AB22)+SUMIFS(Dati!$C$2:$C$46,Dati!$A$2:$A$46,$H22,Dati!$H$2:$H$46,$AB22)+SUMIFS(Dati!$J$2:$J$46,Dati!$H$2:$H$46,$H22,Dati!$A$2:$A$46,$AB22),"-") -> - | BA22: =IF(AND($H22<>"",$AC22<>"",$H22<>$AC22,IFERROR(INDEX($J$14:$J$23,MATCH($H22,$H$14:$H$23,0)),-1)=IFERROR(INDEX($J$14:$J$23,MATCH($AC22,$H$14:$H$23,0)),-2)),SUMIFS(Dati!$D$2:$D$46,Dati!$A$2:$A$46,$H22,Dati!$H$2:$H$46,$AC22)+SUMIFS(Dati!$K$2:$K$46,Dati!$H$2:$H$46,$H22,Dati!$A$2:$A$46,$AC22)+SUMIFS(Dati!$C$2:$C$46,Dati!$A$2:$A$46,$H22,Dati!$H$2:$H$46,$AC22)+SUMIFS(Dati!$J$2:$J$46,Dati!$H$2:$H$46,$H22,Dati!$A$2:$A$46,$AC22),"-") -> - | BB22: =IF(AND($H22<>"",$AD22<>"",$H22<>$AD22,IFERROR(INDEX($J$14:$J$23,MATCH($H22,$H$14:$H$23,0)),-1)=IFERROR(INDEX($J$14:$J$23,MATCH($AD22,$H$14:$H$23,0)),-2)),SUMIFS(Dati!$D$2:$D$46,Dati!$A$2:$A$46,$H22,Dati!$H$2:$H$46,$AD22)+SUMIFS(Dati!$K$2:$K$46,Dati!$H$2:$H$46,$H22,Dati!$A$2:$A$46,$AD22)+SUMIFS(Dati!$C$2:$C$46,Dati!$A$2:$A$46,$H22,Dati!$H$2:$H$46,$AD22)+SUMIFS(Dati!$J$2:$J$46,Dati!$H$2:$H$46,$H22,Dati!$A$2:$A$46,$AD22),"-") -> 1 | BC22: =IF(AND($H22<>"",$AE22<>"",$H22<>$AE22,IFERROR(INDEX($J$14:$J$23,MATCH($H22,$H$14:$H$23,0)),-1)=IFERROR(INDEX($J$14:$J$23,MATCH($AE22,$H$14:$H$23,0)),-2)),SUMIFS(Dati!$D$2:$D$46,Dati!$A$2:$A$46,$H22,Dati!$H$2:$H$46,$AE22)+SUMIFS(Dati!$K$2:$K$46,Dati!$H$2:$H$46,$H22,Dati!$A$2:$A$46,$AE22)+SUMIFS(Dati!$C$2:$C$46,Dati!$A$2:$A$46,$H22,Dati!$H$2:$H$46,$AE22)+SUMIFS(Dati!$J$2:$J$46,Dati!$H$2:$H$46,$H22,Dati!$A$2:$A$46,$AE22),"-") -> - | BD22: =IF(AND($H22<>"",$AF22<>"",$H22<>$AF22,IFERROR(INDEX($J$14:$J$23,MATCH($H22,$H$14:$H$23,0)),-1)=IFERROR(INDEX($J$14:$J$23,MATCH($AF22,$H$14:$H$23,0)),-2)),SUMIFS(Dati!$D$2:$D$46,Dati!$A$2:$A$46,$H22,Dati!$H$2:$H$46,$AF22)+SUMIFS(Dati!$K$2:$K$46,Dati!$H$2:$H$46,$H22,Dati!$A$2:$A$46,$AF22)+SUMIFS(Dati!$C$2:$C$46,Dati!$A$2:$A$46,$H22,Dati!$H$2:$H$46,$AF22)+SUMIFS(Dati!$J$2:$J$46,Dati!$H$2:$H$46,$H22,Dati!$A$2:$A$46,$AF22),"-") -> - | BE22: =IF(AND($H22<>"",$AG22<>"",$H22<>$AG22,IFERROR(INDEX($J$14:$J$23,MATCH($H22,$H$14:$H$23,0)),-1)=IFERROR(INDEX($J$14:$J$23,MATCH($AG22,$H$14:$H$23,0)),-2)),SUMIFS(Dati!$D$2:$D$46,Dati!$A$2:$A$46,$H22,Dati!$H$2:$H$46,$AG22)+SUMIFS(Dati!$K$2:$K$46,Dati!$H$2:$H$46,$H22,Dati!$A$2:$A$46,$AG22)+SUMIFS(Dati!$C$2:$C$46,Dati!$A$2:$A$46,$H22,Dati!$H$2:$H$46,$AG22)+SUMIFS(Dati!$J$2:$J$46,Dati!$H$2:$H$46,$H22,Dati!$A$2:$A$46,$AG22),"-") -> - | BF22: =IF(AND($H22<>"",$AH22<>"",$H22<>$AH22,IFERROR(INDEX($J$14:$J$23,MATCH($H22,$H$14:$H$23,0)),-1)=IFERROR(INDEX($J$14:$J$23,MATCH($AH22,$H$14:$H$23,0)),-2)),SUMIFS(Dati!$D$2:$D$46,Dati!$A$2:$A$46,$H22,Dati!$H$2:$H$46,$AH22)+SUMIFS(Dati!$K$2:$K$46,Dati!$H$2:$H$46,$H22,Dati!$A$2:$A$46,$AH22)+SUMIFS(Dati!$C$2:$C$46,Dati!$A$2:$A$46,$H22,Dati!$H$2:$H$46,$AH22)+SUMIFS(Dati!$J$2:$J$46,Dati!$H$2:$H$46,$H22,Dati!$A$2:$A$46,$AH22),"-") -> - | BH22: =$C22 -> Lupi Leali-Lupiopoli LO | BI22: =IF(AND($H22<>"",$Y22<>"",$H22<>$Y22,IFERROR(INDEX($J$14:$J$23,MATCH($H22,$H$14:$H$23,0)),-1)=IFERROR(INDEX($J$14:$J$23,MATCH($Y22,$H$14:$H$23,0)),-2)),SUMIFS(Dati!$E$2:$E$46,Dati!$A$2:$A$46,$H22,Dati!$H$2:$H$46,$Y22)+SUMIFS(Dati!$L$2:$L$46,Dati!$H$2:$H$46,$H22,Dati!$A$2:$A$46,$Y22),"-") -> 52 | BJ22: =IF(AND($H22<>"",$Z22<>"",$H22<>$Z22,IFERROR(INDEX($J$14:$J$23,MATCH($H22,$H$14:$H$23,0)),-1)=IFERROR(INDEX($J$14:$J$23,MATCH($Z22,$H$14:$H$23,0)),-2)),SUMIFS(Dati!$E$2:$E$46,Dati!$A$2:$A$46,$H22,Dati!$H$2:$H$46,$Z22)+SUMIFS(Dati!$L$2:$L$46,Dati!$H$2:$H$46,$H22,Dati!$A$2:$A$46,$Z22),"-") -> - | BK22: =IF(AND($H22<>"",$AA22<>"",$H22<>$AA22,IFERROR(INDEX($J$14:$J$23,MATCH($H22,$H$14:$H$23,0)),-1)=IFERROR(INDEX($J$14:$J$23,MATCH($AA22,$H$14:$H$23,0)),-2)),SUMIFS(Dati!$E$2:$E$46,Dati!$A$2:$A$46,$H22,Dati!$H$2:$H$46,$AA22)+SUMIFS(Dati!$L$2:$L$46,Dati!$H$2:$H$46,$H22,Dati!$A$2:$A$46,$AA22),"-") -> - | BL22: =IF(AND($H22<>"",$AB22<>"",$H22<>$AB22,IFERROR(INDEX($J$14:$J$23,MATCH($H22,$H$14:$H$23,0)),-1)=IFERROR(INDEX($J$14:$J$23,MATCH($AB22,$H$14:$H$23,0)),-2)),SUMIFS(Dati!$E$2:$E$46,Dati!$A$2:$A$46,$H22,Dati!$H$2:$H$46,$AB22)+SUMIFS(Dati!$L$2:$L$46,Dati!$H$2:$H$46,$H22,Dati!$A$2:$A$46,$AB22),"-") -> - | BM22: =IF(AND($H22<>"",$AC22<>"",$H22<>$AC22,IFERROR(INDEX($J$14:$J$23,MATCH($H22,$H$14:$H$23,0)),-1)=IFERROR(INDEX($J$14:$J$23,MATCH($AC22,$H$14:$H$23,0)),-2)),SUMIFS(Dati!$E$2:$E$46,Dati!$A$2:$A$46,$H22,Dati!$H$2:$H$46,$AC22)+SUMIFS(Dati!$L$2:$L$46,Dati!$H$2:$H$46,$H22,Dati!$A$2:$A$46,$AC22),"-") -> - | BN22: =IF(AND($H22<>"",$AD22<>"",$H22<>$AD22,IFERROR(INDEX($J$14:$J$23,MATCH($H22,$H$14:$H$23,0)),-1)=IFERROR(INDEX($J$14:$J$23,MATCH($AD22,$H$14:$H$23,0)),-2)),SUMIFS(Dati!$E$2:$E$46,Dati!$A$2:$A$46,$H22,Dati!$H$2:$H$46,$AD22)+SUMIFS(Dati!$L$2:$L$46,Dati!$H$2:$H$46,$H22,Dati!$A$2:$A$46,$AD22),"-") -> 50 | BO22: =IF(AND($H22<>"",$AE22<>"",$H22<>$AE22,IFERROR(INDEX($J$14:$J$23,MATCH($H22,$H$14:$H$23,0)),-1)=IFERROR(INDEX($J$14:$J$23,MATCH($AE22,$H$14:$H$23,0)),-2)),SUMIFS(Dati!$E$2:$E$46,Dati!$A$2:$A$46,$H22,Dati!$H$2:$H$46,$AE22)+SUMIFS(Dati!$L$2:$L$46,Dati!$H$2:$H$46,$H22,Dati!$A$2:$A$46,$AE22),"-") -> - | BP22: =IF(AND($H22<>"",$AF22<>"",$H22<>$AF22,IFERROR(INDEX($J$14:$J$23,MATCH($H22,$H$14:$H$23,0)),-1)=IFERROR(INDEX($J$14:$J$23,MATCH($AF22,$H$14:$H$23,0)),-2)),SUMIFS(Dati!$E$2:$E$46,Dati!$A$2:$A$46,$H22,Dati!$H$2:$H$46,$AF22)+SUMIFS(Dati!$L$2:$L$46,Dati!$H$2:$H$46,$H22,Dati!$A$2:$A$46,$AF22),"-") -> - | BQ22: =IF(AND($H22<>"",$AG22<>"",$H22<>$AG22,IFERROR(INDEX($J$14:$J$23,MATCH($H22,$H$14:$H$23,0)),-1)=IFERROR(INDEX($J$14:$J$23,MATCH($AG22,$H$14:$H$23,0)),-2)),SUMIFS(Dati!$E$2:$E$46,Dati!$A$2:$A$46,$H22,Dati!$H$2:$H$46,$AG22)+SUMIFS(Dati!$L$2:$L$46,Dati!$H$2:$H$46,$H22,Dati!$A$2:$A$46,$AG22),"-") -> - | BR22: =IF(AND($H22<>"",$AH22<>"",$H22<>$AH22,IFERROR(INDEX($J$14:$J$23,MATCH($H22,$H$14:$H$23,0)),-1)=IFERROR(INDEX($J$14:$J$23,MATCH($AH22,$H$14:$H$23,0)),-2)),SUMIFS(Dati!$E$2:$E$46,Dati!$A$2:$A$46,$H22,Dati!$H$2:$H$46,$AH22)+SUMIFS(Dati!$L$2:$L$46,Dati!$H$2:$H$46,$H22,Dati!$A$2:$A$46,$AH22),"-") -> - | BT22: =$C22 -> Lupi Leali-Lupiopoli LO | BU22: =IF(AND($H22<>"",$Y22<>"",$H22<>$Y22,IFERROR(INDEX($J$14:$J$23,MATCH($H22,$H$14:$H$23,0)),-1)=IFERROR(INDEX($J$14:$J$23,MATCH($Y22,$H$14:$H$23,0)),-2)),SUMIFS(Dati!$F$2:$F$46,Dati!$A$2:$A$46,$H22,Dati!$H$2:$H$46,$Y22)+SUMIFS(Dati!$M$2:$M$46,Dati!$H$2:$H$46,$H22,Dati!$A$2:$A$46,$Y22),"-") -> 50 | BV22: =IF(AND($H22<>"",$Z22<>"",$H22<>$Z22,IFERROR(INDEX($J$14:$J$23,MATCH($H22,$H$14:$H$23,0)),-1)=IFERROR(INDEX($J$14:$J$23,MATCH($Z22,$H$14:$H$23,0)),-2)),SUMIFS(Dati!$F$2:$F$46,Dati!$A$2:$A$46,$H22,Dati!$H$2:$H$46,$Z22)+SUMIFS(Dati!$M$2:$M$46,Dati!$H$2:$H$46,$H22,Dati!$A$2:$A$46,$Z22),"-") -> - | BW22: =IF(AND($H22<>"",$AA22<>"",$H22<>$AA22,IFERROR(INDEX($J$14:$J$23,MATCH($H22,$H$14:$H$23,0)),-1)=IFERROR(INDEX($J$14:$J$23,MATCH($AA22,$H$14:$H$23,0)),-2)),SUMIFS(Dati!$F$2:$F$46,Dati!$A$2:$A$46,$H22,Dati!$H$2:$H$46,$AA22)+SUMIFS(Dati!$M$2:$M$46,Dati!$H$2:$H$46,$H22,Dati!$A$2:$A$46,$AA22),"-") -> - | BX22: =IF(AND($H22<>"",$AB22<>"",$H22<>$AB22,IFERROR(INDEX($J$14:$J$23,MATCH($H22,$H$14:$H$23,0)),-1)=IFERROR(INDEX($J$14:$J$23,MATCH($AB22,$H$14:$H$23,0)),-2)),SUMIFS(Dati!$F$2:$F$46,Dati!$A$2:$A$46,$H22,Dati!$H$2:$H$46,$AB22)+SUMIFS(Dati!$M$2:$M$46,Dati!$H$2:$H$46,$H22,Dati!$A$2:$A$46,$AB22),"-") -> - | BY22: =IF(AND($H22<>"",$AC22<>"",$H22<>$AC22,IFERROR(INDEX($J$14:$J$23,MATCH($H22,$H$14:$H$23,0)),-1)=IFERROR(INDEX($J$14:$J$23,MATCH($AC22,$H$14:$H$23,0)),-2)),SUMIFS(Dati!$F$2:$F$46,Dati!$A$2:$A$46,$H22,Dati!$H$2:$H$46,$AC22)+SUMIFS(Dati!$M$2:$M$46,Dati!$H$2:$H$46,$H22,Dati!$A$2:$A$46,$AC22),"-") -> - | BZ22: =IF(AND($H22<>"",$AD22<>"",$H22<>$AD22,IFERROR(INDEX($J$14:$J$23,MATCH($H22,$H$14:$H$23,0)),-1)=IFERROR(INDEX($J$14:$J$23,MATCH($AD22,$H$14:$H$23,0)),-2)),SUMIFS(Dati!$F$2:$F$46,Dati!$A$2:$A$46,$H22,Dati!$H$2:$H$46,$AD22)+SUMIFS(Dati!$M$2:$M$46,Dati!$H$2:$H$46,$H22,Dati!$A$2:$A$46,$AD22),"-") -> 55 | CA22: =IF(AND($H22<>"",$AE22<>"",$H22<>$AE22,IFERROR(INDEX($J$14:$J$23,MATCH($H22,$H$14:$H$23,0)),-1)=IFERROR(INDEX($J$14:$J$23,MATCH($AE22,$H$14:$H$23,0)),-2)),SUMIFS(Dati!$F$2:$F$46,Dati!$A$2:$A$46,$H22,Dati!$H$2:$H$46,$AE22)+SUMIFS(Dati!$M$2:$M$46,Dati!$H$2:$H$46,$H22,Dati!$A$2:$A$46,$AE22),"-") -> - | CB22: =IF(AND($H22<>"",$AF22<>"",$H22<>$AF22,IFERROR(INDEX($J$14:$J$23,MATCH($H22,$H$14:$H$23,0)),-1)=IFERROR(INDEX($J$14:$J$23,MATCH($AF22,$H$14:$H$23,0)),-2)),SUMIFS(Dati!$F$2:$F$46,Dati!$A$2:$A$46,$H22,Dati!$H$2:$H$46,$AF22)+SUMIFS(Dati!$M$2:$M$46,Dati!$H$2:$H$46,$H22,Dati!$A$2:$A$46,$AF22),"-") -> - | CC22: =IF(AND($H22<>"",$AG22<>"",$H22<>$AG22,IFERROR(INDEX($J$14:$J$23,MATCH($H22,$H$14:$H$23,0)),-1)=IFERROR(INDEX($J$14:$J$23,MATCH($AG22,$H$14:$H$23,0)),-2)),SUMIFS(Dati!$F$2:$F$46,Dati!$A$2:$A$46,$H22,Dati!$H$2:$H$46,$AG22)+SUMIFS(Dati!$M$2:$M$46,Dati!$H$2:$H$46,$H22,Dati!$A$2:$A$46,$AG22),"-") -> - | CD22: =IF(AND($H22<>"",$AH22<>"",$H22<>$AH22,IFERROR(INDEX($J$14:$J$23,MATCH($H22,$H$14:$H$23,0)),-1)=IFERROR(INDEX($J$14:$J$23,MATCH($AH22,$H$14:$H$23,0)),-2)),SUMIFS(Dati!$F$2:$F$46,Dati!$A$2:$A$46,$H22,Dati!$H$2:$H$46,$AH22)+SUMIFS(Dati!$M$2:$M$46,Dati!$H$2:$H$46,$H22,Dati!$A$2:$A$46,$AH22),"-") -> - | CF22: =IF($C22="","",SUM(AK22:AT22)) -> 1
B23: A10 | C23: Marmotte Mobili-Marmotteopoli MU | E23: A | G23: =IF($C23="","",$E23&(COUNTIFS(I$14:I$23,">"&I23,E$14:E$23,"="&E23,C$14:C$23,"<>")+COUNTIFS(I$14:I$23,"="&I23,H$14:H$23,"<="&H23,E$14:E$23,"="&E23,C$14:C$23,"<>"))) -> A8 | H23: =IF($C23="","",IFERROR(LEFT($C23,FIND("-",$C23)-1),$C23)) -> Marmotte Mobili | I23: =TEXT(1000000000+J23,"|0000000000|")&TEXT(SUM(AK23:AT23),"0000000000|")&IF(SUM(BU23:CD23)=0,"0000000000|",TEXT(ROUND(SUM(BI23:BR23)/SUM(BU23:CD23),4)*100000,"0000000000|"))&IF(P23=0,"0000000000|",TEXT(ROUND(O23/P23,4)*100000,"0000000000|")) -> |1000000015|0000000001|0000100000|0000087840| | J23: =L23*Campionato!$D$7+M23*Campionato!$D$8+N23*Campionato!$D$9+IF(D23="",0,D23) -> 15 | K23: =SUM(L23:N23) -> 9 | L23: =IF($H23="",0,SUMIF(Dati!$A$2:$A$46,$H23,Dati!$B$2:$B$46)+SUMIF(Dati!$H$2:$H$46,$H23,Dati!$I$2:$I$46)) -> 3 | M23: =IF($H23="",0,SUMIF(Dati!$A$2:$A$46,$H23,Dati!$D$2:$D$46)+SUMIF(Dati!$H$2:$H$46,$H23,Dati!$K$2:$K$46)) -> 6 | N23: =IF($H23="",0,SUMIF(Dati!$A$2:$A$46,$H23,Dati!$C$2:$C$46)+SUMIF(Dati!$H$2:$H$46,$H23,Dati!$J$2:$J$46)) -> 0 | O23: =IF($H23="",0,SUMIF(Dati!$A$2:$A$46,$H23,Dati!$E$2:$E$46)+SUMIF(Dati!$H$2:$H$46,$H23,Dati!$L$2:$L$46)) -> 455 | P23: =IF($H23="",0,SUMIF(Dati!$A$2:$A$46,$H23,Dati!$F$2:$F$46)+SUMIF(Dati!$H$2:$H$46,$H23,Dati!$M$2:$M$46)) -> 518 | Q23: =IF($H23="",0,SUMIF(Dati!$A$2:$A$46,$H23,Dati!$G$2:$G$46)+SUMIF(Dati!$H$2:$H$46,$H23,Dati!$N$2:$N$46)) -> -63 | R23: =IF(K23=0,0,ROUND(O23/K23,2)) -> 50.56 | S23: =IF(K23=0,0,ROUND(P23/K23,2)) -> 57.56 | T23: =IF(K23=0,0,ROUND(Q23/K23,2)) -> -7 | U23: =IF(COUNTIFS($E$14:$E$23,$E23,$J$14:$J$23,$J23,$C$14:$C$23,"<>")<=1,"-",SUM(AK23:AT23)&"-"&SUM(AW23:BF23)) -> 1-1 | V23: =IF(COUNTIFS($E$14:$E$23,$E23,$J$14:$J$23,$J23,$C$14:$C$23,"<>",$CF$14:$CF$23,$CF23)<=1,"-",IF(SUM(BU23:CD23)=0,0,ROUND(SUM(BI23:BR23)/SUM(BU23:CD23),3))) -> 1 | W23: =IF(COUNTIFS($E$14:$E$23,$E23,$J$14:$J$23,$J23,$C$14:$C$23,"<>",$CF$14:$CF$23,$CF23,$V$14:$V$23,$V23)<=1,"-",IF(P23=0,0,ROUND(O23/P23,3))) -> 0.878 | X23: =IF($C23="","",$E23&"#"&COUNTIFS($E$14:$E23,$E23,$C$14:$C23,"<>")) -> A#10 | Y23: =IFERROR(INDEX($H$14:$H$23,MATCH($E23&"#1",$X$14:$X$23,0)),"") -> Anaconde Audaci | Z23: =IFERROR(INDEX($H$14:$H$23,MATCH($E23&"#2",$X$14:$X$23,0)),"") -> Bufali Belligeranti | AA23: =IFERROR(INDEX($H$14:$H$23,MATCH($E23&"#3",$X$14:$X$23,0)),"") -> Cobra Celeri | AB23: =IFERROR(INDEX($H$14:$H$23,MATCH($E23&"#4",$X$14:$X$23,0)),"") -> Dingo Docili | AC23: =IFERROR(INDEX($H$14:$H$23,MATCH($E23&"#5",$X$14:$X$23,0)),"") -> Ermellini Eleganti | AD23: =IFERROR(INDEX($H$14:$H$23,MATCH($E23&"#6",$X$14:$X$23,0)),"") -> Falchi Feroci | AE23: =IFERROR(INDEX($H$14:$H$23,MATCH($E23&"#7",$X$14:$X$23,0)),"") -> Gazzelle Gentili | AF23: =IFERROR(INDEX($H$14:$H$23,MATCH($E23&"#8",$X$14:$X$23,0)),"") -> Ibis Instancabili | AG23: =IFERROR(INDEX($H$14:$H$23,MATCH($E23&"#9",$X$14:$X$23,0)),"") -> Lupi Leali | AH23: =IFERROR(INDEX($H$14:$H$23,MATCH($E23&"#10",$X$14:$X$23,0)),"") -> Marmotte Mobili | AJ23: =$C23 -> Marmotte Mobili-Marmotteopoli MU | AK23: =IF(AND($H23<>"",$Y23<>"",$H23<>$Y23,IFERROR(INDEX($J$14:$J$23,MATCH($H23,$H$14:$H$23,0)),-1)=IFERROR(INDEX($J$14:$J$23,MATCH($Y23,$H$14:$H$23,0)),-2)),SUMIFS(Dati!$B$2:$B$46,Dati!$A$2:$A$46,$H23,Dati!$H$2:$H$46,$Y23)+SUMIFS(Dati!$I$2:$I$46,Dati!$H$2:$H$46,$H23,Dati!$A$2:$A$46,$Y23),"-") -> - | AL23: =IF(AND($H23<>"",$Z23<>"",$H23<>$Z23,IFERROR(INDEX($J$14:$J$23,MATCH($H23,$H$14:$H$23,0)),-1)=IFERROR(INDEX($J$14:$J$23,MATCH($Z23,$H$14:$H$23,0)),-2)),SUMIFS(Dati!$B$2:$B$46,Dati!$A$2:$A$46,$H23,Dati!$H$2:$H$46,$Z23)+SUMIFS(Dati!$I$2:$I$46,Dati!$H$2:$H$46,$H23,Dati!$A$2:$A$46,$Z23),"-") -> 1 | AM23: =IF(AND($H23<>"",$AA23<>"",$H23<>$AA23,IFERROR(INDEX($J$14:$J$23,MATCH($H23,$H$14:$H$23,0)),-1)=IFERROR(INDEX($J$14:$J$23,MATCH($AA23,$H$14:$H$23,0)),-2)),SUMIFS(Dati!$B$2:$B$46,Dati!$A$2:$A$46,$H23,Dati!$H$2:$H$46,$AA23)+SUMIFS(Dati!$I$2:$I$46,Dati!$H$2:$H$46,$H23,Dati!$A$2:$A$46,$AA23),"-") -> - | AN23: =IF(AND($H23<>"",$AB23<>"",$H23<>$AB23,IFERROR(INDEX($J$14:$J$23,MATCH($H23,$H$14:$H$23,0)),-1)=IFERROR(INDEX($J$14:$J$23,MATCH($AB23,$H$14:$H$23,0)),-2)),SUMIFS(Dati!$B$2:$B$46,Dati!$A$2:$A$46,$H23,Dati!$H$2:$H$46,$AB23)+SUMIFS(Dati!$I$2:$I$46,Dati!$H$2:$H$46,$H23,Dati!$A$2:$A$46,$AB23),"-") -> - | AO23: =IF(AND($H23<>"",$AC23<>"",$H23<>$AC23,IFERROR(INDEX($J$14:$J$23,MATCH($H23,$H$14:$H$23,0)),-1)=IFERROR(INDEX($J$14:$J$23,MATCH($AC23,$H$14:$H$23,0)),-2)),SUMIFS(Dati!$B$2:$B$46,Dati!$A$2:$A$46,$H23,Dati!$H$2:$H$46,$AC23)+SUMIFS(Dati!$I$2:$I$46,Dati!$H$2:$H$46,$H23,Dati!$A$2:$A$46,$AC23),"-") -> 0 | AP23: =IF(AND($H23<>"",$AD23<>"",$H23<>$AD23,IFERROR(INDEX($J$14:$J$23,MATCH($H23,$H$14:$H$23,0)),-1)=IFERROR(INDEX($J$14:$J$23,MATCH($AD23,$H$14:$H$23,0)),-2)),SUMIFS(Dati!$B$2:$B$46,Dati!$A$2:$A$46,$H23,Dati!$H$2:$H$46,$AD23)+SUMIFS(Dati!$I$2:$I$46,Dati!$H$2:$H$46,$H23,Dati!$A$2:$A$46,$AD23),"-") -> - | AQ23: =IF(AND($H23<>"",$AE23<>"",$H23<>$AE23,IFERROR(INDEX($J$14:$J$23,MATCH($H23,$H$14:$H$23,0)),-1)=IFERROR(INDEX($J$14:$J$23,MATCH($AE23,$H$14:$H$23,0)),-2)),SUMIFS(Dati!$B$2:$B$46,Dati!$A$2:$A$46,$H23,Dati!$H$2:$H$46,$AE23)+SUMIFS(Dati!$I$2:$I$46,Dati!$H$2:$H$46,$H23,Dati!$A$2:$A$46,$AE23),"-") -> - | AR23: =IF(AND($H23<>"",$AF23<>"",$H23<>$AF23,IFERROR(INDEX($J$14:$J$23,MATCH($H23,$H$14:$H$23,0)),-1)=IFERROR(INDEX($J$14:$J$23,MATCH($AF23,$H$14:$H$23,0)),-2)),SUMIFS(Dati!$B$2:$B$46,Dati!$A$2:$A$46,$H23,Dati!$H$2:$H$46,$AF23)+SUMIFS(Dati!$I$2:$I$46,Dati!$H$2:$H$46,$H23,Dati!$A$2:$A$46,$AF23),"-") -> - | AS23: =IF(AND($H23<>"",$AG23<>"",$H23<>$AG23,IFERROR(INDEX($J$14:$J$23,MATCH($H23,$H$14:$H$23,0)),-1)=IFERROR(INDEX($J$14:$J$23,MATCH($AG23,$H$14:$H$23,0)),-2)),SUMIFS(Dati!$B$2:$B$46,Dati!$A$2:$A$46,$H23,Dati!$H$2:$H$46,$AG23)+SUMIFS(Dati!$I$2:$I$46,Dati!$H$2:$H$46,$H23,Dati!$A$2:$A$46,$AG23),"-") -> - | AT23: =IF(AND($H23<>"",$AH23<>"",$H23<>$AH23,IFERROR(INDEX($J$14:$J$23,MATCH($H23,$H$14:$H$23,0)),-1)=IFERROR(INDEX($J$14:$J$23,MATCH($AH23,$H$14:$H$23,0)),-2)),SUMIFS(Dati!$B$2:$B$46,Dati!$A$2:$A$46,$H23,Dati!$H$2:$H$46,$AH23)+SUMIFS(Dati!$I$2:$I$46,Dati!$H$2:$H$46,$H23,Dati!$A$2:$A$46,$AH23),"-") -> - | AV23: =$C23 -> Marmotte Mobili-Marmotteopoli MU | AW23: =IF(AND($H23<>"",$Y23<>"",$H23<>$Y23,IFERROR(INDEX($J$14:$J$23,MATCH($H23,$H$14:$H$23,0)),-1)=IFERROR(INDEX($J$14:$J$23,MATCH($Y23,$H$14:$H$23,0)),-2)),SUMIFS(Dati!$D$2:$D$46,Dati!$A$2:$A$46,$H23,Dati!$H$2:$H$46,$Y23)+SUMIFS(Dati!$K$2:$K$46,Dati!$H$2:$H$46,$H23,Dati!$A$2:$A$46,$Y23)+SUMIFS(Dati!$C$2:$C$46,Dati!$A$2:$A$46,$H23,Dati!$H$2:$H$46,$Y23)+SUMIFS(Dati!$J$2:$J$46,Dati!$H$2:$H$46,$H23,Dati!$A$2:$A$46,$Y23),"-") -> - | AX23: =IF(AND($H23<>"",$Z23<>"",$H23<>$Z23,IFERROR(INDEX($J$14:$J$23,MATCH($H23,$H$14:$H$23,0)),-1)=IFERROR(INDEX($J$14:$J$23,MATCH($Z23,$H$14:$H$23,0)),-2)),SUMIFS(Dati!$D$2:$D$46,Dati!$A$2:$A$46,$H23,Dati!$H$2:$H$46,$Z23)+SUMIFS(Dati!$K$2:$K$46,Dati!$H$2:$H$46,$H23,Dati!$A$2:$A$46,$Z23)+SUMIFS(Dati!$C$2:$C$46,Dati!$A$2:$A$46,$H23,Dati!$H$2:$H$46,$Z23)+SUMIFS(Dati!$J$2:$J$46,Dati!$H$2:$H$46,$H23,Dati!$A$2:$A$46,$Z23),"-") -> 0 | AY23: =IF(AND($H23<>"",$AA23<>"",$H23<>$AA23,IFERROR(INDEX($J$14:$J$23,MATCH($H23,$H$14:$H$23,0)),-1)=IFERROR(INDEX($J$14:$J$23,MATCH($AA23,$H$14:$H$23,0)),-2)),SUMIFS(Dati!$D$2:$D$46,Dati!$A$2:$A$46,$H23,Dati!$H$2:$H$46,$AA23)+SUMIFS(Dati!$K$2:$K$46,Dati!$H$2:$H$46,$H23,Dati!$A$2:$A$46,$AA23)+SUMIFS(Dati!$C$2:$C$46,Dati!$A$2:$A$46,$H23,Dati!$H$2:$H$46,$AA23)+SUMIFS(Dati!$J$2:$J$46,Dati!$H$2:$H$46,$H23,Dati!$A$2:$A$46,$AA23),"-") -> - | AZ23: =IF(AND($H23<>"",$AB23<>"",$H23<>$AB23,IFERROR(INDEX($J$14:$J$23,MATCH($H23,$H$14:$H$23,0)),-1)=IFERROR(INDEX($J$14:$J$23,MATCH($AB23,$H$14:$H$23,0)),-2)),SUMIFS(Dati!$D$2:$D$46,Dati!$A$2:$A$46,$H23,Dati!$H$2:$H$46,$AB23)+SUMIFS(Dati!$K$2:$K$46,Dati!$H$2:$H$46,$H23,Dati!$A$2:$A$46,$AB23)+SUMIFS(Dati!$C$2:$C$46,Dati!$A$2:$A$46,$H23,Dati!$H$2:$H$46,$AB23)+SUMIFS(Dati!$J$2:$J$46,Dati!$H$2:$H$46,$H23,Dati!$A$2:$A$46,$AB23),"-") -> - | BA23: =IF(AND($H23<>"",$AC23<>"",$H23<>$AC23,IFERROR(INDEX($J$14:$J$23,MATCH($H23,$H$14:$H$23,0)),-1)=IFERROR(INDEX($J$14:$J$23,MATCH($AC23,$H$14:$H$23,0)),-2)),SUMIFS(Dati!$D$2:$D$46,Dati!$A$2:$A$46,$H23,Dati!$H$2:$H$46,$AC23)+SUMIFS(Dati!$K$2:$K$46,Dati!$H$2:$H$46,$H23,Dati!$A$2:$A$46,$AC23)+SUMIFS(Dati!$C$2:$C$46,Dati!$A$2:$A$46,$H23,Dati!$H$2:$H$46,$AC23)+SUMIFS(Dati!$J$2:$J$46,Dati!$H$2:$H$46,$H23,Dati!$A$2:$A$46,$AC23),"-") -> 1 | BB23: =IF(AND($H23<>"",$AD23<>"",$H23<>$AD23,IFERROR(INDEX($J$14:$J$23,MATCH($H23,$H$14:$H$23,0)),-1)=IFERROR(INDEX($J$14:$J$23,MATCH($AD23,$H$14:$H$23,0)),-2)),SUMIFS(Dati!$D$2:$D$46,Dati!$A$2:$A$46,$H23,Dati!$H$2:$H$46,$AD23)+SUMIFS(Dati!$K$2:$K$46,Dati!$H$2:$H$46,$H23,Dati!$A$2:$A$46,$AD23)+SUMIFS(Dati!$C$2:$C$46,Dati!$A$2:$A$46,$H23,Dati!$H$2:$H$46,$AD23)+SUMIFS(Dati!$J$2:$J$46,Dati!$H$2:$H$46,$H23,Dati!$A$2:$A$46,$AD23),"-") -> - | BC23: =IF(AND($H23<>"",$AE23<>"",$H23<>$AE23,IFERROR(INDEX($J$14:$J$23,MATCH($H23,$H$14:$H$23,0)),-1)=IFERROR(INDEX($J$14:$J$23,MATCH($AE23,$H$14:$H$23,0)),-2)),SUMIFS(Dati!$D$2:$D$46,Dati!$A$2:$A$46,$H23,Dati!$H$2:$H$46,$AE23)+SUMIFS(Dati!$K$2:$K$46,Dati!$H$2:$H$46,$H23,Dati!$A$2:$A$46,$AE23)+SUMIFS(Dati!$C$2:$C$46,Dati!$A$2:$A$46,$H23,Dati!$H$2:$H$46,$AE23)+SUMIFS(Dati!$J$2:$J$46,Dati!$H$2:$H$46,$H23,Dati!$A$2:$A$46,$AE23),"-") -> - | BD23: =IF(AND($H23<>"",$AF23<>"",$H23<>$AF23,IFERROR(INDEX($J$14:$J$23,MATCH($H23,$H$14:$H$23,0)),-1)=IFERROR(INDEX($J$14:$J$23,MATCH($AF23,$H$14:$H$23,0)),-2)),SUMIFS(Dati!$D$2:$D$46,Dati!$A$2:$A$46,$H23,Dati!$H$2:$H$46,$AF23)+SUMIFS(Dati!$K$2:$K$46,Dati!$H$2:$H$46,$H23,Dati!$A$2:$A$46,$AF23)+SUMIFS(Dati!$C$2:$C$46,Dati!$A$2:$A$46,$H23,Dati!$H$2:$H$46,$AF23)+SUMIFS(Dati!$J$2:$J$46,Dati!$H$2:$H$46,$H23,Dati!$A$2:$A$46,$AF23),"-") -> - | BE23: =IF(AND($H23<>"",$AG23<>"",$H23<>$AG23,IFERROR(INDEX($J$14:$J$23,MATCH($H23,$H$14:$H$23,0)),-1)=IFERROR(INDEX($J$14:$J$23,MATCH($AG23,$H$14:$H$23,0)),-2)),SUMIFS(Dati!$D$2:$D$46,Dati!$A$2:$A$46,$H23,Dati!$H$2:$H$46,$AG23)+SUMIFS(Dati!$K$2:$K$46,Dati!$H$2:$H$46,$H23,Dati!$A$2:$A$46,$AG23)+SUMIFS(Dati!$C$2:$C$46,Dati!$A$2:$A$46,$H23,Dati!$H$2:$H$46,$AG23)+SUMIFS(Dati!$J$2:$J$46,Dati!$H$2:$H$46,$H23,Dati!$A$2:$A$46,$AG23),"-") -> - | BF23: =IF(AND($H23<>"",$AH23<>"",$H23<>$AH23,IFERROR(INDEX($J$14:$J$23,MATCH($H23,$H$14:$H$23,0)),-1)=IFERROR(INDEX($J$14:$J$23,MATCH($AH23,$H$14:$H$23,0)),-2)),SUMIFS(Dati!$D$2:$D$46,Dati!$A$2:$A$46,$H23,Dati!$H$2:$H$46,$AH23)+SUMIFS(Dati!$K$2:$K$46,Dati!$H$2:$H$46,$H23,Dati!$A$2:$A$46,$AH23)+SUMIFS(Dati!$C$2:$C$46,Dati!$A$2:$A$46,$H23,Dati!$H$2:$H$46,$AH23)+SUMIFS(Dati!$J$2:$J$46,Dati!$H$2:$H$46,$H23,Dati!$A$2:$A$46,$AH23),"-") -> - | BH23: =$C23 -> Marmotte Mobili-Marmotteopoli MU | BI23: =IF(AND($H23<>"",$Y23<>"",$H23<>$Y23,IFERROR(INDEX($J$14:$J$23,MATCH($H23,$H$14:$H$23,0)),-1)=IFERROR(INDEX($J$14:$J$23,MATCH($Y23,$H$14:$H$23,0)),-2)),SUMIFS(Dati!$E$2:$E$46,Dati!$A$2:$A$46,$H23,Dati!$H$2:$H$46,$Y23)+SUMIFS(Dati!$L$2:$L$46,Dati!$H$2:$H$46,$H23,Dati!$A$2:$A$46,$Y23),"-") -> - | BJ23: =IF(AND($H23<>"",$Z23<>"",$H23<>$Z23,IFERROR(INDEX($J$14:$J$23,MATCH($H23,$H$14:$H$23,0)),-1)=IFERROR(INDEX($J$14:$J$23,MATCH($Z23,$H$14:$H$23,0)),-2)),SUMIFS(Dati!$E$2:$E$46,Dati!$A$2:$A$46,$H23,Dati!$H$2:$H$46,$Z23)+SUMIFS(Dati!$L$2:$L$46,Dati!$H$2:$H$46,$H23,Dati!$A$2:$A$46,$Z23),"-") -> 50 | BK23: =IF(AND($H23<>"",$AA23<>"",$H23<>$AA23,IFERROR(INDEX($J$14:$J$23,MATCH($H23,$H$14:$H$23,0)),-1)=IFERROR(INDEX($J$14:$J$23,MATCH($AA23,$H$14:$H$23,0)),-2)),SUMIFS(Dati!$E$2:$E$46,Dati!$A$2:$A$46,$H23,Dati!$H$2:$H$46,$AA23)+SUMIFS(Dati!$L$2:$L$46,Dati!$H$2:$H$46,$H23,Dati!$A$2:$A$46,$AA23),"-") -> - | BL23: =IF(AND($H23<>"",$AB23<>"",$H23<>$AB23,IFERROR(INDEX($J$14:$J$23,MATCH($H23,$H$14:$H$23,0)),-1)=IFERROR(INDEX($J$14:$J$23,MATCH($AB23,$H$14:$H$23,0)),-2)),SUMIFS(Dati!$E$2:$E$46,Dati!$A$2:$A$46,$H23,Dati!$H$2:$H$46,$AB23)+SUMIFS(Dati!$L$2:$L$46,Dati!$H$2:$H$46,$H23,Dati!$A$2:$A$46,$AB23),"-") -> - | BM23: =IF(AND($H23<>"",$AC23<>"",$H23<>$AC23,IFERROR(INDEX($J$14:$J$23,MATCH($H23,$H$14:$H$23,0)),-1)=IFERROR(INDEX($J$14:$J$23,MATCH($AC23,$H$14:$H$23,0)),-2)),SUMIFS(Dati!$E$2:$E$46,Dati!$A$2:$A$46,$H23,Dati!$H$2:$H$46,$AC23)+SUMIFS(Dati!$L$2:$L$46,Dati!$H$2:$H$46,$H23,Dati!$A$2:$A$46,$AC23),"-") -> 40 | BN23: =IF(AND($H23<>"",$AD23<>"",$H23<>$AD23,IFERROR(INDEX($J$14:$J$23,MATCH($H23,$H$14:$H$23,0)),-1)=IFERROR(INDEX($J$14:$J$23,MATCH($AD23,$H$14:$H$23,0)),-2)),SUMIFS(Dati!$E$2:$E$46,Dati!$A$2:$A$46,$H23,Dati!$H$2:$H$46,$AD23)+SUMIFS(Dati!$L$2:$L$46,Dati!$H$2:$H$46,$H23,Dati!$A$2:$A$46,$AD23),"-") -> - | BO23: =IF(AND($H23<>"",$AE23<>"",$H23<>$AE23,IFERROR(INDEX($J$14:$J$23,MATCH($H23,$H$14:$H$23,0)),-1)=IFERROR(INDEX($J$14:$J$23,MATCH($AE23,$H$14:$H$23,0)),-2)),SUMIFS(Dati!$E$2:$E$46,Dati!$A$2:$A$46,$H23,Dati!$H$2:$H$46,$AE23)+SUMIFS(Dati!$L$2:$L$46,Dati!$H$2:$H$46,$H23,Dati!$A$2:$A$46,$AE23),"-") -> - | BP23: =IF(AND($H23<>"",$AF23<>"",$H23<>$AF23,IFERROR(INDEX($J$14:$J$23,MATCH($H23,$H$14:$H$23,0)),-1)=IFERROR(INDEX($J$14:$J$23,MATCH($AF23,$H$14:$H$23,0)),-2)),SUMIFS(Dati!$E$2:$E$46,Dati!$A$2:$A$46,$H23,Dati!$H$2:$H$46,$AF23)+SUMIFS(Dati!$L$2:$L$46,Dati!$H$2:$H$46,$H23,Dati!$A$2:$A$46,$AF23),"-") -> - | BQ23: =IF(AND($H23<>"",$AG23<>"",$H23<>$AG23,IFERROR(INDEX($J$14:$J$23,MATCH($H23,$H$14:$H$23,0)),-1)=IFERROR(INDEX($J$14:$J$23,MATCH($AG23,$H$14:$H$23,0)),-2)),SUMIFS(Dati!$E$2:$E$46,Dati!$A$2:$A$46,$H23,Dati!$H$2:$H$46,$AG23)+SUMIFS(Dati!$L$2:$L$46,Dati!$H$2:$H$46,$H23,Dati!$A$2:$A$46,$AG23),"-") -> - | BR23: =IF(AND($H23<>"",$AH23<>"",$H23<>$AH23,IFERROR(INDEX($J$14:$J$23,MATCH($H23,$H$14:$H$23,0)),-1)=IFERROR(INDEX($J$14:$J$23,MATCH($AH23,$H$14:$H$23,0)),-2)),SUMIFS(Dati!$E$2:$E$46,Dati!$A$2:$A$46,$H23,Dati!$H$2:$H$46,$AH23)+SUMIFS(Dati!$L$2:$L$46,Dati!$H$2:$H$46,$H23,Dati!$A$2:$A$46,$AH23),"-") -> - | BT23: =$C23 -> Marmotte Mobili-Marmotteopoli MU | BU23: =IF(AND($H23<>"",$Y23<>"",$H23<>$Y23,IFERROR(INDEX($J$14:$J$23,MATCH($H23,$H$14:$H$23,0)),-1)=IFERROR(INDEX($J$14:$J$23,MATCH($Y23,$H$14:$H$23,0)),-2)),SUMIFS(Dati!$F$2:$F$46,Dati!$A$2:$A$46,$H23,Dati!$H$2:$H$46,$Y23)+SUMIFS(Dati!$M$2:$M$46,Dati!$H$2:$H$46,$H23,Dati!$A$2:$A$46,$Y23),"-") -> - | BV23: =IF(AND($H23<>"",$Z23<>"",$H23<>$Z23,IFERROR(INDEX($J$14:$J$23,MATCH($H23,$H$14:$H$23,0)),-1)=IFERROR(INDEX($J$14:$J$23,MATCH($Z23,$H$14:$H$23,0)),-2)),SUMIFS(Dati!$F$2:$F$46,Dati!$A$2:$A$46,$H23,Dati!$H$2:$H$46,$Z23)+SUMIFS(Dati!$M$2:$M$46,Dati!$H$2:$H$46,$H23,Dati!$A$2:$A$46,$Z23),"-") -> 40 | BW23: =IF(AND($H23<>"",$AA23<>"",$H23<>$AA23,IFERROR(INDEX($J$14:$J$23,MATCH($H23,$H$14:$H$23,0)),-1)=IFERROR(INDEX($J$14:$J$23,MATCH($AA23,$H$14:$H$23,0)),-2)),SUMIFS(Dati!$F$2:$F$46,Dati!$A$2:$A$46,$H23,Dati!$H$2:$H$46,$AA23)+SUMIFS(Dati!$M$2:$M$46,Dati!$H$2:$H$46,$H23,Dati!$A$2:$A$46,$AA23),"-") -> - | BX23: =IF(AND($H23<>"",$AB23<>"",$H23<>$AB23,IFERROR(INDEX($J$14:$J$23,MATCH($H23,$H$14:$H$23,0)),-1)=IFERROR(INDEX($J$14:$J$23,MATCH($AB23,$H$14:$H$23,0)),-2)),SUMIFS(Dati!$F$2:$F$46,Dati!$A$2:$A$46,$H23,Dati!$H$2:$H$46,$AB23)+SUMIFS(Dati!$M$2:$M$46,Dati!$H$2:$H$46,$H23,Dati!$A$2:$A$46,$AB23),"-") -> - | BY23: =IF(AND($H23<>"",$AC23<>"",$H23<>$AC23,IFERROR(INDEX($J$14:$J$23,MATCH($H23,$H$14:$H$23,0)),-1)=IFERROR(INDEX($J$14:$J$23,MATCH($AC23,$H$14:$H$23,0)),-2)),SUMIFS(Dati!$F$2:$F$46,Dati!$A$2:$A$46,$H23,Dati!$H$2:$H$46,$AC23)+SUMIFS(Dati!$M$2:$M$46,Dati!$H$2:$H$46,$H23,Dati!$A$2:$A$46,$AC23),"-") -> 50 | BZ23: =IF(AND($H23<>"",$AD23<>"",$H23<>$AD23,IFERROR(INDEX($J$14:$J$23,MATCH($H23,$H$14:$H$23,0)),-1)=IFERROR(INDEX($J$14:$J$23,MATCH($AD23,$H$14:$H$23,0)),-2)),SUMIFS(Dati!$F$2:$F$46,Dati!$A$2:$A$46,$H23,Dati!$H$2:$H$46,$AD23)+SUMIFS(Dati!$M$2:$M$46,Dati!$H$2:$H$46,$H23,Dati!$A$2:$A$46,$AD23),"-") -> - | CA23: =IF(AND($H23<>"",$AE23<>"",$H23<>$AE23,IFERROR(INDEX($J$14:$J$23,MATCH($H23,$H$14:$H$23,0)),-1)=IFERROR(INDEX($J$14:$J$23,MATCH($AE23,$H$14:$H$23,0)),-2)),SUMIFS(Dati!$F$2:$F$46,Dati!$A$2:$A$46,$H23,Dati!$H$2:$H$46,$AE23)+SUMIFS(Dati!$M$2:$M$46,Dati!$H$2:$H$46,$H23,Dati!$A$2:$A$46,$AE23),"-") -> - | CB23: =IF(AND($H23<>"",$AF23<>"",$H23<>$AF23,IFERROR(INDEX($J$14:$J$23,MATCH($H23,$H$14:$H$23,0)),-1)=IFERROR(INDEX($J$14:$J$23,MATCH($AF23,$H$14:$H$23,0)),-2)),SUMIFS(Dati!$F$2:$F$46,Dati!$A$2:$A$46,$H23,Dati!$H$2:$H$46,$AF23)+SUMIFS(Dati!$M$2:$M$46,Dati!$H$2:$H$46,$H23,Dati!$A$2:$A$46,$AF23),"-") -> - | CC23: =IF(AND($H23<>"",$AG23<>"",$H23<>$AG23,IFERROR(INDEX($J$14:$J$23,MATCH($H23,$H$14:$H$23,0)),-1)=IFERROR(INDEX($J$14:$J$23,MATCH($AG23,$H$14:$H$23,0)),-2)),SUMIFS(Dati!$F$2:$F$46,Dati!$A$2:$A$46,$H23,Dati!$H$2:$H$46,$AG23)+SUMIFS(Dati!$M$2:$M$46,Dati!$H$2:$H$46,$H23,Dati!$A$2:$A$46,$AG23),"-") -> - | CD23: =IF(AND($H23<>"",$AH23<>"",$H23<>$AH23,IFERROR(INDEX($J$14:$J$23,MATCH($H23,$H$14:$H$23,0)),-1)=IFERROR(INDEX($J$14:$J$23,MATCH($AH23,$H$14:$H$23,0)),-2)),SUMIFS(Dati!$F$2:$F$46,Dati!$A$2:$A$46,$H23,Dati!$H$2:$H$46,$AH23)+SUMIFS(Dati!$M$2:$M$46,Dati!$H$2:$H$46,$H23,Dati!$A$2:$A$46,$AH23),"-") -> - | CF23: =IF($C23="","",SUM(AK23:AT23)) -> 1
B25: CAMPI
B26: # | C26: Nome Campo | D26: Link Mappa Campo
B27: A01 | C27: PalaAnaconde, Via dello Sport 1, Anacondeopoli AA | D27: https://maps.example.org/campo/a01
B28: A02 | C28: PalaBufali, Via dello Sport 2, Bufaliopoli BE | D28: https://maps.example.org/campo/a02
B29: A03 | C29: PalaCobra, Via dello Sport 3, Cobraopoli CI | D29: https://maps.example.org/campo/a03
B30: A04 | C30: PalaDingo, Via dello Sport 4, Dingoopoli DO | D30: https://maps.example.org/campo/a04
B31: A05 | C31: PalaErmellini, Via dello Sport 5, Ermelliniopoli EU | D31: https://maps.example.org/campo/a05
B32: A06 | C32: PalaFalchi, Via dello Sport 6, Falchiopoli FA | D32: https://maps.example.org/campo/a06
B33: A07 | C33: PalaGazzelle, Via dello Sport 7, Gazzelleopoli GE | D33: https://maps.example.org/campo/a07
B34: A08 | C34: PalaIbis, Via dello Sport 8, Ibisopoli II | D34: https://maps.example.org/campo/a08
B35: A09 | C35: PalaLupi, Via dello Sport 9, Lupiopoli LO | D35: https://maps.example.org/campo/a09
B36: A10 | C36: PalaMarmotte, Via dello Sport 10, Marmotteopoli MU | D36: https://maps.example.org/campo/a10
B37: PO1 | C37: PalaCentrale, Viale dello Sport 1, Mediopoli MD | D37: https://maps.example.org/campo/po1
... B44: PO8 | C44: PalaFinale, Viale dello Sport 8, Finalopoli FN | D44: https://maps.example.org/campo/po8
B45: TBD | C45: DA DEFINIRE
C47: Sfondo azzurro: campi neutri (codici PO1-PO8), non appartenenti ad alcuna squadra, usati per la fase a eliminazione diretta.
C48: Sfondo verde: campo ancora da definire (codice TBD).

Sheet Calendario A
A1: =Campionato!$D$2&"" -> Campionato Baskin Demo - ESEMPIO 10 Squadre | E1: =IFERROR(IMAGE(Campionato!$D$3),"") | I1: =IFERROR(IMAGE(Campionato!$D$4),"")
M2: Lettera girone | N2: Posizione in elenco | O2: Nome girone per la stampa
A3: ="GIRONE "&UPPER($O$3)&" - Stagione "&Campionato!$D$6 -> GIRONE GOLD - Stagione 2026/2027 | M3: =RIGHT($A$8,1) -> A | N3: =IFERROR(LEN(LEFT(","&SUBSTITUTE(Campionato!$D$5," ","")&",",FIND(","&M3&",",","&SUBSTITUTE(Campionato!$D$5," ","")&",")))-LEN(SUBSTITUTE(LEFT(","&SUBSTITUTE(Campionato!$D$5," ","")&",",FIND(","&M3&",",","&SUBSTITUTE(Campionato!$D$5," ","")&",")),",","")),0) -> 1 | O3: =IF(N3=0,M3,IF(TRIM(MID(SUBSTITUTE(Campionato!$D$11,",",REPT(" ",LEN(Campionato!$D$11))),(N3-1)*LEN(Campionato!$D$11)+1,LEN(Campionato!$D$11)))="",M3,TRIM(MID(SUBSTITUTE(Campionato!$D$11,",",REPT(" ",LEN(Campionato!$D$11))),(N3-1)*LEN(Campionato!$D$11)+1,LEN(Campionato!$D$11))))) -> Gold
M6: Squadra A | N6: Vinta A | O6: Forfait A | P6: Persa A | Q6: Punti Fatti A | R6: Punti Subiti A | S6: Differenza Punti A | T6: Squadra B | U6: Vinta B | V6: Forfait B | W6: Persa B | X6: Punti Fatti B | Y6: Punti Subiti B | Z6: Differenza Punti B | AA6: Vincente | AB6: Perdente | AC6: Turno
A8: 1A | B8: ="GIORNATA "&ROMAN(VALUE(LEFT(A8,LEN(A8)-1)))&" - GIRONE "&UPPER($O$3) -> GIORNATA I - GIRONE GOLD
A9: Gara N. | B9: Squadra A | D9: Squadra B | F9: Giorno | G9: Data | H9: Ora | J9: Risultato
A10: 1 | B10: =IF(C10="","",IFERROR(VLOOKUP(C10,Campionato!$B$14:$H$23,7,FALSE),"")) -> Anaconde Audaci | C10: A01 | D10: =IF(E10="","",IFERROR(VLOOKUP(E10,Campionato!$B$14:$H$23,7,FALSE),"")) -> Marmotte Mobili | E10: A10 | F10: 46313.396 | J10: 42 | K10: - | L10: 53 | M10: =IF($B10="","(Squadra A)",$B10) -> Anaconde Audaci | N10: =IF($J10+$L10=0,,IF($J10>$L10,1,0)) -> 0 | O10: =IF($J10+$L10=0,,IF($J10<$L10,IF($J10&"-"&$L10=MID(Campionato!$D$10,FIND("-",Campionato!$D$10)+1,LEN(Campionato!$D$10))&"-"&LEFT(Campionato!$D$10,FIND("-",Campionato!$D$10)-1),1,0),0)) -> 0 | P10: =IF($J10+$L10=0,,IF($J10<$L10,IF($J10&"-"&$L10<>MID(Campionato!$D$10,FIND("-",Campionato!$D$10)+1,LEN(Campionato!$D$10))&"-"&LEFT(Campionato!$D$10,FIND("-",Campionato!$D$10)-1),1,0),0)) -> 1 | Q10: =IF($J10+$L10=0,,$J10) -> 42 | R10: =IF($J10+$L10=0,,$L10) -> 53 | S10: =IF($J10+$L10=0,,$J10-$L10) -> -11 | T10: =IF($D10="","(Squadra B)",$D10) -> Marmotte Mobili | U10: =IF($J10+$L10=0,,IF($L10>$J10,1,0)) -> 1 | V10: =IF($J10+$L10=0,,IF($L10<$J10,IF($J10&"-"&$L10=Campionato!$D$10,1,0),0)) -> 0 | W10: =IF($J10+$L10=0,,IF($L10<$J10,IF($J10&"-"&$L10<>Campionato!$D$10,1,0),0)) -> 0 | X10: =IF($J10+$L10=0,,$L10) -> 53 | Y10: =IF($J10+$L10=0,,$J10) -> 42 | Z10: =IF($J10+$L10=0,,$L10-$J10) -> 11 | AA10: =IF($J10+$L10=0,"(Vincente)",IF($J10>$L10,$B10,$D10)) -> Marmotte Mobili | AB10: =IF($J10+$L10=0,"(Perdente)",IF($J10<$L10,$B10,$D10)) -> Anaconde Audaci | AC10: =IF($C10="","","[Girone "&IFERROR(INDEX(Campionato!$E$14:$E$23,MATCH($C10,Campionato!$B$14:$B$23,0)),"?")&"]") -> [Girone A]
B11: =IF(I11="","",HYPERLINK(VLOOKUP(I11,Campionato!$B$27:$D$45,3,FALSE),VLOOKUP(I11,Campionato!$B$27:$D$45,2,FALSE))) -> PalaAnaconde, Via dello Sport 1, Anacondeopoli AA | I11: A01
A12: Gara N. | B12: Squadra A | D12: Squadra B | F12: Giorno | G12: Data | H12: Ora | J12: Risultato
A13: =MAX(A$10:A12)+1 -> 2 | B13: =IF(C13="","",IFERROR(VLOOKUP(C13,Campionato!$B$14:$H$23,7,FALSE),"")) -> Lupi Leali | C13: A09 | D13: =IF(E13="","",IFERROR(VLOOKUP(E13,Campionato!$B$14:$H$23,7,FALSE),"")) -> Bufali Belligeranti | E13: A02 | F13: 46313.458 | J13: 66 | K13: - | L13: 49 | M13: =IF($B13="","(Squadra A)",$B13) -> Lupi Leali | N13: =IF($J13+$L13=0,,IF($J13>$L13,1,0)) -> 1 | O13: =IF($J13+$L13=0,,IF($J13<$L13,IF($J13&"-"&$L13=MID(Campionato!$D$10,FIND("-",Campionato!$D$10)+1,LEN(Campionato!$D$10))&"-"&LEFT(Campionato!$D$10,FIND("-",Campionato!$D$10)-1),1,0),0)) -> 0 | P13: =IF($J13+$L13=0,,IF($J13<$L13,IF($J13&"-"&$L13<>MID(Campionato!$D$10,FIND("-",Campionato!$D$10)+1,LEN(Campionato!$D$10))&"-"&LEFT(Campionato!$D$10,FIND("-",Campionato!$D$10)-1),1,0),0)) -> 0 | Q13: =IF($J13+$L13=0,,$J13) -> 66 | R13: =IF($J13+$L13=0,,$L13) -> 49 | S13: =IF($J13+$L13=0,,$J13-$L13) -> 17 | T13: =IF($D13="","(Squadra B)",$D13) -> Bufali Belligeranti | U13: =IF($J13+$L13=0,,IF($L13>$J13,1,0)) -> 0 | V13: =IF($J13+$L13=0,,IF($L13<$J13,IF($J13&"-"&$L13=Campionato!$D$10,1,0),0)) -> 0 | W13: =IF($J13+$L13=0,,IF($L13<$J13,IF($J13&"-"&$L13<>Campionato!$D$10,1,0),0)) -> 1 | X13: =IF($J13+$L13=0,,$L13) -> 49 | Y13: =IF($J13+$L13=0,,$J13) -> 66 | Z13: =IF($J13+$L13=0,,$L13-$J13) -> -17 | AA13: =IF($J13+$L13=0,"(Vincente)",IF($J13>$L13,$B13,$D13)) -> Lupi Leali | AB13: =IF($J13+$L13=0,"(Perdente)",IF($J13<$L13,$B13,$D13)) -> Bufali Belligeranti | AC13: =IF($C13="","","[Girone "&IFERROR(INDEX(Campionato!$E$14:$E$23,MATCH($C13,Campionato!$B$14:$B$23,0)),"?")&"]") -> [Girone A]
B14: =IF(I14="","",HYPERLINK(VLOOKUP(I14,Campionato!$B$27:$D$45,3,FALSE),VLOOKUP(I14,Campionato!$B$27:$D$45,2,FALSE))) -> PalaAnaconde, Via dello Sport 1, Anacondeopoli AA | I14: A01
A15: Gara N. | B15: Squadra A | D15: Squadra B | F15: Giorno | G15: Data | H15: Ora | J15: Risultato
A16: =MAX(A$10:A15)+1 -> 3 | B16: =IF(C16="","",IFERROR(VLOOKUP(C16,Campionato!$B$14:$H$23,7,FALSE),"")) -> Cobra Celeri | C16: A03 | D16: =IF(E16="","",IFERROR(VLOOKUP(E16,Campionato!$B$14:$H$23,7,FALSE),"")) -> Ibis Instancabili | E16: A08 | F16: 46313.604 | J16: 58 | K16: - | L16: 51 | M16: =IF($B16="","(Squadra A)",$B16) -> Cobra Celeri | N16: =IF($J16+$L16=0,,IF($J16>$L16,1,0)) -> 1 | O16: =IF($J16+$L16=0,,IF($J16<$L16,IF($J16&"-"&$L16=MID(Campionato!$D$10,FIND("-",Campionato!$D$10)+1,LEN(Campionato!$D$10))&"-"&LEFT(Campionato!$D$10,FIND("-",Campionato!$D$10)-1),1,0),0)) -> 0 | P16: =IF($J16+$L16=0,,IF($J16<$L16,IF($J16&"-"&$L16<>MID(Campionato!$D$10,FIND("-",Campionato!$D$10)+1,LEN(Campionato!$D$10))&"-"&LEFT(Campionato!$D$10,FIND("-",Campionato!$D$10)-1),1,0),0)) -> 0 | Q16: =IF($J16+$L16=0,,$J16) -> 58 | R16: =IF($J16+$L16=0,,$L16) -> 51 | S16: =IF($J16+$L16=0,,$J16-$L16) -> 7 | T16: =IF($D16="","(Squadra B)",$D16) -> Ibis Instancabili | U16: =IF($J16+$L16=0,,IF($L16>$J16,1,0)) -> 0 | V16: =IF($J16+$L16=0,,IF($L16<$J16,IF($J16&"-"&$L16=Campionato!$D$10,1,0),0)) -> 0 | W16: =IF($J16+$L16=0,,IF($L16<$J16,IF($J16&"-"&$L16<>Campionato!$D$10,1,0),0)) -> 1 | X16: =IF($J16+$L16=0,,$L16) -> 51 | Y16: =IF($J16+$L16=0,,$J16) -> 58 | Z16: =IF($J16+$L16=0,,$L16-$J16) -> -7 | AA16: =IF($J16+$L16=0,"(Vincente)",IF($J16>$L16,$B16,$D16)) -> Cobra Celeri | AB16: =IF($J16+$L16=0,"(Perdente)",IF($J16<$L16,$B16,$D16)) -> Ibis Instancabili | AC16: =IF($C16="","","[Girone "&IFERROR(INDEX(Campionato!$E$14:$E$23,MATCH($C16,Campionato!$B$14:$B$23,0)),"?")&"]") -> [Girone A]
B17: =IF(I17="","",HYPERLINK(VLOOKUP(I17,Campionato!$B$27:$D$45,3,FALSE),VLOOKUP(I17,Campionato!$B$27:$D$45,2,FALSE))) -> PalaAnaconde, Via dello Sport 1, Anacondeopoli AA | I17: A01
A18: Gara N. | B18: Squadra A | D18: Squadra B | F18: Giorno | G18: Data | H18: Ora | J18: Risultato
A19: =MAX(A$10:A18)+1 -> 4 | B19: =IF(C19="","",IFERROR(VLOOKUP(C19,Campionato!$B$14:$H$23,7,FALSE),"")) -> Gazzelle Gentili | C19: A07 | D19: =IF(E19="","",IFERROR(VLOOKUP(E19,Campionato!$B$14:$H$23,7,FALSE),"")) -> Dingo Docili | E19: A04 | F19: 46313.667 | J19: 46 | K19: - | L19: 70 | M19: =IF($B19="","(Squadra A)",$B19) -> Gazzelle Gentili | N19: =IF($J19+$L19=0,,IF($J19>$L19,1,0)) -> 0 | O19: =IF($J19+$L19=0,,IF($J19<$L19,IF($J19&"-"&$L19=MID(Campionato!$D$10,FIND("-",Campionato!$D$10)+1,LEN(Campionato!$D$10))&"-"&LEFT(Campionato!$D$10,FIND("-",Campionato!$D$10)-1),1,0),0)) -> 0 | P19: =IF($J19+$L19=0,,IF($J19<$L19,IF($J19&"-"&$L19<>MID(Campionato!$D$10,FIND("-",Campionato!$D$10)+1,LEN(Campionato!$D$10))&"-"&LEFT(Campionato!$D$10,FIND("-",Campionato!$D$10)-1),1,0),0)) -> 1 | Q19: =IF($J19+$L19=0,,$J19) -> 46 | R19: =IF($J19+$L19=0,,$L19) -> 70 | S19: =IF($J19+$L19=0,,$J19-$L19) -> -24 | T19: =IF($D19="","(Squadra B)",$D19) -> Dingo Docili | U19: =IF($J19+$L19=0,,IF($L19>$J19,1,0)) -> 1 | V19: =IF($J19+$L19=0,,IF($L19<$J19,IF($J19&"-"&$L19=Campionato!$D$10,1,0),0)) -> 0 | W19: =IF($J19+$L19=0,,IF($L19<$J19,IF($J19&"-"&$L19<>Campionato!$D$10,1,0),0)) -> 0 | X19: =IF($J19+$L19=0,,$L19) -> 70 | Y19: =IF($J19+$L19=0,,$J19) -> 46 | Z19: =IF($J19+$L19=0,,$L19-$J19) -> 24 | AA19: =IF($J19+$L19=0,"(Vincente)",IF($J19>$L19,$B19,$D19)) -> Dingo Docili | AB19: =IF($J19+$L19=0,"(Perdente)",IF($J19<$L19,$B19,$D19)) -> Gazzelle Gentili | AC19: =IF($C19="","","[Girone "&IFERROR(INDEX(Campionato!$E$14:$E$23,MATCH($C19,Campionato!$B$14:$B$23,0)),"?")&"]") -> [Girone A]
B20: =IF(I20="","",HYPERLINK(VLOOKUP(I20,Campionato!$B$27:$D$45,3,FALSE),VLOOKUP(I20,Campionato!$B$27:$D$45,2,FALSE))) -> PalaAnaconde, Via dello Sport 1, Anacondeopoli AA | I20: A01
A21: Gara N. | B21: Squadra A | D21: Squadra B | F21: Giorno | G21: Data | H21: Ora | J21: Risultato
A22: =MAX(A$10:A21)+1 -> 5 | B22: =IF(C22="","",IFERROR(VLOOKUP(C22,Campionato!$B$14:$H$23,7,FALSE),"")) -> Ermellini Eleganti | C22: A05 | D22: =IF(E22="","",IFERROR(VLOOKUP(E22,Campionato!$B$14:$H$23,7,FALSE),"")) -> Falchi Feroci | E22: A06 | F22: 46313.729 | J22: 41 | K22: - | L22: 65 | M22: =IF($B22="","(Squadra A)",$B22) -> Ermellini Eleganti | N22: =IF($J22+$L22=0,,IF($J22>$L22,1,0)) -> 0 | O22: =IF($J22+$L22=0,,IF($J22<$L22,IF($J22&"-"&$L22=MID(Campionato!$D$10,FIND("-",Campionato!$D$10)+1,LEN(Campionato!$D$10))&"-"&LEFT(Campionato!$D$10,FIND("-",Campionato!$D$10)-1),1,0),0)) -> 0 | P22: =IF($J22+$L22=0,,IF($J22<$L22,IF($J22&"-"&$L22<>MID(Campionato!$D$10,FIND("-",Campionato!$D$10)+1,LEN(Campionato!$D$10))&"-"&LEFT(Campionato!$D$10,FIND("-",Campionato!$D$10)-1),1,0),0)) -> 1 | Q22: =IF($J22+$L22=0,,$J22) -> 41 | R22: =IF($J22+$L22=0,,$L22) -> 65 | S22: =IF($J22+$L22=0,,$J22-$L22) -> -24 | T22: =IF($D22="","(Squadra B)",$D22) -> Falchi Feroci | U22: =IF($J22+$L22=0,,IF($L22>$J22,1,0)) -> 1 | V22: =IF($J22+$L22=0,,IF($L22<$J22,IF($J22&"-"&$L22=Campionato!$D$10,1,0),0)) -> 0 | W22: =IF($J22+$L22=0,,IF($L22<$J22,IF($J22&"-"&$L22<>Campionato!$D$10,1,0),0)) -> 0 | X22: =IF($J22+$L22=0,,$L22) -> 65 | Y22: =IF($J22+$L22=0,,$J22) -> 41 | Z22: =IF($J22+$L22=0,,$L22-$J22) -> 24 | AA22: =IF($J22+$L22=0,"(Vincente)",IF($J22>$L22,$B22,$D22)) -> Falchi Feroci | AB22: =IF($J22+$L22=0,"(Perdente)",IF($J22<$L22,$B22,$D22)) -> Ermellini Eleganti | AC22: =IF($C22="","","[Girone "&IFERROR(INDEX(Campionato!$E$14:$E$23,MATCH($C22,Campionato!$B$14:$B$23,0)),"?")&"]") -> [Girone A]
B23: =IF(I23="","",HYPERLINK(VLOOKUP(I23,Campionato!$B$27:$D$45,3,FALSE),VLOOKUP(I23,Campionato!$B$27:$D$45,2,FALSE))) -> PalaAnaconde, Via dello Sport 1, Anacondeopoli AA | I23: A01
A25: 2A | B25: ="GIORNATA "&ROMAN(VALUE(LEFT(A25,LEN(A25)-1)))&" - GIRONE "&UPPER($O$3) -> GIORNATA II - GIRONE GOLD
A26: Gara N. | B26: Squadra A | D26: Squadra B | F26: Giorno | G26: Data | H26: Ora | J26: Risultato
A27: =MAX(A$10:A26)+1 -> 6 | B27: =IF(C27="","",IFERROR(VLOOKUP(C27,Campionato!$B$14:$H$23,7,FALSE),"")) -> Cobra Celeri | C27: A03 | D27: =IF(E27="","",IFERROR(VLOOKUP(E27,Campionato!$B$14:$H$23,7,FALSE),"")) -> Anaconde Audaci | E27: A01 | F27: 46320.396 | J27: 37 | K27: - | L27: 47 | M27: =IF($B27="","(Squadra A)",$B27) -> Cobra Celeri | N27: =IF($J27+$L27=0,,IF($J27>$L27,1,0)) -> 0 | O27: =IF($J27+$L27=0,,IF($J27<$L27,IF($J27&"-"&$L27=MID(Campionato!$D$10,FIND("-",Campionato!$D$10)+1,LEN(Campionato!$D$10))&"-"&LEFT(Campionato!$D$10,FIND("-",Campionato!$D$10)-1),1,0),0)) -> 0 | P27: =IF($J27+$L27=0,,IF($J27<$L27,IF($J27&"-"&$L27<>MID(Campionato!$D$10,FIND("-",Campionato!$D$10)+1,LEN(Campionato!$D$10))&"-"&LEFT(Campionato!$D$10,FIND("-",Campionato!$D$10)-1),1,0),0)) -> 1 | Q27: =IF($J27+$L27=0,,$J27) -> 37 | R27: =IF($J27+$L27=0,,$L27) -> 47 | S27: =IF($J27+$L27=0,,$J27-$L27) -> -10 | T27: =IF($D27="","(Squadra B)",$D27) -> Anaconde Audaci | U27: =IF($J27+$L27=0,,IF($L27>$J27,1,0)) -> 1 | V27: =IF($J27+$L27=0,,IF($L27<$J27,IF($J27&"-"&$L27=Campionato!$D$10,1,0),0)) -> 0 | W27: =IF($J27+$L27=0,,IF($L27<$J27,IF($J27&"-"&$L27<>Campionato!$D$10,1,0),0)) -> 0 | X27: =IF($J27+$L27=0,,$L27) -> 47 | Y27: =IF($J27+$L27=0,,$J27) -> 37 | Z27: =IF($J27+$L27=0,,$L27-$J27) -> 10 | AA27: =IF($J27+$L27=0,"(Vincente)",IF($J27>$L27,$B27,$D27)) -> Anaconde Audaci | AB27: =IF($J27+$L27=0,"(Perdente)",IF($J27<$L27,$B27,$D27)) -> Cobra Celeri | AC27: =IF($C27="","","[Girone "&IFERROR(INDEX(Campionato!$E$14:$E$23,MATCH($C27,Campionato!$B$14:$B$23,0)),"?")&"]") -> [Girone A]
B28: =IF(I28="","",HYPERLINK(VLOOKUP(I28,Campionato!$B$27:$D$45,3,FALSE),VLOOKUP(I28,Campionato!$B$27:$D$45,2,FALSE))) -> PalaCobra, Via dello Sport 3, Cobraopoli CI | I28: A03
A29: Gara N. | B29: Squadra A | D29: Squadra B | F29: Giorno | G29: Data | H29: Ora | J29: Risultato
A30: =MAX(A$10:A29)+1 -> 7 | B30: =IF(C30="","",IFERROR(VLOOKUP(C30,Campionato!$B$14:$H$23,7,FALSE),"")) -> Marmotte Mobili | C30: A10 | D30: =IF(E30="","",IFERROR(VLOOKUP(E30,Campionato!$B$14:$H$23,7,FALSE),"")) -> Bufali Belligeranti | E30: A02 | F30: 46320.458 | J30: 50 | K30: - | L30: 40 | M30: =IF($B30="","(Squadra A)",$B30) -> Marmotte Mobili | N30: =IF($J30+$L30=0,,IF($J30>$L30,1,0)) -> 1 | O30: =IF($J30+$L30=0,,IF($J30<$L30,IF($J30&"-"&$L30=MID(Campionato!$D$10,FIND("-",Campionato!$D$10)+1,LEN(Campionato!$D$10))&"-"&LEFT(Campionato!$D$10,FIND("-",Campionato!$D$10)-1),1,0),0)) -> 0 | P30: =IF($J30+$L30=0,,IF($J30<$L30,IF($J30&"-"&$L30<>MID(Campionato!$D$10,FIND("-",Campionato!$D$10)+1,LEN(Campionato!$D$10))&"-"&LEFT(Campionato!$D$10,FIND("-",Campionato!$D$10)-1),1,0),0)) -> 0 | Q30: =IF($J30+$L30=0,,$J30) -> 50 | R30: =IF($J30+$L30=0,,$L30) -> 40 | S30: =IF($J30+$L30=0,,$J30-$L30) -> 10 | T30: =IF($D30="","(Squadra B)",$D30) -> Bufali Belligeranti | U30: =IF($J30+$L30=0,,IF($L30>$J30,1,0)) -> 0 | V30: =IF($J30+$L30=0,,IF($L30<$J30,IF($J30&"-"&$L30=Campionato!$D$10,1,0),0)) -> 0 | W30: =IF($J30+$L30=0,,IF($L30<$J30,IF($J30&"-"&$L30<>Campionato!$D$10,1,0),0)) -> 1 | X30: =IF($J30+$L30=0,,$L30) -> 40 | Y30: =IF($J30+$L30=0,,$J30) -> 50 | Z30: =IF($J30+$L30=0,,$L30-$J30) -> -10 | AA30: =IF($J30+$L30=0,"(Vincente)",IF($J30>$L30,$B30,$D30)) -> Marmotte Mobili | AB30: =IF($J30+$L30=0,"(Perdente)",IF($J30<$L30,$B30,$D30)) -> Bufali Belligeranti | AC30: =IF($C30="","","[Girone "&IFERROR(INDEX(Campionato!$E$14:$E$23,MATCH($C30,Campionato!$B$14:$B$23,0)),"?")&"]") -> [Girone A]
B31: =IF(I31="","",HYPERLINK(VLOOKUP(I31,Campionato!$B$27:$D$45,3,FALSE),VLOOKUP(I31,Campionato!$B$27:$D$45,2,FALSE))) -> PalaCobra, Via dello Sport 3, Cobraopoli CI | I31: A03
A32: Gara N. | B32: Squadra A | D32: Squadra B | F32: Giorno | G32: Data | H32: Ora | J32: Risultato
A33: =MAX(A$10:A32)+1 -> 8 | B33: =IF(C33="","",IFERROR(VLOOKUP(C33,Campionato!$B$14:$H$23,7,FALSE),"")) -> Lupi Leali | C33: A09 | D33: =IF(E33="","",IFERROR(VLOOKUP(E33,Campionato!$B$14:$H$23,7,FALSE),"")) -> Dingo Docili | E33: A04 | F33: 46320.604 | J33: 64 | K33: - | L33: 76 | M33: =IF($B33="","(Squadra A)",$B33) -> Lupi Leali | N33: =IF($J33+$L33=0,,IF($J33>$L33,1,0)) -> 0 | O33: =IF($J33+$L33=0,,IF($J33<$L33,IF($J33&"-"&$L33=MID(Campionato!$D$10,FIND("-",Campionato!$D$10)+1,LEN(Campionato!$D$10))&"-"&LEFT(Campionato!$D$10,FIND("-",Campionato!$D$10)-1),1,0),0)) -> 0 | P33: =IF($J33+$L33=0,,IF($J33<$L33,IF($J33&"-"&$L33<>MID(Campionato!$D$10,FIND("-",Campionato!$D$10)+1,LEN(Campionato!$D$10))&"-"&LEFT(Campionato!$D$10,FIND("-",Campionato!$D$10)-1),1,0),0)) -> 1 | Q33: =IF($J33+$L33=0,,$J33) -> 64 | R33: =IF($J33+$L33=0,,$L33) -> 76 | S33: =IF($J33+$L33=0,,$J33-$L33) -> -12 | T33: =IF($D33="","(Squadra B)",$D33) -> Dingo Docili | U33: =IF($J33+$L33=0,,IF($L33>$J33,1,0)) -> 1 | V33: =IF($J33+$L33=0,,IF($L33<$J33,IF($J33&"-"&$L33=Campionato!$D$10,1,0),0)) -> 0 | W33: =IF($J33+$L33=0,,IF($L33<$J33,IF($J33&"-"&$L33<>Campionato!$D$10,1,0),0)) -> 0 | X33: =IF($J33+$L33=0,,$L33) -> 76 | Y33: =IF($J33+$L33=0,,$J33) -> 64 | Z33: =IF($J33+$L33=0,,$L33-$J33) -> 12 | AA33: =IF($J33+$L33=0,"(Vincente)",IF($J33>$L33,$B33,$D33)) -> Dingo Docili | AB33: =IF($J33+$L33=0,"(Perdente)",IF($J33<$L33,$B33,$D33)) -> Lupi Leali | AC33: =IF($C33="","","[Girone "&IFERROR(INDEX(Campionato!$E$14:$E$23,MATCH($C33,Campionato!$B$14:$B$23,0)),"?")&"]") -> [Girone A]
B34: =IF(I34="","",HYPERLINK(VLOOKUP(I34,Campionato!$B$27:$D$45,3,FALSE),VLOOKUP(I34,Campionato!$B$27:$D$45,2,FALSE))) -> PalaCobra, Via dello Sport 3, Cobraopoli CI | I34: A03
A35: Gara N. | B35: Squadra A | D35: Squadra B | F35: Giorno | G35: Data | H35: Ora | J35: Risultato
A36: =MAX(A$10:A35)+1 -> 9 | B36: =IF(C36="","",IFERROR(VLOOKUP(C36,Campionato!$B$14:$H$23,7,FALSE),"")) -> Ermellini Eleganti | C36: A05 | D36: =IF(E36="","",IFERROR(VLOOKUP(E36,Campionato!$B$14:$H$23,7,FALSE),"")) -> Ibis Instancabili | E36: A08 | F36: 46320.667 | J36: 59 | K36: - | L36: 50 | M36: =IF($B36="","(Squadra A)",$B36) -> Ermellini Eleganti | N36: =IF($J36+$L36=0,,IF($J36>$L36,1,0)) -> 1 | O36: =IF($J36+$L36=0,,IF($J36<$L36,IF($J36&"-"&$L36=MID(Campionato!$D$10,FIND("-",Campionato!$D$10)+1,LEN(Campionato!$D$10))&"-"&LEFT(Campionato!$D$10,FIND("-",Campionato!$D$10)-1),1,0),0)) -> 0 | P36: =IF($J36+$L36=0,,IF($J36<$L36,IF($J36&"-"&$L36<>MID(Campionato!$D$10,FIND("-",Campionato!$D$10)+1,LEN(Campionato!$D$10))&"-"&LEFT(Campionato!$D$10,FIND("-",Campionato!$D$10)-1),1,0),0)) -> 0 | Q36: =IF($J36+$L36=0,,$J36) -> 59 | R36: =IF($J36+$L36=0,,$L36) -> 50 | S36: =IF($J36+$L36=0,,$J36-$L36) -> 9 | T36: =IF($D36="","(Squadra B)",$D36) -> Ibis Instancabili | U36: =IF($J36+$L36=0,,IF($L36>$J36,1,0)) -> 0 | V36: =IF($J36+$L36=0,,IF($L36<$J36,IF($J36&"-"&$L36=Campionato!$D$10,1,0),0)) -> 0 | W36: =IF($J36+$L36=0,,IF($L36<$J36,IF($J36&"-"&$L36<>Campionato!$D$10,1,0),0)) -> 1 | X36: =IF($J36+$L36=0,,$L36) -> 50 | Y36: =IF($J36+$L36=0,,$J36) -> 59 | Z36: =IF($J36+$L36=0,,$L36-$J36) -> -9 | AA36: =IF($J36+$L36=0,"(Vincente)",IF($J36>$L36,$B36,$D36)) -> Ermellini Eleganti | AB36: =IF($J36+$L36=0,"(Perdente)",IF($J36<$L36,$B36,$D36)) -> Ibis Instancabili | AC36: =IF($C36="","","[Girone "&IFERROR(INDEX(Campionato!$E$14:$E$23,MATCH($C36,Campionato!$B$14:$B$23,0)),"?")&"]") -> [Girone A]
B37: =IF(I37="","",HYPERLINK(VLOOKUP(I37,Campionato!$B$27:$D$45,3,FALSE),VLOOKUP(I37,Campionato!$B$27:$D$45,2,FALSE))) -> PalaCobra, Via dello Sport 3, Cobraopoli CI | I37: A03
A38: Gara N. | B38: Squadra A | D38: Squadra B | F38: Giorno | G38: Data | H38: Ora | J38: Risultato
A39: =MAX(A$10:A38)+1 -> 10 | B39: =IF(C39="","",IFERROR(VLOOKUP(C39,Campionato!$B$14:$H$23,7,FALSE),"")) -> Gazzelle Gentili | C39: A07 | D39: =IF(E39="","",IFERROR(VLOOKUP(E39,Campionato!$B$14:$H$23,7,FALSE),"")) -> Falchi Feroci | E39: A06 | F39: 46320.729 | J39: 69 | K39: - | L39: 73 | M39: =IF($B39="","(Squadra A)",$B39) -> Gazzelle Gentili | N39: =IF($J39+$L39=0,,IF($J39>$L39,1,0)) -> 0 | O39: =IF($J39+$L39=0,,IF($J39<$L39,IF($J39&"-"&$L39=MID(Campionato!$D$10,FIND("-",Campionato!$D$10)+1,LEN(Campionato!$D$10))&"-"&LEFT(Campionato!$D$10,FIND("-",Campionato!$D$10)-1),1,0),0)) -> 0 | P39: =IF($J39+$L39=0,,IF($J39<$L39,IF($J39&"-"&$L39<>MID(Campionato!$D$10,FIND("-",Campionato!$D$10)+1,LEN(Campionato!$D$10))&"-"&LEFT(Campionato!$D$10,FIND("-",Campionato!$D$10)-1),1,0),0)) -> 1 | Q39: =IF($J39+$L39=0,,$J39) -> 69 | R39: =IF($J39+$L39=0,,$L39) -> 73 | S39: =IF($J39+$L39=0,,$J39-$L39) -> -4 | T39: =IF($D39="","(Squadra B)",$D39) -> Falchi Feroci | U39: =IF($J39+$L39=0,,IF($L39>$J39,1,0)) -> 1 | V39: =IF($J39+$L39=0,,IF($L39<$J39,IF($J39&"-"&$L39=Campionato!$D$10,1,0),0)) -> 0 | W39: =IF($J39+$L39=0,,IF($L39<$J39,IF($J39&"-"&$L39<>Campionato!$D$10,1,0),0)) -> 0 | X39: =IF($J39+$L39=0,,$L39) -> 73 | Y39: =IF($J39+$L39=0,,$J39) -> 69 | Z39: =IF($J39+$L39=0,,$L39-$J39) -> 4 | AA39: =IF($J39+$L39=0,"(Vincente)",IF($J39>$L39,$B39,$D39)) -> Falchi Feroci | AB39: =IF($J39+$L39=0,"(Perdente)",IF($J39<$L39,$B39,$D39)) -> Gazzelle Gentili | AC39: =IF($C39="","","[Girone "&IFERROR(INDEX(Campionato!$E$14:$E$23,MATCH($C39,Campionato!$B$14:$B$23,0)),"?")&"]") -> [Girone A]
B40: =IF(I40="","",HYPERLINK(VLOOKUP(I40,Campionato!$B$27:$D$45,3,FALSE),VLOOKUP(I40,Campionato!$B$27:$D$45,2,FALSE))) -> PalaCobra, Via dello Sport 3, Cobraopoli CI | I40: A03
A42: 3A | B42: ="GIORNATA "&ROMAN(VALUE(LEFT(A42,LEN(A42)-1)))&" - GIRONE "&UPPER($O$3) -> GIORNATA III - GIRONE GOLD
A43: Gara N. | B43: Squadra A | D43: Squadra B | F43: Giorno | G43: Data | H43: Ora | J43: Risultato
A44: =MAX(A$10:A43)+1 -> 11 | B44: =IF(C44="","",IFERROR(VLOOKUP(C44,Campionato!$B$14:$H$23,7,FALSE),"")) -> Ermellini Eleganti | C44: A05 | D44: =IF(E44="","",IFERROR(VLOOKUP(E44,Campionato!$B$14:$H$23,7,FALSE),"")) -> Anaconde Audaci | E44: A01 | F44: 46327.396 | J44: 59 | K44: - | L44: 70 | M44: =IF($B44="","(Squadra A)",$B44) -> Ermellini Eleganti | N44: =IF($J44+$L44=0,,IF($J44>$L44,1,0)) -> 0 | O44: =IF($J44+$L44=0,,IF($J44<$L44,IF($J44&"-"&$L44=MID(Campionato!$D$10,FIND("-",Campionato!$D$10)+1,LEN(Campionato!$D$10))&"-"&LEFT(Campionato!$D$10,FIND("-",Campionato!$D$10)-1),1,0),0)) -> 0 | P44: =IF($J44+$L44=0,,IF($J44<$L44,IF($J44&"-"&$L44<>MID(Campionato!$D$10,FIND("-",Campionato!$D$10)+1,LEN(Campionato!$D$10))&"-"&LEFT(Campionato!$D$10,FIND("-",Campionato!$D$10)-1),1,0),0)) -> 1 | Q44: =IF($J44+$L44=0,,$J44) -> 59 | R44: =IF($J44+$L44=0,,$L44) -> 70 | S44: =IF($J44+$L44=0,,$J44-$L44) -> -11 | T44: =IF($D44="","(Squadra B)",$D44) -> Anaconde Audaci | U44: =IF($J44+$L44=0,,IF($L44>$J44,1,0)) -> 1 | V44: =IF($J44+$L44=0,,IF($L44<$J44,IF($J44&"-"&$L44=Campionato!$D$10,1,0),0)) -> 0 | W44: =IF($J44+$L44=0,,IF($L44<$J44,IF($J44&"-"&$L44<>Campionato!$D$10,1,0),0)) -> 0 | X44: =IF($J44+$L44=0,,$L44) -> 70 | Y44: =IF($J44+$L44=0,,$J44) -> 59 | Z44: =IF($J44+$L44=0,,$L44-$J44) -> 11 | AA44: =IF($J44+$L44=0,"(Vincente)",IF($J44>$L44,$B44,$D44)) -> Anaconde Audaci | AB44: =IF($J44+$L44=0,"(Perdente)",IF($J44<$L44,$B44,$D44)) -> Ermellini Eleganti | AC44: =IF($C44="","","[Girone "&IFERROR(INDEX(Campionato!$E$14:$E$23,MATCH($C44,Campionato!$B$14:$B$23,0)),"?")&"]") -> [Girone A]
B45: =IF(I45="","",HYPERLINK(VLOOKUP(I45,Campionato!$B$27:$D$45,3,FALSE),VLOOKUP(I45,Campionato!$B$27:$D$45,2,FALSE))) -> PalaErmellini, Via dello Sport 5, Ermelliniopoli EU | I45: A05
A46: Gara N. | B46: Squadra A | D46: Squadra B | F46: Giorno | G46: Data | H46: Ora | J46: Risultato
A47: =MAX(A$10:A46)+1 -> 12 | B47: =IF(C47="","",IFERROR(VLOOKUP(C47,Campionato!$B$14:$H$23,7,FALSE),"")) -> Cobra Celeri | C47: A03 | D47: =IF(E47="","",IFERROR(VLOOKUP(E47,Campionato!$B$14:$H$23,7,FALSE),"")) -> Marmotte Mobili | E47: A10 | F47: 46327.458 | J47: 78 | K47: - | L47: 68 | M47: =IF($B47="","(Squadra A)",$B47) -> Cobra Celeri | N47: =IF($J47+$L47=0,,IF($J47>$L47,1,0)) -> 1 | O47: =IF($J47+$L47=0,,IF($J47<$L47,IF($J47&"-"&$L47=MID(Campionato!$D$10,FIND("-",Campionato!$D$10)+1,LEN(Campionato!$D$10))&"-"&LEFT(Campionato!$D$10,FIND("-",Campionato!$D$10)-1),1,0),0)) -> 0 | P47: =IF($J47+$L47=0,,IF($J47<$L47,IF($J47&"-"&$L47<>MID(Campionato!$D$10,FIND("-",Campionato!$D$10)+1,LEN(Campionato!$D$10))&"-"&LEFT(Campionato!$D$10,FIND("-",Campionato!$D$10)-1),1,0),0)) -> 0 | Q47: =IF($J47+$L47=0,,$J47) -> 78 | R47: =IF($J47+$L47=0,,$L47) -> 68 | S47: =IF($J47+$L47=0,,$J47-$L47) -> 10 | T47: =IF($D47="","(Squadra B)",$D47) -> Marmotte Mobili | U47: =IF($J47+$L47=0,,IF($L47>$J47,1,0)) -> 0 | V47: =IF($J47+$L47=0,,IF($L47<$J47,IF($J47&"-"&$L47=Campionato!$D$10,1,0),0)) -> 0 | W47: =IF($J47+$L47=0,,IF($L47<$J47,IF($J47&"-"&$L47<>Campionato!$D$10,1,0),0)) -> 1 | X47: =IF($J47+$L47=0,,$L47) -> 68 | Y47: =IF($J47+$L47=0,,$J47) -> 78 | Z47: =IF($J47+$L47=0,,$L47-$J47) -> -10 | AA47: =IF($J47+$L47=0,"(Vincente)",IF($J47>$L47,$B47,$D47)) -> Cobra Celeri | AB47: =IF($J47+$L47=0,"(Perdente)",IF($J47<$L47,$B47,$D47)) -> Marmotte Mobili | AC47: =IF($C47="","","[Girone "&IFERROR(INDEX(Campionato!$E$14:$E$23,MATCH($C47,Campionato!$B$14:$B$23,0)),"?")&"]") -> [Girone A]
B48: =IF(I48="","",HYPERLINK(VLOOKUP(I48,Campionato!$B$27:$D$45,3,FALSE),VLOOKUP(I48,Campionato!$B$27:$D$45,2,FALSE))) -> PalaErmellini, Via dello Sport 5, Ermelliniopoli EU | I48: A05
A49: Gara N. | B49: Squadra A | D49: Squadra B | F49: Giorno | G49: Data | H49: Ora | J49: Risultato
A50: =MAX(A$10:A49)+1 -> 13 | B50: =IF(C50="","",IFERROR(VLOOKUP(C50,Campionato!$B$14:$H$23,7,FALSE),"")) -> Bufali Belligeranti | C50: A02 | D50: =IF(E50="","",IFERROR(VLOOKUP(E50,Campionato!$B$14:$H$23,7,FALSE),"")) -> Dingo Docili | E50: A04 | F50: 46327.604 | J50: 42 | K50: - | L50: 61 | M50: =IF($B50="","(Squadra A)",$B50) -> Bufali Belligeranti | N50: =IF($J50+$L50=0,,IF($J50>$L50,1,0)) -> 0 | O50: =IF($J50+$L50=0,,IF($J50<$L50,IF($J50&"-"&$L50=MID(Campionato!$D$10,FIND("-",Campionato!$D$10)+1,LEN(Campionato!$D$10))&"-"&LEFT(Campionato!$D$10,FIND("-",Campionato!$D$10)-1),1,0),0)) -> 0 | P50: =IF($J50+$L50=0,,IF($J50<$L50,IF($J50&"-"&$L50<>MID(Campionato!$D$10,FIND("-",Campionato!$D$10)+1,LEN(Campionato!$D$10))&"-"&LEFT(Campionato!$D$10,FIND("-",Campionato!$D$10)-1),1,0),0)) -> 1 | Q50: =IF($J50+$L50=0,,$J50) -> 42 | R50: =IF($J50+$L50=0,,$L50) -> 61 | S50: =IF($J50+$L50=0,,$J50-$L50) -> -19 | T50: =IF($D50="","(Squadra B)",$D50) -> Dingo Docili | U50: =IF($J50+$L50=0,,IF($L50>$J50,1,0)) -> 1 | V50: =IF($J50+$L50=0,,IF($L50<$J50,IF($J50&"-"&$L50=Campionato!$D$10,1,0),0)) -> 0 | W50: =IF($J50+$L50=0,,IF($L50<$J50,IF($J50&"-"&$L50<>Campionato!$D$10,1,0),0)) -> 0 | X50: =IF($J50+$L50=0,,$L50) -> 61 | Y50: =IF($J50+$L50=0,,$J50) -> 42 | Z50: =IF($J50+$L50=0,,$L50-$J50) -> 19 | AA50: =IF($J50+$L50=0,"(Vincente)",IF($J50>$L50,$B50,$D50)) -> Dingo Docili | AB50: =IF($J50+$L50=0,"(Perdente)",IF($J50<$L50,$B50,$D50)) -> Bufali Belligeranti | AC50: =IF($C50="","","[Girone "&IFERROR(INDEX(Campionato!$E$14:$E$23,MATCH($C50,Campionato!$B$14:$B$23,0)),"?")&"]") -> [Girone A]
B51: =IF(I51="","",HYPERLINK(VLOOKUP(I51,Campionato!$B$27:$D$45,3,FALSE),VLOOKUP(I51,Campionato!$B$27:$D$45,2,FALSE))) -> PalaErmellini, Via dello Sport 5, Ermelliniopoli EU | I51: A05
A52: Gara N. | B52: Squadra A | D52: Squadra B | F52: Giorno | G52: Data | H52: Ora | J52: Risultato
A53: =MAX(A$10:A52)+1 -> 14 | B53: =IF(C53="","",IFERROR(VLOOKUP(C53,Campionato!$B$14:$H$23,7,FALSE),"")) -> Lupi Leali | C53: A09 | D53: =IF(E53="","",IFERROR(VLOOKUP(E53,Campionato!$B$14:$H$23,7,FALSE),"")) -> Falchi Feroci | E53: A06 | F53: 46327.667 | J53: 50 | K53: - | L53: 55 | M53: =IF($B53="","(Squadra A)",$B53) -> Lupi Leali | N53: =IF($J53+$L53=0,,IF($J53>$L53,1,0)) -> 0 | O53: =IF($J53+$L53=0,,IF($J53<$L53,IF($J53&"-"&$L53=MID(Campionato!$D$10,FIND("-",Campionato!$D$10)+1,LEN(Campionato!$D$10))&"-"&LEFT(Campionato!$D$10,FIND("-",Campionato!$D$10)-1),1,0),0)) -> 0 | P53: =IF($J53+$L53=0,,IF($J53<$L53,IF($J53&"-"&$L53<>MID(Campionato!$D$10,FIND("-",Campionato!$D$10)+1,LEN(Campionato!$D$10))&"-"&LEFT(Campionato!$D$10,FIND("-",Campionato!$D$10)-1),1,0),0)) -> 1 | Q53: =IF($J53+$L53=0,,$J53) -> 50 | R53: =IF($J53+$L53=0,,$L53) -> 55 | S53: =IF($J53+$L53=0,,$J53-$L53) -> -5 | T53: =IF($D53="","(Squadra B)",$D53) -> Falchi Feroci | U53: =IF($J53+$L53=0,,IF($L53>$J53,1,0)) -> 1 | V53: =IF($J53+$L53=0,,IF($L53<$J53,IF($J53&"-"&$L53=Campionato!$D$10,1,0),0)) -> 0 | W53: =IF($J53+$L53=0,,IF($L53<$J53,IF($J53&"-"&$L53<>Campionato!$D$10,1,0),0)) -> 0 | X53: =IF($J53+$L53=0,,$L53) -> 55 | Y53: =IF($J53+$L53=0,,$J53) -> 50 | Z53: =IF($J53+$L53=0,,$L53-$J53) -> 5 | AA53: =IF($J53+$L53=0,"(Vincente)",IF($J53>$L53,$B53,$D53)) -> Falchi Feroci | AB53: =IF($J53+$L53=0,"(Perdente)",IF($J53<$L53,$B53,$D53)) -> Lupi Leali | AC53: =IF($C53="","","[Girone "&IFERROR(INDEX(Campionato!$E$14:$E$23,MATCH($C53,Campionato!$B$14:$B$23,0)),"?")&"]") -> [Girone A]
B54: =IF(I54="","",HYPERLINK(VLOOKUP(I54,Campionato!$B$27:$D$45,3,FALSE),VLOOKUP(I54,Campionato!$B$27:$D$45,2,FALSE))) -> PalaErmellini, Via dello Sport 5, Ermelliniopoli EU | I54: A05
A55: Gara N. | B55: Squadra A | D55: Squadra B | F55: Giorno | G55: Data | H55: Ora | J55: Risultato
